ID,Year_Birth,Education,Marital_Status,Income,Kidhome,Teenhome,Dt_Customer,Age,Age_Group,Recency,Complain, MntWines , MntFruits , MntMeatProducts , MntFishProducts , MntSweetProducts , MntGoldProds ,NumDealsPurchases,AcceptedCmp1,AcceptedCmp2,AcceptedCmp3,AcceptedCmp4,AcceptedCmp5,Response,Response_Total,NumWebPurchases,NumCatalogPurchases,NumStorePurchases,NumWebVisitsMonth,,
0,1985,Graduation,Married,"$70,951.00 ",0,0,4/5/13,41,36-45,66,0,$239.00 ,$10.00 ,$554.00 ,$254.00 ,$87.00 ,$54.00 ,1,0,0,0,0,0,0,0,3,4,9,1,,
1,1961,Graduation,Single,"$57,091.00 ",0,0,6/15/14,65,56+,0,0,$464.00 ,$5.00 ,$64.00 ,$7.00 , $-   ,$37.00 ,1,0,1,0,0,0,1,2,7,3,7,5,,
9,1975,Master,Single,"$46,098.00 ",1,1,8/18/12,51,46-55,86,0,$57.00 , $-   ,$27.00 , $-   , $-   ,$36.00 ,4,0,0,0,0,0,0,0,3,2,2,8,,
13,1947,PhD,Widow,"$25,358.00 ",0,1,7/22/13,79,56+,57,0,$19.00 , $-   ,$5.00 , $-   , $-   ,$8.00 ,2,0,0,0,0,0,0,0,1,0,3,6,,
17,1971,PhD,Married,"$60,491.00 ",0,1,6/9/13,55,46-55,81,0,$637.00 ,$47.00 ,$237.00 ,$12.00 ,$19.00 ,$76.00 ,4,0,0,0,0,0,0,0,6,11,7,5,,
20,1965,2n Cycle,Married,"$46,891.00 ",0,1,1/9/13,61,56+,91,0,$43.00 ,$12.00 ,$23.00 ,$29.00 ,$15.00 ,$61.00 ,1,0,0,0,0,0,0,0,2,1,4,4,,
22,1976,Graduation,Divorced,"$46,310.00 ",1,0,3/12/12,50,46-55,99,0,$185.00 ,$2.00 ,$88.00 ,$15.00 ,$5.00 ,$14.00 ,2,0,0,0,0,0,0,0,6,1,5,8,,
24,1960,Master,Together,"$17,144.00 ",1,1,2/15/14,66,56+,96,0,$18.00 ,$2.00 ,$19.00 , $-   ,$2.00 ,$6.00 ,5,0,0,0,0,0,0,0,3,0,4,7,,
25,1958,Graduation,Married,"$65,148.00 ",0,1,11/16/12,68,56+,9,0,$460.00 ,$35.00 ,$422.00 ,$33.00 ,$12.00 ,$153.00 ,2,0,0,0,0,0,0,0,6,6,7,4,,
35,1987,Graduation,Married,"$25,545.00 ",1,0,8/9/12,39,36-45,35,0,$32.00 ,$1.00 ,$64.00 ,$16.00 ,$12.00 ,$85.00 ,3,0,0,0,0,0,1,1,2,2,3,6,,
48,1964,Graduation,Together,"$55,761.00 ",0,1,4/24/14,62,56+,97,0,$136.00 ,$1.00 ,$12.00 , $-   ,$3.00 ,$32.00 ,2,0,0,0,1,0,0,1,4,1,3,6,,
49,1970,Graduation,Single,"$20,587.00 ",1,0,11/5/14,56,56+,39,0,$2.00 ,$3.00 ,$6.00 ,$4.00 ,$1.00 ,$9.00 ,1,0,0,0,0,0,0,0,1,1,2,7,,
55,1963,Graduation,Together,"$56,253.00 ",0,1,7/12/12,63,56+,83,0,$509.00 , $-   ,$65.00 ,$7.00 ,$11.00 ,$5.00 ,4,0,0,0,0,0,0,0,7,2,9,6,,
67,1972,Master,Single,"$46,423.00 ",1,1,9/18/13,54,46-55,6,0,$68.00 , $-   ,$16.00 , $-   , $-   ,$8.00 ,3,0,0,0,0,0,0,0,2,0,4,7,,
73,1953,PhD,Single,"$51,411.00 ",1,2,5/26/13,73,56+,81,0,$14.00 , $-   ,$3.00 , $-   , $-   ,$1.00 ,1,0,0,0,0,0,0,0,0,0,3,5,,
75,1982,2n Cycle,Together,"$41,039.00 ",0,0,7/25/13,44,36-45,32,0,$34.00 ,$11.00 ,$137.00 ,$179.00 ,$61.00 ,$45.00 ,1,0,0,0,0,0,0,0,8,1,5,8,,
78,1969,Graduation,Married,"$25,293.00 ",1,0,9/15/13,57,56+,51,0,$15.00 , $-   ,$11.00 , $-   ,$2.00 ,$9.00 ,1,0,0,0,0,0,0,0,1,1,2,8,,
87,1981,2n Cycle,Married,"$27,733.00 ",1,0,8/26/13,45,36-45,16,0, $-   ,$7.00 ,$5.00 ,$26.00 ,$2.00 ,$17.00 ,2,0,0,0,0,0,0,0,2,0,3,7,,
89,1975,2n Cycle,Married,"$22,212.00 ",1,0,9/12/13,51,46-55,49,0,$5.00 ,$9.00 ,$20.00 ,$6.00 ,$8.00 ,$21.00 ,2,0,0,0,0,0,0,0,2,0,4,6,,
92,1988,Graduation,Single,"$34,176.00 ",1,0,12/5/14,38,36-45,12,0,$5.00 ,$7.00 ,$24.00 ,$19.00 ,$14.00 ,$20.00 ,4,0,0,0,0,0,0,0,3,0,4,6,,
113,1951,Graduation,Married,"$30,833.00 ",1,1,7/16/13,75,56+,33,0,$11.00 , $-   ,$7.00 ,$3.00 ,$1.00 ,$6.00 ,2,0,0,0,0,0,0,0,1,0,3,5,,
115,1966,Master,Single,"$43,456.00 ",0,1,3/26/13,60,56+,0,0,$275.00 ,$11.00 ,$68.00 ,$25.00 ,$7.00 ,$7.00 ,3,0,0,0,0,0,0,0,5,1,8,5,,
123,1951,Graduation,Widow,"$67,046.00 ",0,1,6/1/13,75,56+,92,0,$544.00 ,$35.00 ,$133.00 ,$23.00 ,$151.00 ,$107.00 ,2,0,0,0,0,0,0,0,4,5,4,2,,
125,1958,2n Cycle,Together,"$53,083.00 ",1,1,5/15/13,68,56+,65,0,$215.00 ,$7.00 ,$33.00 ,$3.00 , $-   ,$13.00 ,6,0,0,0,1,0,0,1,5,1,5,7,,
143,1970,Graduation,Single,"$61,209.00 ",0,0,8/25/13,56,56+,73,0,$466.00 , $-   ,$224.00 ,$119.00 ,$49.00 ,$99.00 ,1,0,0,0,0,0,0,0,5,3,4,2,,
146,1960,PhD,Single,"$76,045.00 ",0,0,11/15/13,66,56+,78,0,$760.00 ,$53.00 ,$400.00 ,$17.00 ,$93.00 , $-   ,1,1,0,0,0,0,0,1,4,5,11,2,,
153,1953,Graduation,Divorced,"$23,272.00 ",0,0,10/17/13,73,56+,29,0,$19.00 ,$3.00 ,$6.00 ,$4.00 ,$2.00 ,$12.00 ,1,0,0,0,0,0,0,0,1,0,3,4,,
158,1945,PhD,Together,"$71,604.00 ",0,0,11/17/13,81,56+,3,0,$345.00 ,$53.00 ,$528.00 ,$98.00 ,$75.00 ,$97.00 ,1,0,0,1,0,0,1,2,8,3,5,4,,
164,1977,PhD,Married,"$28,973.00 ",0,0,10/13/12,49,46-55,59,0,$206.00 , $-   ,$46.00 ,$3.00 ,$2.00 ,$12.00 ,2,0,0,0,0,0,0,0,5,1,5,8,,
175,1986,Graduation,Married,"$71,952.00 ",1,0,10/1/13,40,36-45,93,0,$656.00 ,$80.00 ,$455.00 ,$52.00 ,$107.00 ,$93.00 ,2,0,0,1,0,1,0,2,8,4,8,4,,
176,1980,2n Cycle,Single,"$67,506.00 ",0,1,2/1/14,46,46-55,73,0,$90.00 ,$38.00 ,$67.00 ,$33.00 ,$36.00 ,$67.00 ,1,0,0,0,0,0,0,0,4,1,6,3,,
178,1956,Graduation,Married,"$62,503.00 ",0,1,2/18/13,70,56+,40,0,$478.00 , $-   ,$193.00 ,$110.00 ,$75.00 ,$117.00 ,4,0,0,0,0,0,0,0,8,3,11,5,,
182,1946,PhD,Together,"$44,124.00 ",0,1,11/5/13,80,56+,62,0,$284.00 , $-   ,$55.00 , $-   ,$6.00 ,$52.00 ,4,0,0,0,0,0,0,0,6,2,5,8,,
193,1996,Basic,Married,"$14,421.00 ",0,0,2/17/14,30,26-35,81,0, $-   , $-   ,$2.00 ,$3.00 ,$3.00 ,$8.00 ,1,0,0,1,0,0,0,1,1,0,2,5,,
194,1965,Graduation,Married,"$48,006.00 ",1,1,9/6/14,61,56+,55,0,$23.00 , $-   ,$11.00 ,$3.00 ,$2.00 ,$2.00 ,1,0,0,0,0,0,0,0,1,0,3,6,,
195,1972,Graduation,Single,"$38,808.00 ",1,0,8/26/12,54,46-55,21,0,$125.00 ,$17.00 ,$52.00 ,$3.00 ,$19.00 ,$30.00 ,4,0,0,1,0,0,1,2,5,1,4,8,,
199,1962,Master,Single,"$45,183.00 ",0,0,1/20/13,64,56+,33,0,$219.00 ,$3.00 ,$60.00 ,$12.00 ,$9.00 ,$12.00 ,1,0,0,0,1,0,0,1,4,1,7,7,,
202,1948,PhD,Widow,"$82,032.00 ",0,0,5/4/14,78,56+,54,0,$332.00 ,$194.00 ,$377.00 ,$149.00 ,$125.00 ,$57.00 ,0,0,0,0,0,0,0,0,4,6,7,1,,
203,1975,Master,Single,"$81,169.00 ",0,0,4/14/13,51,46-55,47,0,"$1,288.00 ",$20.00 ,$613.00 ,$80.00 ,$61.00 ,$27.00 ,1,0,0,0,0,0,0,0,5,7,9,2,,
213,1963,PhD,Single,"$23,091.00 ",1,1,5/28/14,63,56+,98,0,$35.00 , $-   ,$11.00 , $-   , $-   ,$2.00 ,4,0,0,0,0,0,0,0,2,1,3,7,,
217,1956,Master,Single,"$64,857.00 ",0,0,11/23/12,70,56+,78,0,$556.00 ,$14.00 ,$717.00 ,$210.00 , $-   ,$43.00 ,1,0,0,0,0,0,0,0,7,5,10,4,,
221,1955,Graduation,Married,"$48,726.00 ",0,1,4/27/13,71,56+,90,0,$138.00 ,$3.00 ,$38.00 ,$4.00 , $-   ,$59.00 ,3,0,0,0,0,0,0,0,3,2,4,6,,
231,1956,Master,Together,"$28,839.00 ",1,1,11/3/14,70,56+,86,0,$24.00 , $-   ,$7.00 , $-   , $-   ,$1.00 ,2,0,0,0,0,0,0,0,2,0,3,5,,
232,1965,Graduation,Single,"$61,559.00 ",0,1,7/17/13,61,56+,8,0,$279.00 ,$83.00 ,$88.00 ,$32.00 ,$14.00 ,$34.00 ,1,0,0,0,0,0,0,0,4,2,10,3,,
234,1979,Graduation,Divorced,"$15,287.00 ",1,0,10/10/12,47,46-55,60,0,$1.00 ,$2.00 ,$8.00 ,$4.00 ,$3.00 ,$13.00 ,2,0,0,1,0,0,1,2,1,1,2,7,,
236,1951,Graduation,Married,"$34,838.00 ",1,1,1/19/13,75,56+,62,0,$28.00 ,$23.00 ,$29.00 ,$29.00 ,$14.00 ,$47.00 ,3,0,0,0,0,0,0,0,2,1,4,6,,
238,1967,2n Cycle,Together,"$67,309.00 ",1,1,1/23/13,59,56+,76,0,$515.00 ,$47.00 ,$181.00 ,$149.00 ,$95.00 ,$95.00 ,15,0,0,0,0,0,0,0,9,6,9,7,,
241,1952,Graduation,Together,"$83,844.00 ",0,0,12/5/13,74,56+,57,0,$901.00 ,$31.00 ,$345.00 ,$75.00 ,$31.00 ,$191.00 ,1,0,0,0,0,1,0,1,4,4,11,1,,
246,1965,Graduation,Married,"$66,480.00 ",1,1,5/31/14,61,56+,71,0,$199.00 ,$9.00 ,$57.00 ,$20.00 ,$21.00 ,$6.00 ,7,0,0,0,0,0,0,0,4,1,7,4,,
247,1971,Graduation,Married,"$36,715.00 ",1,0,11/17/12,55,46-55,16,0,$172.00 ,$10.00 ,$125.00 ,$21.00 ,$13.00 ,$16.00 ,6,0,0,0,0,0,1,1,7,2,4,9,,
252,1963,PhD,Divorced,"$41,003.00 ",0,0,3/17/13,63,56+,11,0,$123.00 ,$133.00 ,$142.00 ,$71.00 ,$44.00 ,$88.00 ,1,0,0,0,0,0,0,0,6,2,8,6,,
254,1955,Graduation,Together,"$53,863.00 ",0,1,5/17/14,71,56+,4,0,$399.00 ,$4.00 ,$30.00 ,$6.00 ,$4.00 ,$30.00 ,3,0,0,0,1,0,0,1,7,1,7,7,,
255,1951,Graduation,Divorced,"$22,263.00 ",1,1,3/30/14,75,56+,31,1,$17.00 , $-   ,$2.00 , $-   , $-   ,$2.00 ,2,0,0,0,0,0,0,0,1,0,3,6,,
257,1959,PhD,Married,"$75,032.00 ",0,1,4/28/13,67,56+,74,0,$952.00 ,$12.00 ,$180.00 ,$47.00 ,$12.00 ,$12.00 ,2,0,0,0,0,0,0,0,5,4,9,3,,
263,1945,PhD,Single,"$45,576.00 ",0,0,5/28/14,81,56+,9,0,$56.00 ,$19.00 ,$29.00 ,$2.00 ,$14.00 ,$25.00 ,1,0,0,0,0,0,1,1,3,1,3,8,,
269,1963,PhD,Single,"$46,757.00 ",0,1,11/16/12,63,56+,71,0,$777.00 ,$30.00 ,$163.00 , $-   ,$51.00 ,$122.00 ,6,0,0,0,0,0,0,0,4,4,7,9,,
271,1969,Graduation,Widow,"$40,590.00 ",1,1,2/10/13,57,56+,30,0,$154.00 , $-   ,$50.00 ,$6.00 ,$11.00 ,$37.00 ,5,0,0,1,0,0,0,1,3,4,3,6,,
273,1970,Master,Married,"$36,138.00 ",1,1,7/16/13,56,56+,48,0,$130.00 , $-   ,$16.00 , $-   , $-   ,$5.00 ,5,0,0,0,1,0,0,1,3,1,4,7,,
274,1973,Graduation,Single,"$34,853.00 ",1,1,12/23/13,53,46-55,75,0,$9.00 ,$3.00 ,$15.00 ,$2.00 ,$3.00 ,$2.00 ,2,0,0,0,0,0,0,0,2,0,3,6,,
286,1952,Graduation,Single,"$44,213.00 ",1,1,11/29/13,74,56+,48,0,$95.00 ,$11.00 ,$35.00 , $-   ,$4.00 ,$7.00 ,4,0,0,0,0,0,0,0,2,1,5,6,,
291,1970,Graduation,Married,"$72,940.00 ",0,0,6/19/13,56,56+,13,0,$182.00 ,$74.00 ,$298.00 ,$162.00 ,$149.00 ,$116.00 ,1,0,0,0,0,0,0,0,3,3,6,1,,
295,1989,Graduation,Single,"$81,217.00 ",0,0,7/19/13,37,36-45,77,0,$493.00 ,$70.00 ,$324.00 ,$146.00 ,$40.00 ,$84.00 ,1,0,0,0,0,0,0,0,3,7,11,1,,
304,1981,Master,Single,"$22,944.00 ",1,0,12/23/13,45,36-45,67,0,$19.00 ,$3.00 ,$19.00 ,$4.00 ,$5.00 ,$26.00 ,3,0,0,0,0,0,0,0,3,0,3,7,,
309,1961,PhD,Together,"$63,342.00 ",0,1,10/16/12,65,56+,48,0,$918.00 ,$21.00 ,$118.00 ,$13.00 ,$10.00 ,$21.00 ,3,0,0,0,1,0,0,1,8,3,5,6,,
310,1970,Master,Married,"$61,872.00 ",0,1,12/13/13,56,56+,81,0,$330.00 ,$5.00 ,$159.00 ,$36.00 ,$27.00 ,$16.00 ,4,0,0,0,0,0,0,0,4,4,9,4,,
313,1968,Graduation,Widow,"$73,455.00 ",0,0,10/28/13,58,56+,98,0,$901.00 ,$61.00 ,$757.00 ,$186.00 ,$163.00 ,$20.00 ,1,0,0,0,1,0,0,1,6,5,10,3,,
322,1978,Graduation,Together,"$42,554.00 ",1,1,12/1/13,48,46-55,93,0,$29.00 ,$1.00 ,$11.00 , $-   , $-   , $-   ,2,0,0,0,0,0,0,0,2,0,3,4,,
326,1973,Graduation,Married,"$51,148.00 ",1,1,2/18/13,53,46-55,38,0,$235.00 ,$6.00 ,$45.00 ,$8.00 ,$9.00 ,$12.00 ,4,0,0,0,0,0,0,0,5,1,6,6,,
332,1957,Graduation,Married,"$47,743.00 ",0,1,3/22/13,69,56+,56,0,$198.00 ,$2.00 ,$43.00 , $-   ,$12.00 ,$20.00 ,3,0,0,0,1,0,0,1,4,1,6,6,,
339,1972,PhD,Married,"$57,091.00 ",0,1,11/23/12,54,46-55,82,0,$462.00 , $-   ,$24.00 ,$6.00 , $-   ,$4.00 ,2,0,0,0,1,0,1,2,9,2,5,7,,
340,1970,Graduation,Divorced,"$72,967.00 ",0,1,12/15/12,56,56+,1,0,$158.00 ,$35.00 ,$179.00 , $-   , $-   ,$125.00 ,2,0,0,1,0,0,1,2,7,2,8,5,,
347,1976,Graduation,Divorced,"$40,780.00 ",0,1,8/9/12,50,46-55,30,0,$229.00 ,$27.00 ,$71.00 ,$13.00 ,$3.00 ,$34.00 ,4,0,0,0,0,0,0,0,7,1,5,9,,
359,1950,Graduation,Together,"$48,070.00 ",0,1,1/13/13,76,56+,33,1,$373.00 ,$14.00 ,$83.00 ,$6.00 ,$9.00 ,$19.00 ,3,0,0,0,0,0,0,0,8,2,6,7,,
361,1969,Master,Married,"$43,142.00 ",1,1,2/18/14,57,56+,84,0,$5.00 ,$1.00 ,$7.00 ,$2.00 ,$1.00 ,$4.00 ,1,0,0,0,0,0,0,0,1,0,2,7,,
367,1978,2n Cycle,Married,"$36,550.00 ",1,0,2/19/13,48,46-55,74,0,$47.00 ,$90.00 ,$94.00 ,$123.00 ,$103.00 ,$120.00 ,5,0,0,0,0,0,0,0,9,1,5,9,,
368,1974,Graduation,Married,"$40,049.00 ",0,1,11/29/12,52,46-55,61,0,$91.00 ,$65.00 ,$52.00 ,$10.00 ,$44.00 ,$28.00 ,3,0,0,0,0,0,0,0,3,2,6,5,,
375,1954,Graduation,Divorced,"$76,773.00 ",0,0,2/25/13,72,56+,79,0,$516.00 ,$56.00 ,$449.00 ,$86.00 ,$33.00 ,$16.00 ,1,0,0,0,0,0,0,0,2,2,11,1,,
378,1971,Graduation,Married,"$52,531.00 ",0,0,12/30/12,55,46-55,68,0,$283.00 ,$112.00 ,$151.00 ,$51.00 ,$72.00 ,$125.00 ,2,0,0,0,0,0,0,0,7,2,10,6,,
380,1954,Graduation,Divorced,"$64,497.00 ",0,1,10/9/12,72,56+,17,0,"$1,170.00 ",$48.00 ,$320.00 ,$42.00 ,$32.00 ,$192.00 ,5,0,0,1,0,0,1,2,11,4,9,8,,
387,1976,Basic,Married,"$7,500.00 ",0,0,11/13/12,50,46-55,59,0,$6.00 ,$16.00 ,$11.00 ,$11.00 ,$1.00 ,$16.00 ,1,0,0,0,0,0,0,0,2,0,3,8,,
405,1964,Graduation,Divorced,"$41,638.00 ",0,1,2/13/13,62,56+,68,0,$315.00 , $-   ,$31.00 ,$4.00 , $-   ,$91.00 ,4,0,0,1,0,0,0,1,5,5,3,8,,
425,1985,Graduation,Married,"$55,357.00 ",2,0,2/19/13,41,36-45,66,0,$374.00 ,$64.00 ,$116.00 ,$84.00 ,$25.00 ,$64.00 ,3,0,0,0,0,0,0,0,6,2,11,5,,
433,1958,Master,Single,"$61,331.00 ",1,1,10/3/13,68,56+,42,0,$534.00 ,$5.00 ,$47.00 , $-   ,$5.00 ,$41.00 ,5,0,0,0,0,0,0,0,11,1,6,8,,
437,1976,Master,Divorced,"$75,012.00 ",0,0,1/25/14,50,46-55,41,0,$294.00 ,$142.00 ,$218.00 ,$164.00 ,$58.00 ,$151.00 ,1,0,0,0,0,0,0,0,3,8,11,1,,
448,1978,PhD,Single,"$54,880.00 ",1,0,1/3/13,48,46-55,57,0,$308.00 ,$85.00 ,$137.00 ,$102.00 ,$45.00 ,$118.00 ,2,0,0,0,0,0,0,0,6,2,11,5,,
450,1958,Master,Together,"$42,315.00 ",0,1,12/7/13,68,56+,90,0,$67.00 ,$15.00 ,$80.00 ,$17.00 ,$11.00 ,$80.00 ,3,0,0,0,0,0,0,0,1,4,4,3,,
451,1989,Graduation,Single,"$9,255.00 ",1,0,12/20/13,37,36-45,91,0,$9.00 , $-   ,$7.00 ,$2.00 , $-   ,$4.00 ,1,0,0,0,0,0,0,0,1,1,2,8,,
453,1956,PhD,Widow,"$35,340.00 ",1,1,6/29/14,70,56+,1,0,$27.00 , $-   ,$12.00 , $-   ,$1.00 ,$5.00 ,2,0,0,0,0,0,0,0,2,0,3,5,,
454,1980,Graduation,Together,"$69,508.00 ",1,0,11/14/12,46,46-55,48,0,$824.00 ,$32.00 ,$162.00 ,$42.00 ,$32.00 ,$43.00 ,2,0,0,0,0,0,0,0,11,4,11,6,,
455,1946,PhD,Married,"$51,012.00 ",0,0,4/18/13,80,56+,86,0,$102.00 ,$9.00 ,$63.00 ,$2.00 ,$9.00 ,$24.00 ,1,0,0,0,0,0,0,0,4,1,4,6,,
456,1986,2n Cycle,Married,"$7,500.00 ",1,0,7/2/13,40,36-45,96,0,$1.00 ,$11.00 ,$5.00 ,$4.00 ,$6.00 ,$9.00 ,2,0,0,0,0,0,0,0,2,0,3,8,,
460,1972,PhD,Married,"$79,930.00 ",0,0,8/8/12,54,46-55,72,0,$792.00 ,$86.00 ,$740.00 ,$67.00 ,$51.00 ,$17.00 ,1,0,0,0,0,0,0,0,3,5,8,2,,
466,1944,Graduation,Married,"$65,275.00 ",0,0,3/4/13,82,56+,9,0,$388.00 ,$14.00 ,$218.00 ,$91.00 ,$14.00 ,$21.00 ,1,0,0,0,0,0,0,0,4,3,13,2,,
477,1986,Graduation,Married,"$83,512.00 ",0,0,6/17/14,40,36-45,31,0,"$1,060.00 ",$61.00 ,$835.00 ,$80.00 ,$20.00 ,$101.00 ,1,1,1,1,0,1,1,5,4,7,10,1,,
486,1988,Graduation,Married,"$84,219.00 ",0,0,2/2/14,38,36-45,27,0,$434.00 ,$137.00 ,$400.00 ,$45.00 ,$137.00 ,$45.00 ,1,0,0,0,0,0,0,0,3,4,10,1,,
498,1970,Graduation,Single,"$30,015.00 ",1,0,2/2/14,56,56+,28,0,$25.00 , $-   ,$22.00 ,$2.00 ,$3.00 ,$5.00 ,2,0,0,0,0,0,0,0,1,0,4,5,,
500,1977,Graduation,Together,"$96,876.00 ",0,0,6/8/13,49,46-55,79,0,$908.00 ,$43.00 ,$735.00 ,$40.00 ,$194.00 ,$21.00 ,1,1,0,0,1,1,1,4,7,7,9,2,,
503,1985,Master,Married,"$20,559.00 ",1,0,12/3/13,41,36-45,88,0,$13.00 ,$1.00 ,$29.00 ,$3.00 , $-   ,$7.00 ,2,0,0,0,0,0,0,0,2,0,3,8,,
520,1974,Graduation,Married,"$34,421.00 ",1,0,1/7/13,52,46-55,81,0,$3.00 ,$3.00 ,$7.00 ,$6.00 ,$2.00 ,$9.00 ,1,0,0,0,0,0,0,0,1,0,2,7,,
521,1985,Graduation,Together,"$54,006.00 ",1,0,9/18/12,41,36-45,42,0,$174.00 ,$77.00 ,$203.00 ,$6.00 ,$24.00 ,$97.00 ,2,0,0,0,0,0,0,0,8,1,7,7,,
523,1989,Graduation,Married,"$37,155.00 ",1,0,1/31/13,37,36-45,51,0,$23.00 , $-   ,$26.00 ,$7.00 ,$15.00 ,$3.00 ,1,0,0,0,0,0,0,0,2,0,4,5,,
524,1966,Basic,Together,"$22,634.00 ",0,0,1/16/13,60,56+,47,0,$2.00 ,$23.00 ,$11.00 ,$8.00 ,$6.00 ,$46.00 ,1,0,0,0,0,0,0,0,2,1,2,8,,
528,1978,Graduation,Married,"$65,819.00 ",0,0,11/29/12,48,46-55,99,0,$267.00 ,$38.00 ,$701.00 ,$149.00 ,$165.00 ,$63.00 ,1,0,0,0,0,0,0,0,5,4,10,3,,
531,1954,PhD,Divorced,"$57,333.00 ",0,1,9/22/12,72,56+,55,0,$941.00 ,$14.00 ,$397.00 ,$76.00 ,$58.00 ,$176.00 ,11,0,0,0,0,0,1,1,8,5,9,6,,
535,1987,Graduation,Divorced,"$81,361.00 ",0,0,2/25/14,39,36-45,18,0,$163.00 ,$23.00 ,$424.00 ,$27.00 ,$65.00 ,$76.00 ,1,0,0,0,0,0,0,0,3,10,13,1,,
538,1989,Graduation,Single,"$46,107.00 ",1,0,10/2/14,37,36-45,78,0,$31.00 ,$9.00 ,$27.00 ,$16.00 ,$9.00 ,$33.00 ,1,0,0,0,0,0,0,0,1,1,4,3,,
544,1954,Graduation,Married,"$62,820.00 ",0,0,11/5/13,72,56+,51,0,$398.00 ,$61.00 ,$265.00 ,$138.00 ,$61.00 ,$53.00 ,1,0,0,0,0,0,0,0,3,4,6,1,,
550,1952,Graduation,Divorced,"$62,335.00 ",0,1,5/23/13,74,56+,87,0,$243.00 ,$131.00 ,$217.00 ,$85.00 ,$6.00 ,$26.00 ,2,0,0,0,0,0,0,0,3,3,13,2,,
564,1981,PhD,Together,"$56,937.00 ",1,0,4/8/12,45,36-45,81,0,$746.00 ,$8.00 ,$125.00 ,$11.00 ,$8.00 ,$8.00 ,7,0,0,0,1,0,1,2,8,6,9,6,,
569,1991,Graduation,Single,"$90,273.00 ",0,0,12/14/13,35,26-35,32,0,$704.00 ,$129.00 ,$853.00 ,$120.00 ,$74.00 ,$111.00 ,1,1,0,0,1,1,1,4,5,6,7,2,,
574,1964,Graduation,Married,"$42,523.00 ",0,0,4/23/14,62,56+,96,0,$14.00 ,$36.00 ,$11.00 ,$3.00 ,$26.00 ,$35.00 ,1,0,0,0,0,0,0,0,1,1,4,2,,
577,1976,2n Cycle,Together,"$26,907.00 ",1,1,8/20/13,50,46-55,10,0,$9.00 ,$1.00 ,$7.00 , $-   ,$3.00 ,$2.00 ,2,0,0,0,0,0,0,0,1,0,3,7,,
590,1970,Master,Divorced,"$78,579.00 ",0,0,12/22/12,56,56+,35,0,$816.00 ,$66.00 ,$549.00 ,$216.00 ,$66.00 ,$99.00 ,1,0,0,0,0,0,1,1,5,6,4,3,,
591,1957,Graduation,Widow,"$66,033.00 ",0,1,1/20/13,69,56+,76,0,$293.00 ,$35.00 ,$179.00 ,$46.00 ,$59.00 ,$65.00 ,2,0,0,0,0,0,0,0,8,3,7,7,,
606,1967,Graduation,Single,"$25,930.00 ",1,1,10/10/13,59,56+,87,0,$6.00 ,$1.00 ,$2.00 ,$2.00 , $-   ,$4.00 ,1,0,0,0,0,0,0,0,1,0,2,7,,
607,1955,2n Cycle,Divorced,"$41,769.00 ",0,1,2/13/13,71,56+,31,0,$302.00 ,$29.00 ,$131.00 ,$32.00 , $-   ,$27.00 ,6,0,0,0,0,0,0,0,8,1,7,8,,
610,1953,PhD,Together,"$53,593.00 ",1,1,7/8/12,73,56+,60,0,$349.00 ,$4.00 ,$78.00 ,$6.00 , $-   ,$43.00 ,8,0,0,0,0,0,0,0,7,2,6,8,,
615,1960,Graduation,Together,"$30,507.00 ",0,0,11/3/13,66,56+,29,0,$65.00 ,$36.00 ,$74.00 ,$38.00 ,$20.00 ,$110.00 ,1,0,0,0,0,0,0,0,5,1,4,7,,
618,1977,PhD,Married,"$69,389.00 ",0,1,9/28/12,49,46-55,17,0,$422.00 ,$7.00 ,$238.00 ,$69.00 ,$46.00 ,$15.00 ,1,0,0,0,0,0,0,0,7,2,12,4,,
624,1984,Master,Single,"$18,890.00 ",0,0,10/11/12,42,36-45,5,0,$6.00 ,$4.00 ,$1.00 ,$7.00 ,$2.00 ,$15.00 ,1,0,0,1,0,0,1,2,0,1,2,6,,
626,1951,Graduation,Married,"$32,871.00 ",1,1,9/3/13,75,56+,28,0,$22.00 ,$2.00 ,$12.00 , $-   ,$2.00 ,$5.00 ,1,0,0,0,0,0,0,0,1,0,3,4,,
635,1966,Master,Married,"$57,183.00 ",1,1,3/19/13,60,56+,51,0,$464.00 ,$5.00 ,$64.00 ,$7.00 , $-   ,$70.00 ,8,0,0,0,0,0,0,0,9,1,7,8,,
640,1951,Graduation,Married,"$57,304.00 ",0,1,11/3/13,75,56+,61,0,$356.00 ,$80.00 ,$329.00 ,$138.00 ,$17.00 ,$106.00 ,2,0,0,0,0,0,0,0,7,6,10,5,,
641,1967,Graduation,Single,"$52,074.00 ",0,1,4/4/14,59,56+,77,0,$59.00 , $-   ,$12.00 , $-   , $-   ,$48.00 ,1,0,0,1,0,0,0,1,2,2,2,4,,
642,1980,Basic,Married,"$16,005.00 ",1,0,8/14/12,46,46-55,69,0,$1.00 ,$3.00 ,$2.00 ,$20.00 ,$30.00 ,$47.00 ,3,0,0,0,0,0,0,0,2,1,2,8,,
663,1989,PhD,Single,"$33,996.00 ",0,0,11/9/13,37,36-45,46,0,$40.00 ,$2.00 ,$15.00 ,$8.00 , $-   ,$6.00 ,1,0,0,0,0,0,0,0,1,1,3,4,,
675,1973,Master,Divorced,"$52,034.00 ",1,1,5/17/13,53,46-55,67,0,$146.00 , $-   ,$93.00 ,$7.00 ,$13.00 ,$73.00 ,5,0,0,0,0,0,0,0,4,2,5,7,,
679,1957,PhD,Married,"$37,633.00 ",1,1,9/20/12,69,56+,49,0,$13.00 ,$4.00 ,$20.00 , $-   , $-   ,$1.00 ,2,0,0,0,0,0,0,0,1,0,3,9,,
692,1954,Graduation,Together,"$36,807.00 ",1,1,12/20/12,72,56+,88,0,$4.00 ,$2.00 ,$5.00 , $-   , $-   ,$5.00 ,1,0,0,0,0,0,0,0,1,0,2,6,,
697,1969,Graduation,Together,"$74,918.00 ",0,0,12/3/13,57,56+,78,0,$972.00 ,$59.00 ,$913.00 ,$25.00 ,$19.00 ,$59.00 ,1,0,0,0,0,1,0,1,5,9,6,3,,
701,1971,Graduation,Married,"$73,691.00 ",0,1,6/11/13,55,46-55,58,0,$707.00 ,$21.00 ,$250.00 ,$85.00 ,$43.00 ,$73.00 ,2,0,0,1,0,0,0,1,6,2,8,2,,
702,1975,2n Cycle,Widow,"$47,682.00 ",0,1,2/15/13,51,46-55,80,0,$162.00 ,$61.00 ,$83.00 ,$97.00 ,$57.00 ,$61.00 ,4,0,0,0,0,0,0,0,4,3,8,5,,
709,1952,Graduation,Divorced,"$51,537.00 ",0,1,9/12/12,74,56+,27,0,$787.00 ,$20.00 ,$204.00 , $-   , $-   ,$92.00 ,3,0,0,0,0,0,0,0,2,2,11,8,,
713,1977,Master,Married,"$50,353.00 ",0,0,8/6/14,49,46-55,72,0,$141.00 ,$15.00 ,$153.00 ,$67.00 ,$31.00 ,$35.00 ,1,0,0,0,0,0,0,0,4,4,6,3,,
716,1949,PhD,Together,"$67,911.00 ",0,1,5/22/14,77,56+,63,0,$529.00 , $-   ,$356.00 ,$63.00 ,$28.00 , $-   ,3,0,0,0,0,0,0,0,6,7,11,3,,
736,1983,Graduation,Together,"$28,427.00 ",1,0,3/21/13,43,36-45,67,0,$18.00 ,$3.00 ,$19.00 ,$3.00 ,$3.00 ,$6.00 ,2,0,0,0,0,0,0,0,2,0,3,8,,
737,1949,PhD,Married,"$80,360.00 ",0,0,3/3/13,77,56+,56,0,"$1,493.00 ",$86.00 ,$454.00 ,$112.00 ,$43.00 ,$43.00 ,2,1,0,0,1,1,0,3,4,4,5,2,,
738,1981,2n Cycle,Single,"$42,395.00 ",1,1,4/4/14,45,36-45,35,0,$48.00 ,$13.00 ,$57.00 ,$24.00 ,$15.00 ,$25.00 ,4,0,0,0,0,0,0,0,3,1,4,7,,
749,1981,Graduation,Together,"$42,162.00 ",1,0,11/19/13,45,36-45,31,0,$46.00 ,$7.00 ,$59.00 ,$2.00 ,$4.00 ,$27.00 ,2,0,0,1,0,0,1,2,3,1,3,6,,
760,1975,PhD,Divorced,"$60,554.00 ",1,0,9/8/13,51,46-55,8,0,$588.00 ,$7.00 ,$76.00 ,$110.00 ,$15.00 ,$15.00 ,2,0,0,0,0,0,0,0,8,4,9,6,,
762,1981,2n Cycle,Together,"$75,774.00 ",1,0,2/5/14,45,36-45,27,0,$340.00 ,$21.00 ,$134.00 ,$258.00 ,$14.00 ,$56.00 ,1,0,0,0,0,0,0,0,7,5,8,4,,
771,1967,Graduation,Together,"$54,178.00 ",0,1,1/21/14,59,56+,79,0,$135.00 ,$9.00 ,$39.00 ,$4.00 , $-   ,$7.00 ,1,0,0,0,0,0,0,0,2,2,5,2,,
773,1971,Master,Divorced,"$42,835.00 ",1,1,6/30/13,55,46-55,64,0,$379.00 ,$4.00 ,$93.00 ,$12.00 ,$9.00 ,$98.00 ,7,0,0,0,0,0,0,0,6,6,4,6,,
793,1973,Graduation,Married,"$20,895.00 ",1,0,6/10/12,53,46-55,24,0,$18.00 ,$3.00 ,$17.00 ,$3.00 , $-   ,$4.00 ,1,0,0,0,0,0,0,0,2,0,3,9,,
796,1965,2n Cycle,Divorced,"$60,161.00 ",0,1,10/23/12,61,56+,17,0,$584.00 ,$44.00 ,$212.00 ,$46.00 ,$8.00 ,$177.00 ,3,0,0,0,0,0,0,0,11,4,8,8,,
798,1987,Graduation,Single,"$23,442.00 ",1,0,12/24/12,39,36-45,71,0,$2.00 , $-   ,$6.00 ,$8.00 ,$6.00 ,$5.00 ,1,0,0,0,0,0,0,0,1,0,3,7,,
800,1960,Graduation,Together,"$44,512.00 ",1,1,8/30/13,66,56+,57,0,$23.00 ,$1.00 ,$6.00 , $-   , $-   ,$2.00 ,2,0,0,0,0,0,0,0,1,0,3,4,,
803,1968,Graduation,Together,"$40,521.00 ",1,1,5/4/13,58,56+,82,0,$12.00 , $-   ,$5.00 , $-   , $-   ,$4.00 ,1,0,0,0,0,0,0,0,0,1,2,5,,
807,1969,Master,Together,"$44,602.00 ",1,1,2/15/14,57,56+,35,0,$167.00 ,$2.00 ,$89.00 , $-   , $-   ,$34.00 ,6,0,0,0,0,0,0,0,6,1,4,8,,
810,1975,Graduation,Married,"$74,190.00 ",0,1,12/5/14,51,46-55,49,0,$151.00 ,$81.00 ,$86.00 ,$168.00 ,$91.00 ,$64.00 ,2,0,0,0,0,0,0,0,4,2,11,2,,
819,1945,Graduation,Widow,"$63,285.00 ",0,0,5/11/13,81,56+,84,0,$508.00 ,$124.00 ,$249.00 ,$50.00 ,$38.00 ,$134.00 ,1,0,0,0,0,0,0,0,6,5,13,3,,
821,1992,Master,Single,"$92,859.00 ",0,0,10/19/12,34,26-35,46,0,$962.00 ,$61.00 ,$921.00 ,$52.00 ,$61.00 ,$20.00 ,1,0,0,0,0,0,0,0,5,4,12,2,,
830,1987,PhD,Single,"$74,004.00 ",0,0,2/24/14,39,36-45,5,0,$784.00 ,$48.00 ,$560.00 ,$42.00 ,$176.00 ,$48.00 ,1,1,0,0,0,1,1,3,4,6,4,3,,
832,1966,PhD,Together,"$65,814.00 ",0,1,2/3/14,60,56+,90,0,$561.00 ,$14.00 ,$113.00 ,$10.00 ,$14.00 ,$35.00 ,3,0,0,0,0,0,0,0,8,2,10,5,,
833,1955,Master,Married,"$38,452.00 ",1,1,3/30/14,71,56+,62,0,$56.00 , $-   ,$14.00 , $-   , $-   ,$2.00 ,3,0,0,0,0,0,0,0,3,0,3,7,,
837,1977,Graduation,Married,"$54,809.00 ",1,1,11/9/13,49,46-55,0,0,$63.00 ,$6.00 ,$57.00 ,$13.00 ,$13.00 ,$22.00 ,4,0,0,0,0,0,0,0,2,1,5,4,,
839,1975,PhD,Married,"$45,503.00 ",1,0,9/25/13,51,46-55,54,0,$97.00 ,$4.00 ,$44.00 ,$6.00 ,$1.00 ,$18.00 ,1,0,0,0,0,0,0,0,3,1,4,5,,
843,1971,Graduation,Married,"$64,722.00 ",1,0,5/26/14,55,46-55,47,0,$303.00 , $-   ,$280.00 ,$60.00 ,$147.00 ,$15.00 ,4,0,0,0,0,0,0,0,8,2,11,6,,
849,1953,Master,Together,"$56,129.00 ",0,1,6/20/13,73,56+,65,0,$320.00 ,$48.00 ,$133.00 ,$39.00 ,$72.00 ,$48.00 ,4,0,0,0,0,0,0,0,6,2,10,4,,
850,1968,Graduation,Single,"$70,566.00 ",0,1,6/10/13,58,56+,4,0,$381.00 ,$28.00 ,$215.00 ,$84.00 ,$28.00 ,$21.00 ,2,0,0,0,0,0,0,0,6,5,9,3,,
851,1972,Master,Married,"$57,136.00 ",1,1,9/7/13,54,46-55,48,0,$306.00 ,$5.00 ,$109.00 ,$21.00 ,$109.00 ,$92.00 ,9,0,0,0,0,0,0,0,5,2,10,6,,
868,1966,Graduation,Married,"$44,794.00 ",0,1,8/6/14,60,56+,99,0,$54.00 , $-   ,$7.00 , $-   , $-   ,$4.00 ,1,0,0,0,0,0,0,0,2,0,3,6,,
873,1949,Master,Married,"$62,845.00 ",1,1,1/10/12,77,56+,3,0,"$1,099.00 ", $-   ,$45.00 , $-   , $-   ,$34.00 ,11,0,0,0,1,0,1,2,3,4,10,8,,
879,1976,Master,Married,"$49,681.00 ",0,2,4/11/13,50,46-55,66,0,$411.00 , $-   ,$26.00 , $-   , $-   ,$21.00 ,6,0,0,0,0,0,0,0,7,1,7,7,,
880,1966,Basic,Together,"$22,634.00 ",0,0,1/16/13,60,56+,47,0,$2.00 ,$23.00 ,$11.00 ,$8.00 ,$6.00 ,$46.00 ,1,0,0,0,0,0,0,0,2,1,2,8,,
891,1951,Master,Together,"$29,298.00 ",1,1,7/9/13,75,56+,60,0,$6.00 , $-   ,$2.00 ,$2.00 , $-   ,$1.00 ,1,0,0,0,0,0,0,0,1,0,2,5,,
895,1948,PhD,Married,"$61,467.00 ",0,2,9/12/12,78,56+,69,0,$410.00 ,$16.00 ,$114.00 , $-   ,$5.00 ,$49.00 ,3,0,0,0,0,0,0,0,5,2,10,5,,
898,1986,Graduation,Married,"$23,477.00 ",1,0,10/21/13,40,36-45,39,0,$38.00 ,$15.00 ,$54.00 ,$3.00 ,$8.00 ,$29.00 ,3,0,0,0,0,0,0,0,3,0,4,8,,
902,1980,Graduation,Together,"$62,994.00 ",1,0,4/3/14,46,46-55,74,0,$224.00 ,$12.00 ,$48.00 ,$4.00 ,$12.00 ,$12.00 ,1,0,0,0,0,0,0,0,6,2,4,6,,
905,1986,Graduation,Divorced,"$21,846.00 ",1,0,10/22/13,40,36-45,38,0,$7.00 ,$17.00 ,$18.00 ,$6.00 ,$10.00 ,$26.00 ,4,0,0,0,0,0,0,0,4,0,3,8,,
907,1975,Graduation,Married,"$46,149.00 ",0,1,11/29/13,51,46-55,36,0,$254.00 ,$6.00 ,$71.00 ,$4.00 , $-   ,$27.00 ,5,0,0,0,0,0,0,0,5,1,7,5,,
916,1972,PhD,Single,"$41,644.00 ",1,1,9/5/14,54,46-55,67,0,$20.00 ,$3.00 ,$4.00 ,$2.00 , $-   ,$2.00 ,2,0,0,0,0,0,0,0,1,0,3,3,,
922,1979,2n Cycle,Married,"$31,086.00 ",1,1,4/5/13,47,46-55,79,0,$16.00 ,$2.00 ,$11.00 ,$3.00 , $-   ,$16.00 ,2,0,0,1,0,0,0,1,1,1,2,8,,
933,1978,PhD,Married,"$37,717.00 ",1,0,11/23/12,48,46-55,31,0,$9.00 , $-   ,$6.00 ,$4.00 ,$1.00 ,$5.00 ,1,0,0,0,0,0,0,0,1,0,2,9,,
938,1981,Graduation,Married,"$40,211.00 ",1,1,7/30/13,45,36-45,30,0,$51.00 ,$1.00 ,$7.00 ,$2.00 ,$1.00 ,$25.00 ,2,0,0,1,0,0,0,1,2,1,2,8,,
940,1987,Graduation,Single,"$57,100.00 ",1,0,5/18/14,39,36-45,9,0,$158.00 ,$11.00 ,$99.00 ,$15.00 ,$11.00 ,$17.00 ,2,0,0,0,0,0,0,0,3,2,7,3,,
942,1982,Graduation,Single,"$39,660.00 ",1,0,8/8/12,44,36-45,36,0,$139.00 ,$13.00 ,$78.00 ,$20.00 ,$13.00 ,$36.00 ,3,0,0,0,0,0,1,1,7,1,3,9,,
944,1962,Graduation,Married,"$56,181.00 ",0,1,8/1/13,64,56+,6,0,$121.00 ,$103.00 ,$69.00 ,$8.00 ,$44.00 ,$48.00 ,1,0,0,0,0,0,0,0,4,2,7,4,,
945,1965,Graduation,Together,"$36,317.00 ",0,1,5/22/13,61,56+,53,0,$87.00 ,$3.00 ,$25.00 ,$3.00 ,$2.00 ,$13.00 ,2,0,0,0,0,0,0,0,3,0,4,7,,
946,1958,2n Cycle,Together,"$26,490.00 ",0,0,9/22/12,68,56+,92,0,$45.00 ,$47.00 ,$52.00 ,$21.00 ,$20.00 ,$25.00 ,2,0,0,0,0,0,0,0,3,1,5,6,,
948,1971,Graduation,Single,"$10,245.00 ",1,0,5/15/13,55,46-55,32,0,$4.00 ,$7.00 ,$7.00 ,$6.00 ,$4.00 ,$13.00 ,3,0,0,0,0,0,0,0,1,2,2,5,,
954,1960,Basic,Widow,"$22,123.00 ",0,0,3/27/14,66,56+,77,0,$3.00 ,$3.00 ,$24.00 ,$34.00 ,$7.00 ,$31.00 ,1,0,0,0,0,0,0,0,2,1,3,5,,
955,1962,Master,Together,"$47,175.00 ",1,1,10/28/12,64,56+,81,0,$167.00 ,$2.00 ,$44.00 ,$6.00 ,$2.00 ,$19.00 ,7,0,0,1,0,0,1,2,4,2,4,8,,
961,1972,Graduation,Married,"$74,716.00 ",0,1,12/9/13,54,46-55,92,0,$133.00 ,$27.00 ,$421.00 ,$13.00 ,$195.00 ,$71.00 ,2,0,0,0,0,0,0,0,7,3,5,4,,
965,1971,Graduation,Divorced,"$55,635.00 ",0,1,11/13/12,55,46-55,34,0,$235.00 ,$65.00 ,$164.00 ,$50.00 ,$49.00 ,$27.00 ,4,0,0,0,0,0,0,0,7,3,7,6,,
966,1966,Graduation,Married,"$44,529.00 ",0,1,5/7/13,60,56+,98,0,$538.00 ,$13.00 ,$91.00 ,$17.00 ,$6.00 ,$26.00 ,6,0,0,0,1,0,0,1,6,2,11,5,,
967,1976,Graduation,Married,"$46,049.00 ",1,1,7/21/13,50,46-55,11,0,$342.00 ,$9.00 ,$112.00 ,$19.00 ,$14.00 ,$19.00 ,10,0,0,0,0,0,1,1,5,2,9,7,,
968,1968,Master,Divorced,"$41,335.00 ",1,0,12/26/13,58,56+,24,0,$112.00 ,$19.00 ,$21.00 ,$16.00 ,$14.00 ,$5.00 ,3,0,0,0,0,0,0,0,4,1,4,7,,
975,1956,Graduation,Single,"$54,252.00 ",1,1,5/28/13,70,56+,25,0,$178.00 ,$4.00 ,$26.00 ,$8.00 ,$4.00 ,$44.00 ,5,0,0,0,0,0,0,0,4,1,5,6,,
977,1957,Graduation,Together,"$47,320.00 ",0,1,1/8/13,69,56+,10,0,$200.00 ,$19.00 ,$111.00 ,$50.00 ,$15.00 ,$19.00 ,6,0,0,0,0,0,0,0,5,1,8,6,,
979,1975,Graduation,Single,"$33,249.00 ",1,0,2/20/13,51,46-55,11,0,$6.00 ,$10.00 ,$21.00 ,$19.00 ,$14.00 ,$42.00 ,2,0,0,0,0,0,0,0,2,1,3,6,,
983,1984,Graduation,Married,"$40,059.00 ",1,0,9/28/13,42,36-45,82,0,$110.00 ,$29.00 ,$92.00 ,$28.00 ,$10.00 ,$145.00 ,1,0,0,1,0,0,0,1,6,2,3,8,,
988,1965,Graduation,Married,"$81,168.00 ",0,0,7/5/14,61,56+,84,0,$410.00 , $-   ,$592.00 ,$147.00 ,$22.00 ,$22.00 ,1,1,0,0,0,0,0,1,6,4,7,3,,
999,1991,Graduation,Single,"$86,037.00 ",0,0,2/1/13,35,26-35,95,0,$490.00 ,$44.00 ,$125.00 ,$29.00 ,$20.00 ,$22.00 ,1,0,0,0,1,1,1,3,6,7,11,3,,
1000,1961,Master,Together,"$74,881.00 ",1,1,8/3/13,65,56+,48,0,$505.00 ,$72.00 ,$270.00 ,$36.00 ,$27.00 ,$54.00 ,4,0,0,0,0,0,0,0,9,2,12,5,,
1008,1981,PhD,Together,"$44,953.00 ",0,0,12/21/12,45,36-45,31,0,$728.00 ,$17.00 ,$133.00 ,$11.00 ,$8.00 ,$124.00 ,1,0,0,1,0,0,0,1,7,3,13,6,,
1010,1977,Graduation,Together,"$46,931.00 ",2,1,4/24/14,49,46-55,94,0,$41.00 , $-   ,$17.00 ,$3.00 ,$1.00 ,$16.00 ,2,0,0,0,0,0,0,0,1,1,3,3,,
1012,1952,Graduation,Single,"$61,823.00 ",0,1,2/18/13,74,56+,26,0,$523.00 ,$7.00 ,$134.00 ,$37.00 ,$14.00 ,$169.00 ,4,0,0,0,0,0,0,0,8,2,10,7,,
1016,1959,PhD,Single,"$34,554.00 ",0,1,3/30/14,67,56+,43,0,$41.00 ,$1.00 ,$6.00 ,$2.00 , $-   ,$5.00 ,2,0,0,0,0,0,0,0,2,0,3,6,,
1020,1973,Graduation,Married,"$79,593.00 ",0,0,12/5/14,53,46-55,70,0,$350.00 ,$60.00 ,$568.00 ,$110.00 ,$133.00 ,$145.00 ,1,0,0,0,0,1,0,1,5,6,7,2,,
1029,1970,PhD,Together,"$64,413.00 ",0,1,1/8/13,56,56+,27,0,$200.00 ,$5.00 ,$44.00 , $-   ,$10.00 ,$20.00 ,1,0,0,0,0,0,0,0,5,1,5,5,,
1030,1965,PhD,Single,"$40,637.00 ",1,1,7/17/13,61,56+,72,0,$22.00 , $-   ,$13.00 , $-   , $-   ,$3.00 ,2,0,0,0,0,0,0,0,1,0,3,7,,
1031,1989,2n Cycle,Married,"$85,710.00 ",0,0,5/5/13,37,36-45,5,0,$600.00 ,$20.00 ,$350.00 ,$29.00 ,$30.00 ,$33.00 ,1,0,0,0,0,1,0,1,6,9,10,2,,
1041,1973,PhD,Single,"$48,432.00 ",0,1,10/18/12,53,46-55,3,0,$322.00 ,$3.00 ,$50.00 ,$4.00 ,$3.00 ,$42.00 ,5,0,0,0,0,0,1,1,7,1,6,8,,
1044,1953,Graduation,Together,"$58,398.00 ",0,0,5/14/13,73,56+,44,0,$299.00 ,$5.00 ,$201.00 ,$21.00 ,$21.00 ,$49.00 ,3,0,0,0,0,0,0,0,5,4,8,4,,
1045,1965,Graduation,Together,"$52,117.00 ",0,1,8/16/12,61,56+,55,0,$112.00 ,$10.00 ,$107.00 ,$30.00 , $-   ,$20.00 ,2,0,0,0,0,0,0,0,5,2,4,7,,
1048,1972,Master,Married,"$35,641.00 ",1,0,7/14/13,54,46-55,11,0,$63.00 ,$3.00 ,$67.00 ,$8.00 ,$9.00 ,$28.00 ,2,0,0,0,0,0,1,1,3,1,4,7,,
1050,1952,Graduation,Married,"$28,332.00 ",0,0,4/30/14,74,56+,58,0,$14.00 ,$10.00 ,$13.00 ,$4.00 ,$15.00 ,$9.00 ,1,0,0,0,0,0,0,0,2,1,4,2,,
1052,1969,Graduation,Married,"$56,796.00 ",0,1,2/16/13,57,56+,24,0,$656.00 ,$38.00 ,$161.00 ,$62.00 ,$47.00 ,$37.00 ,3,0,0,0,0,0,0,0,8,9,7,7,,
1055,1976,Master,Married,"$53,204.00 ",1,1,3/20/14,50,46-55,40,0,$29.00 , $-   ,$8.00 ,$2.00 , $-   ,$6.00 ,1,0,0,0,0,0,0,0,1,0,3,4,,
1064,1971,PhD,Married,"$42,403.00 ",1,0,11/12/13,55,46-55,18,0,$22.00 ,$1.00 ,$11.00 , $-   ,$5.00 ,$3.00 ,1,0,0,0,0,0,0,0,1,0,3,8,,
1065,1963,Graduation,Single,"$80,695.00 ",0,0,12/29/13,63,56+,85,0,$557.00 ,$129.00 ,$984.00 ,$193.00 ,$37.00 ,$18.00 ,1,0,0,0,0,0,0,0,5,8,5,2,,
1071,1976,PhD,Divorced,"$70,179.00 ",0,1,7/21/13,50,46-55,10,0,$532.00 ,$88.00 ,$168.00 ,$69.00 ,$44.00 ,$133.00 ,3,0,0,0,0,0,0,0,7,3,13,5,,
1072,1965,PhD,Single,"$40,760.00 ",0,1,8/30/13,61,56+,64,0,$70.00 , $-   ,$17.00 , $-   , $-   ,$6.00 ,2,0,0,0,0,0,0,0,2,1,3,6,,
1077,1974,Graduation,Together,"$56,715.00 ",0,0,5/12/12,52,46-55,52,0,$258.00 ,$105.00 ,$239.00 ,$237.00 ,$172.00 ,$9.00 ,1,0,0,0,0,0,0,0,7,3,4,4,,
1079,1971,PhD,Married,"$71,969.00 ",0,1,10/16/12,55,46-55,59,0,"$1,000.00 ", $-   ,$76.00 , $-   , $-   ,$10.00 ,3,0,0,0,1,0,0,1,3,4,9,8,,
1081,1957,PhD,Married,"$75,283.00 ",1,2,3/27/13,69,56+,26,0,$733.00 ,$9.00 ,$180.00 ,$12.00 ,$19.00 ,$66.00 ,11,0,0,0,0,0,0,0,6,3,5,4,,
1087,1975,Master,Together,"$22,669.00 ",1,0,5/22/13,51,46-55,30,0,$16.00 ,$14.00 ,$36.00 ,$37.00 ,$22.00 ,$48.00 ,3,0,0,0,0,0,1,1,4,1,2,9,,
1092,1980,Graduation,Married,"$61,014.00 ",0,1,11/8/12,46,46-55,17,0,$269.00 ,$129.00 ,$495.00 ,$182.00 ,$43.00 ,$29.00 ,4,0,0,0,0,0,0,0,9,3,4,7,,
1100,1960,Master,Together,"$41,275.00 ",1,2,3/24/14,66,56+,33,0,$24.00 ,$4.00 ,$22.00 , $-   ,$2.00 ,$9.00 ,4,0,0,0,0,0,0,0,3,1,3,5,,
1103,1976,Master,Married,"$81,929.00 ",1,0,9/29/12,50,46-55,60,0,"$1,486.00 ",$55.00 ,$278.00 ,$49.00 , $-   ,$185.00 ,2,0,0,1,0,1,1,3,4,4,10,6,,
1109,1982,Master,Together,"$27,590.00 ",1,0,4/23/13,44,36-45,38,0,$6.00 , $-   ,$5.00 , $-   , $-   ,$1.00 ,1,0,0,0,0,0,0,0,1,0,2,7,,
1118,1956,Master,Married,"$50,965.00 ",0,1,2/20/13,70,56+,87,0,$544.00 ,$13.00 ,$85.00 ,$8.00 ,$6.00 ,$29.00 ,3,0,0,1,0,0,0,1,10,4,5,8,,
1127,1973,PhD,Married,"$85,844.00 ",0,0,5/29/14,53,46-55,62,0,$938.00 ,$19.00 ,$843.00 ,$25.00 ,$95.00 ,$38.00 ,1,0,0,0,0,1,0,1,6,6,7,2,,
1131,1967,PhD,Single,"$52,569.00 ",0,1,5/4/14,59,56+,54,0,$85.00 , $-   ,$3.00 , $-   , $-   ,$7.00 ,1,0,0,0,0,0,0,0,2,0,4,3,,
1135,1960,Master,Together,"$17,144.00 ",1,1,2/15/14,66,56+,96,0,$18.00 ,$2.00 ,$19.00 , $-   ,$2.00 ,$6.00 ,5,0,0,0,0,0,0,0,3,0,4,7,,
1137,1964,Graduation,Single,"$81,246.00 ",0,0,12/29/13,62,56+,87,0,$398.00 ,$190.00 ,$537.00 ,$61.00 ,$156.00 ,$37.00 ,1,1,0,1,0,0,0,2,4,5,7,1,,
1139,1984,PhD,Married,"$73,356.00 ",0,0,6/2/14,42,36-45,56,0,"$1,050.00 ",$14.00 ,$322.00 , $-   ,$14.00 ,$112.00 ,1,1,0,1,0,1,1,4,5,11,5,2,,
1142,1953,PhD,Married,"$55,707.00 ",0,1,12/22/13,73,56+,91,0,$208.00 ,$7.00 ,$82.00 ,$30.00 ,$66.00 ,$35.00 ,2,0,0,0,0,0,0,0,3,2,9,3,,
1143,1972,Graduation,Married,"$22,063.00 ",1,0,8/8/13,54,46-55,43,0,$7.00 ,$10.00 ,$13.00 ,$3.00 ,$11.00 ,$11.00 ,2,0,0,0,0,0,0,0,2,0,3,7,,
1146,1949,Master,Together,"$49,912.00 ",0,1,7/9/12,77,56+,5,0,$520.00 ,$8.00 ,$223.00 ,$32.00 ,$49.00 ,$42.00 ,4,0,0,1,0,0,1,2,10,5,7,8,,
1150,1899,PhD,Together,"$83,532.00 ",0,0,9/26/13,127,56+,36,0,$755.00 ,$144.00 ,$562.00 ,$104.00 ,$64.00 ,$224.00 ,1,0,0,0,0,1,0,1,4,6,4,1,,
1158,1966,Graduation,Divorced,"$48,877.00 ",0,1,5/1/14,60,56+,27,0,$102.00 ,$1.00 ,$15.00 ,$2.00 , $-   ,$24.00 ,1,0,0,0,0,0,0,0,3,0,4,7,,
1160,1970,Graduation,Married,"$13,260.00 ",1,1,8/23/13,56,56+,48,0,$9.00 ,$4.00 ,$17.00 ,$10.00 ,$2.00 ,$7.00 ,4,0,0,0,0,0,0,0,3,0,3,8,,
1162,1987,PhD,Single,"$42,000.00 ",0,0,10/1/13,39,36-45,23,0,$124.00 ,$83.00 ,$267.00 ,$85.00 ,$59.00 ,$35.00 ,2,0,0,0,0,0,1,1,5,2,11,5,,
1165,1958,PhD,Single,"$50,729.00 ",1,1,2/5/13,68,56+,62,0,$239.00 ,$13.00 ,$143.00 ,$45.00 ,$4.00 ,$52.00 ,9,0,0,0,0,0,0,0,6,2,7,6,,
1168,1978,PhD,Married,"$72,159.00 ",0,0,10/29/12,48,46-55,62,0,$322.00 ,$53.00 ,$899.00 ,$34.00 ,$40.00 ,$53.00 ,1,0,0,0,0,0,0,0,4,6,10,2,,
1170,1975,Graduation,Married,"$27,573.00 ",1,0,3/25/13,51,46-55,45,0,$50.00 ,$15.00 ,$110.00 ,$39.00 ,$15.00 ,$15.00 ,4,0,0,0,0,0,0,0,5,1,4,8,,
1172,1983,PhD,Married,"$92,491.00 ",0,0,1/5/13,43,36-45,71,0,$979.00 ,$44.00 ,$935.00 ,$29.00 ,$25.00 ,$22.00 ,1,1,0,0,1,1,1,4,7,5,12,3,,
1173,1947,Master,Together,"$77,632.00 ",0,0,10/3/13,79,56+,73,0,"$1,200.00 ",$105.00 ,$758.00 , $-   ,$42.00 ,$147.00 ,1,0,0,0,1,1,1,3,4,2,6,2,,
1175,1983,Master,Married,"$36,262.00 ",0,0,9/20/13,43,36-45,24,0,$88.00 ,$39.00 ,$54.00 ,$64.00 ,$28.00 ,$153.00 ,1,0,0,1,0,0,1,2,3,5,3,6,,
1176,1973,Graduation,Married,"$26,228.00 ",1,0,9/22/13,53,46-55,50,0,$2.00 ,$6.00 ,$4.00 ,$3.00 ,$1.00 ,$9.00 ,1,0,0,0,0,0,0,0,1,0,2,8,,
1177,1966,Master,Together,"$49,618.00 ",1,1,1/26/13,60,56+,77,0,$80.00 ,$3.00 ,$26.00 ,$4.00 ,$2.00 ,$14.00 ,4,0,0,0,0,0,0,0,3,1,3,7,,
1183,1949,Master,Married,"$36,408.00 ",1,1,9/21/13,77,56+,11,0,$9.00 ,$1.00 ,$4.00 ,$3.00 ,$2.00 ,$3.00 ,1,0,0,0,0,0,0,0,1,0,2,6,,
1184,1968,PhD,Divorced,"$69,674.00 ",0,2,5/22/13,58,56+,46,0,$554.00 ,$41.00 ,$215.00 ,$11.00 , $-   ,$24.00 ,3,0,0,0,0,0,0,0,10,2,10,5,,
1204,1970,PhD,Married,"$67,536.00 ",0,1,5/22/13,56,56+,45,0,"$1,253.00 ", $-   ,$447.00 ,$23.00 ,$71.00 ,$35.00 ,3,1,0,0,0,0,0,1,11,5,11,8,,
1212,1973,Graduation,Married,"$52,845.00 ",1,0,8/13/13,53,46-55,7,0,$384.00 ,$25.00 ,$292.00 ,$130.00 ,$41.00 ,$64.00 ,3,0,0,1,0,0,0,1,8,8,6,6,,
1215,1978,Graduation,Together,"$70,440.00 ",0,0,8/10/13,48,46-55,49,0,$690.00 ,$117.00 ,$499.00 ,$76.00 ,$102.00 ,$88.00 ,1,1,0,0,0,0,0,1,5,10,7,3,,
1225,1963,Graduation,Married,"$80,124.00 ",0,0,6/26/14,63,56+,47,0,$483.00 ,$84.00 ,$398.00 ,$205.00 ,$84.00 ,$241.00 ,1,0,0,1,0,0,0,1,3,7,8,1,,
1232,1982,PhD,Together,"$70,038.00 ",0,0,10/25/13,44,36-45,54,0,$587.00 ,$54.00 ,$348.00 ,$71.00 ,$54.00 ,$130.00 ,1,0,0,0,0,0,0,0,4,4,8,2,,
1241,1984,2n Cycle,Married,"$14,796.00 ",1,0,9/17/12,42,36-45,1,0,$13.00 ,$3.00 ,$8.00 ,$7.00 ,$4.00 ,$16.00 ,2,0,0,0,0,0,1,1,1,0,3,9,,
1245,1966,Graduation,Single,"$63,810.00 ",0,1,11/11/12,60,56+,45,0,$977.00 ,$12.00 ,$253.00 ,$16.00 ,$12.00 ,$101.00 ,4,0,0,0,1,0,0,1,4,3,12,8,,
1250,1976,Graduation,Single,"$37,697.00 ",1,0,7/2/14,50,46-55,82,0,$34.00 ,$6.00 ,$21.00 ,$11.00 ,$4.00 ,$8.00 ,1,0,0,0,0,0,0,0,2,1,3,6,,
1272,1965,Master,Single,"$55,250.00 ",0,1,10/21/12,61,56+,49,0,$664.00 ,$58.00 ,$83.00 ,$32.00 , $-   ,$66.00 ,4,0,0,0,0,0,0,0,7,5,10,5,,
1277,1960,Graduation,Together,"$78,468.00 ",0,0,9/4/14,66,56+,29,0,$434.00 ,$22.00 ,$388.00 ,$104.00 ,$22.00 ,$34.00 ,1,1,0,0,0,0,0,1,10,7,10,4,,
1291,1978,PhD,Together,"$27,683.00 ",1,0,4/8/12,48,46-55,90,0,$152.00 ,$9.00 ,$121.00 ,$12.00 ,$12.00 ,$45.00 ,4,0,0,0,0,0,0,0,6,2,4,8,,
1295,1963,Graduation,Married,,0,1,11/8/13,63,56+,96,0,$231.00 ,$65.00 ,$196.00 ,$38.00 ,$71.00 ,$124.00 ,1,0,0,0,0,0,0,0,6,5,7,4,,
1307,1978,Graduation,Divorced,"$41,986.00 ",0,1,9/2/14,48,46-55,15,0,$27.00 ,$5.00 ,$8.00 ,$8.00 ,$3.00 ,$12.00 ,3,0,0,0,0,0,0,0,3,0,4,4,,
1321,1974,Graduation,Married,"$26,067.00 ",1,0,4/11/13,52,46-55,49,0,$22.00 ,$2.00 ,$18.00 , $-   ,$2.00 ,$12.00 ,3,0,0,0,0,0,0,0,3,0,3,8,,
1324,1988,Graduation,Married,"$38,872.00 ",1,0,5/30/13,38,36-45,93,0,$23.00 ,$3.00 ,$21.00 ,$3.00 ,$19.00 ,$22.00 ,2,0,0,0,0,0,0,0,3,0,3,8,,
1328,1982,2n Cycle,Married,"$57,937.00 ",0,1,2/16/14,44,36-45,56,0,$261.00 ,$42.00 ,$144.00 ,$55.00 ,$48.00 ,$133.00 ,3,0,0,0,0,0,0,0,4,4,9,3,,
1331,1977,Graduation,Single,"$35,790.00 ",1,0,2/1/13,49,46-55,54,0,$12.00 ,$6.00 ,$20.00 ,$30.00 ,$1.00 ,$3.00 ,2,0,0,0,0,0,0,0,2,0,3,7,,
1340,1986,Graduation,Married,"$92,910.00 ",0,0,4/24/14,40,36-45,42,0,$551.00 ,$137.00 ,$792.00 ,$179.00 ,$103.00 ,$33.00 ,1,1,0,0,1,1,0,3,6,7,13,1,,
1343,1968,Graduation,Together,"$58,554.00 ",1,1,9/26/12,58,56+,55,0,$368.00 ,$24.00 ,$68.00 ,$38.00 , $-   ,$88.00 ,6,0,0,0,0,0,0,0,8,2,6,7,,
1349,1970,Graduation,Married,"$50,447.00 ",2,0,4/21/14,56,56+,4,0,$85.00 ,$7.00 ,$24.00 ,$2.00 ,$3.00 ,$27.00 ,1,0,0,0,0,0,0,0,3,1,3,6,,
1351,1956,Master,Together,"$58,656.00 ",0,1,9/20/12,70,56+,25,0,$962.00 ,$12.00 ,$194.00 ,$16.00 ,$24.00 ,$12.00 ,4,0,0,0,0,1,0,1,7,8,13,6,,
1357,1970,Graduation,Together,"$74,854.00 ",1,2,8/4/13,56,56+,90,0,$856.00 ,$59.00 ,$487.00 ,$58.00 ,$29.00 ,$73.00 ,7,0,0,0,0,0,0,0,2,5,5,5,,
1361,1974,Master,Married,"$82,584.00 ",0,0,4/6/13,52,46-55,26,0,"$1,076.00 ",$68.00 ,$103.00 ,$29.00 ,$91.00 ,$68.00 ,1,0,0,0,1,1,1,3,3,4,8,1,,
1362,1972,Graduation,Single,"$31,907.00 ",0,0,4/3/13,54,46-55,75,0,$33.00 ,$87.00 ,$64.00 ,$175.00 ,$16.00 ,$74.00 ,1,0,0,0,0,0,0,0,6,1,6,7,,
1371,1976,Graduation,Single,"$79,941.00 ",0,0,6/28/14,50,46-55,72,0,$123.00 ,$164.00 ,$266.00 ,$227.00 ,$30.00 ,$174.00 ,1,0,0,0,0,0,0,0,2,4,9,1,,
1377,1954,Master,Widow,"$44,551.00 ",0,1,8/31/13,72,56+,24,0,$182.00 ,$4.00 ,$33.00 , $-   , $-   ,$66.00 ,2,0,0,0,0,0,0,0,4,1,5,7,,
1378,1972,2n Cycle,Together,"$50,334.00 ",0,1,7/24/13,54,46-55,24,0,$284.00 ,$16.00 ,$160.00 ,$84.00 ,$16.00 ,$134.00 ,6,0,0,0,0,0,0,0,7,4,6,6,,
1379,1992,Master,Together,"$42,670.00 ",0,0,4/27/13,34,26-35,12,0,$154.00 ,$2.00 ,$46.00 ,$20.00 ,$4.00 ,$15.00 ,1,0,0,0,0,0,0,0,4,2,4,4,,
1381,1982,PhD,Single,"$38,513.00 ",1,0,1/28/14,44,36-45,20,0,$172.00 ,$3.00 ,$115.00 ,$16.00 , $-   ,$18.00 ,5,0,0,0,0,0,1,1,6,1,5,8,,
1384,1992,Basic,Married,"$17,256.00 ",1,0,11/23/13,34,26-35,10,0,$6.00 ,$4.00 ,$14.00 ,$8.00 ,$8.00 ,$22.00 ,2,0,0,1,0,0,0,1,2,1,2,8,,
1386,1967,Graduation,Together,"$32,474.00 ",1,1,11/5/14,59,56+,0,0,$10.00 , $-   ,$1.00 , $-   , $-   , $-   ,1,0,0,0,0,0,0,0,1,0,2,7,,
1388,1975,Graduation,Single,"$33,249.00 ",1,0,2/20/13,51,46-55,11,0,$6.00 ,$10.00 ,$21.00 ,$19.00 ,$14.00 ,$42.00 ,2,0,0,0,0,0,0,0,2,1,3,6,,
1399,1958,Graduation,Married,"$72,905.00 ",0,0,1/21/14,68,56+,52,0,$407.00 ,$114.00 ,$445.00 ,$181.00 ,$165.00 ,$203.00 ,1,1,0,0,0,0,0,1,3,7,9,1,,
1402,1954,Master,Married,"$66,991.00 ",0,0,11/9/12,72,56+,1,0,$496.00 ,$36.00 ,$460.00 ,$189.00 ,$60.00 ,$12.00 ,3,0,0,0,0,0,0,0,4,8,6,3,,
1403,1975,2n Cycle,Together,"$34,984.00 ",1,1,6/9/12,51,46-55,40,0,$8.00 ,$4.00 ,$15.00 ,$3.00 ,$5.00 ,$3.00 ,2,0,0,0,0,0,0,0,1,0,3,7,,
1404,1968,Graduation,Together,"$34,916.00 ",2,0,5/15/13,58,56+,89,0,$51.00 ,$23.00 ,$82.00 ,$33.00 , $-   ,$42.00 ,4,0,0,0,0,0,0,0,5,1,3,9,,
1406,1975,Graduation,Single,"$53,201.00 ",1,1,12/2/13,51,46-55,49,0,$280.00 ,$7.00 ,$81.00 ,$20.00 , $-   ,$27.00 ,8,0,0,0,0,0,0,0,6,3,5,7,,
1407,1986,Basic,Married,"$20,425.00 ",1,0,10/29/12,40,36-45,5,0,$4.00 ,$12.00 ,$5.00 ,$3.00 ,$16.00 ,$17.00 ,2,0,0,0,0,0,0,0,2,0,3,7,,
1409,1951,Graduation,Together,"$40,689.00 ",0,1,3/18/13,75,56+,69,0,$270.00 ,$3.00 ,$27.00 ,$39.00 ,$6.00 ,$99.00 ,7,0,0,0,0,0,0,0,7,1,5,8,,
1411,1952,Graduation,Divorced,"$82,623.00 ",0,0,10/11/13,74,56+,58,0,$204.00 ,$34.00 ,$204.00 ,$172.00 ,$153.00 ,$173.00 ,1,0,0,0,0,0,0,0,2,9,4,1,,
1419,1950,Graduation,Together,"$34,026.00 ",1,1,5/8/13,76,56+,11,0,$18.00 ,$6.00 ,$15.00 ,$12.00 ,$8.00 ,$17.00 ,3,0,0,0,0,0,0,0,2,1,3,5,,
1440,1978,2n Cycle,Together,"$52,513.00 ",0,0,4/9/12,48,46-55,84,0,$367.00 ,$17.00 ,$241.00 ,$104.00 ,$188.00 ,$232.00 ,2,0,0,0,0,0,0,0,9,5,9,7,,
1446,1956,Master,Single,"$86,424.00 ",0,0,5/4/14,70,56+,12,0,$387.00 ,$68.00 ,$569.00 ,$89.00 ,$45.00 ,$68.00 ,1,0,0,0,0,0,0,0,6,9,12,1,,
1448,1963,Master,Married,"$33,562.00 ",1,2,6/25/14,63,56+,33,0,$21.00 ,$12.00 ,$12.00 , $-   ,$3.00 ,$3.00 ,3,0,0,0,0,0,0,0,2,0,4,4,,
1453,1943,PhD,Widow,"$57,513.00 ",0,0,6/7/13,83,56+,59,0,$735.00 ,$40.00 ,$183.00 ,$52.00 ,$20.00 ,$30.00 ,2,0,0,0,0,0,0,0,9,3,13,6,,
1456,1979,Graduation,Single,"$60,474.00 ",0,1,1/4/13,47,46-55,25,0,$265.00 ,$199.00 ,$303.00 ,$234.00 ,$9.00 ,$170.00 ,7,0,0,0,0,0,0,0,10,2,12,7,,
1458,1982,Master,Married,"$21,059.00 ",1,0,7/1/14,44,36-45,40,0,$8.00 ,$3.00 ,$19.00 ,$3.00 ,$3.00 ,$8.00 ,3,0,0,0,0,0,0,0,3,0,3,6,,
1459,1966,PhD,Married,"$69,063.00 ",0,1,7/11/12,60,56+,16,0,$666.00 ,$35.00 ,$124.00 ,$69.00 ,$8.00 ,$26.00 ,1,0,0,0,0,0,0,0,5,3,5,3,,
1461,1965,PhD,Divorced,"$36,921.00 ",1,1,7/28/13,61,56+,74,0,$17.00 ,$1.00 ,$12.00 ,$3.00 ,$1.00 ,$4.00 ,2,0,0,0,0,0,0,0,2,0,3,7,,
1463,1958,Graduation,Single,"$45,160.00 ",1,1,3/29/14,68,56+,9,0,$8.00 ,$2.00 ,$5.00 ,$3.00 , $-   ,$3.00 ,1,0,0,0,0,0,0,0,1,0,2,7,,
1473,1960,2n Cycle,Single,"$47,823.00 ",0,1,7/23/13,66,56+,0,0,$53.00 ,$1.00 ,$5.00 ,$2.00 ,$1.00 ,$10.00 ,2,0,0,0,0,0,0,0,2,0,3,8,,
1490,1962,Graduation,Married,"$55,759.00 ",0,1,11/28/12,64,56+,84,0,$675.00 , $-   ,$85.00 ,$10.00 ,$7.00 ,$77.00 ,5,0,0,0,0,0,0,0,10,3,8,8,,
1491,1965,2n Cycle,Together,"$71,488.00 ",0,0,2/18/13,61,56+,87,0,$162.00 ,$33.00 ,$124.00 ,$40.00 ,$28.00 ,$172.00 ,2,0,0,0,0,0,0,0,3,4,7,1,,
1497,1952,Graduation,Single,"$47,958.00 ",0,1,1/19/13,74,56+,8,0,$268.00 ,$11.00 ,$88.00 ,$15.00 ,$3.00 ,$22.00 ,2,0,0,0,0,0,0,0,6,3,5,5,,
1501,1982,PhD,Married,"$160,803.00 ",0,0,4/8/12,44,36-45,21,0,$55.00 ,$16.00 ,"$1,622.00 ",$17.00 ,$3.00 ,$4.00 ,15,0,0,0,0,0,0,0,0,28,1,0,,
1502,1983,Graduation,Together,"$28,427.00 ",1,0,3/21/13,43,36-45,67,0,$18.00 ,$3.00 ,$19.00 ,$3.00 ,$3.00 ,$6.00 ,2,0,0,0,0,0,0,0,2,0,3,8,,
1503,1976,PhD,Together,"$162,397.00 ",1,1,3/6/13,50,46-55,31,0,$85.00 ,$1.00 ,$16.00 ,$2.00 ,$1.00 ,$2.00 ,0,0,0,0,0,0,0,0,0,0,1,1,,
1506,1975,Graduation,Single,"$42,160.00 ",1,1,6/28/13,51,46-55,26,0,$48.00 ,$9.00 ,$45.00 ,$3.00 ,$15.00 ,$20.00 ,4,0,0,0,0,0,1,1,2,1,4,6,,
1509,1958,PhD,Together,"$84,460.00 ",0,0,4/1/13,68,56+,80,0,$152.00 ,$27.00 ,$103.00 ,$106.00 ,$54.00 ,$81.00 ,0,1,1,0,1,1,1,5,9,9,4,5,,
1513,1979,2n Cycle,Together,"$60,839.00 ",1,1,8/28/12,47,46-55,72,0,$600.00 ,$21.00 ,$128.00 ,$223.00 ,$150.00 ,$128.00 ,13,0,0,0,0,0,0,0,2,2,12,8,,
1515,1975,Master,Together,"$34,176.00 ",0,1,1/22/14,51,46-55,9,0,$11.00 ,$2.00 ,$7.00 ,$4.00 ,$2.00 ,$2.00 ,1,0,0,0,0,0,0,0,1,0,3,3,,
1517,1969,Graduation,Single,"$30,822.00 ",1,0,6/14/13,57,56+,92,0,$3.00 ,$9.00 ,$13.00 ,$2.00 ,$12.00 ,$12.00 ,1,0,0,0,0,0,0,0,1,0,3,7,,
1518,1965,Master,Married,"$62,694.00 ",1,1,6/17/13,61,56+,29,0,$379.00 ,$6.00 ,$157.00 ,$25.00 ,$91.00 ,$91.00 ,5,0,0,0,0,0,0,0,9,3,7,7,,
1519,1972,PhD,Single,"$38,578.00 ",1,1,6/22/13,54,46-55,2,0,$38.00 ,$4.00 ,$22.00 ,$3.00 ,$3.00 ,$3.00 ,3,0,0,0,0,0,1,1,3,0,3,8,,
1523,1973,Graduation,Married,"$59,041.00 ",1,1,7/5/14,53,46-55,25,0,$69.00 ,$2.00 ,$15.00 ,$2.00 ,$2.00 ,$6.00 ,2,0,0,0,0,0,0,0,2,0,4,5,,
1524,1983,2n Cycle,Single,"$81,698.00 ",0,0,1/3/13,43,36-45,1,0,$709.00 ,$45.00 ,$115.00 ,$30.00 ,$160.00 ,$45.00 ,1,1,0,0,0,0,1,2,8,2,5,5,,
1542,1975,Graduation,Single,"$56,243.00 ",1,2,12/30/13,51,46-55,26,0,$347.00 , $-   ,$35.00 ,$4.00 ,$3.00 ,$7.00 ,6,0,0,0,0,0,0,0,4,2,8,5,,
1544,1967,Master,Divorced,"$81,380.00 ",0,0,12/22/12,59,56+,51,0,$741.00 ,$68.00 ,$689.00 ,$224.00 ,$68.00 ,$103.00 ,1,0,0,0,0,0,0,0,4,2,10,2,,
1545,1986,Graduation,Married,"$38,508.00 ",1,0,2/8/13,40,36-45,95,0,$120.00 ,$19.00 ,$206.00 ,$25.00 ,$19.00 ,$54.00 ,6,0,0,0,0,0,0,0,7,2,5,8,,
1553,1946,Graduation,Together,"$82,657.00 ",0,0,9/27/13,80,56+,71,0,$966.00 ,$168.00 ,$672.00 ,$246.00 ,$105.00 ,$126.00 ,1,1,0,0,1,0,0,2,7,5,10,4,,
1570,1951,PhD,Together,"$69,702.00 ",0,1,2/19/13,75,56+,8,0,$664.00 ,$9.00 ,$240.00 ,$50.00 ,$19.00 ,$57.00 ,2,0,0,0,0,0,0,0,7,7,10,4,,
1577,1946,Graduation,Married,"$78,569.00 ",0,0,2/19/14,80,56+,14,0,$558.00 ,$79.00 ,$622.00 ,$207.00 ,$175.00 ,$95.00 ,1,0,0,0,0,1,1,2,4,6,4,1,,
1581,1980,Graduation,Married,"$37,406.00 ",1,0,10/10/13,46,46-55,18,0,$2.00 , $-   ,$8.00 ,$2.00 ,$2.00 ,$3.00 ,1,0,0,0,0,0,1,1,1,0,2,8,,
1584,1977,Graduation,Married,"$41,443.00 ",1,0,1/4/14,49,46-55,79,0,$171.00 ,$7.00 ,$171.00 ,$25.00 ,$19.00 ,$89.00 ,6,0,0,0,0,0,0,0,8,1,5,8,,
1592,1970,Graduation,Married,"$90,765.00 ",0,0,1/24/14,56,56+,25,0,$547.00 ,$99.00 ,$812.00 ,$151.00 ,$82.00 ,$33.00 ,0,1,0,0,0,1,0,2,4,6,5,1,,
1600,1965,Master,Married,"$56,962.00 ",2,1,11/10/13,61,56+,60,0,$292.00 ,$3.00 ,$77.00 ,$10.00 ,$3.00 ,$26.00 ,7,0,0,0,0,0,0,0,6,3,5,7,,
1604,1960,Master,Married,"$47,353.00 ",0,1,11/13/13,66,56+,93,0,$184.00 ,$2.00 ,$19.00 ,$8.00 ,$8.00 ,$4.00 ,3,0,0,0,0,0,0,0,2,2,6,5,,
1606,1971,Graduation,Together,"$38,590.00 ",1,0,5/15/13,55,46-55,65,0,$3.00 ,$1.00 ,$8.00 ,$4.00 ,$3.00 ,$3.00 ,1,0,0,0,0,0,0,0,1,0,2,8,,
1612,1981,PhD,Single,,1,0,5/31/13,45,36-45,82,0,$23.00 , $-   ,$15.00 , $-   ,$2.00 ,$7.00 ,2,0,0,0,0,0,0,0,3,0,3,6,,
1618,1965,Graduation,Together,"$56,046.00 ",0,0,2/1/13,61,56+,9,0,$577.00 , $-   ,$64.00 , $-   , $-   ,$51.00 ,2,0,0,1,0,0,1,2,10,1,8,8,,
1619,1956,Graduation,Married,"$90,369.00 ",0,0,4/28/14,70,56+,2,0,$292.00 ,$51.00 ,$981.00 ,$224.00 ,$23.00 ,$17.00 ,1,0,0,0,0,0,1,1,4,6,6,1,,
1626,1973,PhD,Divorced,"$35,860.00 ",1,1,5/19/14,53,46-55,37,0,$15.00 , $-   ,$8.00 ,$4.00 ,$2.00 ,$20.00 ,2,0,0,1,0,0,1,2,1,1,2,5,,
1627,1957,2n Cycle,Divorced,"$77,297.00 ",0,0,1/26/13,69,56+,84,0,$408.00 ,$61.00 ,$109.00 ,$48.00 ,$122.00 ,$41.00 ,1,1,0,0,0,0,0,1,5,7,9,4,,
1628,1971,Graduation,Together,"$71,796.00 ",0,0,10/24/13,55,46-55,54,0,$354.00 ,$21.00 ,$311.00 ,$167.00 ,$75.00 ,$32.00 ,1,0,0,0,0,0,0,0,9,3,4,4,,
1630,1979,Graduation,Single,"$61,825.00 ",0,1,7/8/13,47,46-55,56,0,$162.00 ,$50.00 ,$100.00 ,$55.00 ,$30.00 ,$27.00 ,1,0,0,0,0,0,0,0,4,2,8,4,,
1631,1965,PhD,Together,"$65,220.00 ",0,0,3/9/12,61,56+,3,0,$890.00 ,$63.00 ,$292.00 , $-   ,$25.00 ,$12.00 ,4,0,0,0,0,0,1,1,8,4,7,6,,
1640,1954,Graduation,Divorced,"$64,587.00 ",1,1,6/22/14,72,56+,49,0,$66.00 , $-   ,$16.00 , $-   ,$6.00 ,$20.00 ,2,0,0,0,0,0,0,0,1,1,4,3,,
1646,1972,Basic,Married,"$25,224.00 ",1,0,3/16/14,54,46-55,36,0,$4.00 ,$9.00 ,$12.00 ,$11.00 ,$2.00 ,$8.00 ,2,0,0,0,0,0,0,0,1,1,3,3,,
1650,1960,Master,Married,"$81,843.00 ",0,0,4/22/13,66,56+,13,0,$779.00 ,$86.00 ,$537.00 ,$34.00 ,$69.00 ,$138.00 ,1,0,0,0,0,0,0,0,5,9,12,3,,
1655,1979,Graduation,Together,"$34,350.00 ",1,0,10/19/13,47,46-55,81,0,$16.00 ,$3.00 ,$15.00 ,$2.00 ,$1.00 ,$11.00 ,1,0,0,0,0,0,0,0,1,0,3,7,,
1663,1978,PhD,Together,"$34,043.00 ",1,0,10/25/13,48,46-55,97,0,$20.00 ,$2.00 ,$14.00 ,$3.00 , $-   ,$10.00 ,1,0,0,0,0,0,0,0,2,0,2,9,,
1665,1964,PhD,Divorced,"$64,140.00 ",0,2,9/23/13,62,56+,71,0,"$1,459.00 ", $-   ,$61.00 , $-   ,$15.00 ,$215.00 ,5,0,1,1,0,1,1,4,2,5,6,5,,
1672,1974,PhD,Together,"$65,640.00 ",0,1,1/3/14,52,46-55,74,0,$204.00 ,$7.00 ,$149.00 ,$20.00 ,$15.00 ,$66.00 ,1,0,0,0,0,0,0,0,5,1,8,2,,
1676,1975,Graduation,Married,"$43,057.00 ",0,1,10/30/13,51,46-55,30,0,$213.00 ,$2.00 ,$44.00 , $-   ,$2.00 ,$5.00 ,4,0,0,0,0,0,0,0,4,2,5,5,,
1685,1967,PhD,Together,"$62,981.00 ",0,0,3/17/13,59,56+,21,0,$796.00 ,$14.00 ,$590.00 ,$38.00 ,$44.00 , $-   ,1,0,0,0,1,0,0,1,4,5,13,3,,
1710,1978,Graduation,Single,"$30,168.00 ",1,0,7/3/13,48,46-55,51,0,$154.00 ,$20.00 ,$66.00 , $-   ,$12.00 ,$27.00 ,7,0,0,0,0,0,0,0,6,1,4,9,,
1715,1978,Graduation,Together,"$25,851.00 ",1,0,11/2/13,48,46-55,45,0,$9.00 ,$4.00 ,$18.00 ,$7.00 ,$5.00 ,$5.00 ,2,0,0,0,0,0,0,0,2,0,3,7,,
1717,1988,Graduation,Single,"$39,747.00 ",1,0,4/13/14,38,36-45,43,0,$80.00 ,$15.00 ,$93.00 ,$20.00 ,$13.00 ,$52.00 ,3,0,0,0,0,0,0,0,5,1,4,8,,
1726,1970,Graduation,Single,"$22,585.00 ",0,0,3/18/13,56,56+,23,0,$3.00 ,$9.00 ,$15.00 ,$13.00 ,$2.00 ,$39.00 ,1,0,0,1,0,0,1,2,1,1,2,9,,
1729,1961,PhD,Together,"$66,426.00 ",0,1,2/10/13,65,56+,14,0,"$1,043.00 ",$24.00 ,$97.00 ,$32.00 ,$24.00 ,$157.00 ,2,0,0,0,0,0,0,0,3,5,10,6,,
1734,1968,PhD,Together,"$40,706.00 ",2,1,1/17/13,58,56+,37,0,$59.00 , $-   ,$11.00 ,$4.00 ,$2.00 ,$5.00 ,4,0,0,0,0,0,0,0,3,0,4,7,,
1740,1944,Graduation,Married,"$55,956.00 ",0,0,7/4/14,82,56+,22,0,$760.00 ,$38.00 ,$104.00 ,$50.00 ,$9.00 ,$38.00 ,2,0,0,0,1,0,0,1,7,3,4,4,,
1743,1974,Graduation,Single,"$69,719.00 ",0,0,5/26/14,52,46-55,99,0,$273.00 ,$86.00 ,$208.00 ,$177.00 ,$14.00 ,$43.00 ,1,0,0,0,0,0,0,0,2,3,5,1,,
1744,1965,Basic,Single,"$23,529.00 ",0,1,7/1/13,61,56+,67,0,$9.00 ,$7.00 ,$13.00 ,$3.00 ,$2.00 ,$20.00 ,1,0,0,0,0,0,0,0,1,1,2,6,,
1745,1962,PhD,Divorced,"$85,696.00 ",0,0,3/5/13,64,56+,88,0,$714.00 ,$76.00 ,$395.00 ,$116.00 , $-   ,$12.00 ,1,0,0,0,0,0,1,1,4,6,9,1,,
1755,1988,2n Cycle,Together,"$45,204.00 ",1,0,11/4/14,38,36-45,93,0,$30.00 ,$11.00 ,$25.00 ,$29.00 ,$1.00 ,$18.00 ,1,0,0,0,0,0,0,0,1,1,4,3,,
1763,1988,Graduation,Together,"$87,679.00 ",0,0,7/27/13,38,36-45,62,0,"$1,259.00 ",$172.00 ,$815.00 ,$97.00 ,$148.00 ,$33.00 ,1,1,0,1,0,1,1,4,7,11,10,4,,
1764,1975,Graduation,Single,"$33,955.00 ",1,0,9/8/13,51,46-55,92,0,$100.00 ,$2.00 ,$128.00 ,$23.00 ,$7.00 ,$10.00 ,4,0,0,0,0,0,0,0,5,1,5,8,,
1772,1975,PhD,Married,"$79,174.00 ",0,0,11/1/13,51,46-55,2,0,"$1,074.00 ",$37.00 ,$518.00 ,$193.00 ,$92.00 ,$129.00 ,1,1,0,0,0,1,1,3,5,6,7,2,,
1773,1978,2n Cycle,Married,"$12,393.00 ",0,0,4/12/12,48,46-55,38,0,$5.00 ,$6.00 ,$15.00 ,$11.00 ,$7.00 ,$13.00 ,1,0,0,0,0,0,0,0,2,0,3,9,,
1777,1980,Basic,Married,"$25,965.00 ",0,0,7/9/12,46,46-55,29,0,$2.00 ,$2.00 ,$11.00 ,$41.00 ,$7.00 ,$11.00 ,1,0,0,0,0,0,0,0,2,0,3,8,,
1802,1971,Graduation,Married,"$64,795.00 ",0,1,1/17/13,55,46-55,23,0,$412.00 ,$5.00 ,$119.00 ,$38.00 ,$29.00 ,$77.00 ,3,0,0,0,0,0,0,0,3,3,12,2,,
1818,1971,PhD,Together,"$29,732.00 ",1,0,3/25/14,55,46-55,23,0,$25.00 , $-   ,$8.00 , $-   ,$1.00 ,$4.00 ,1,0,0,0,0,0,0,0,2,0,2,9,,
1826,1970,Graduation,Divorced,"$84,835.00 ",0,0,6/16/14,56,56+,0,0,$189.00 ,$104.00 ,$379.00 ,$111.00 ,$189.00 ,$218.00 ,1,0,0,0,0,0,1,1,4,4,6,1,,
1829,1961,PhD,Divorced,"$54,959.00 ",0,1,1/19/13,65,56+,55,0,"$1,148.00 ", $-   ,$60.00 , $-   , $-   ,$24.00 ,3,0,0,0,1,0,1,2,9,5,4,7,,
1833,1974,PhD,Single,"$39,190.00 ",1,0,4/26/14,52,46-55,91,0,$68.00 ,$8.00 ,$18.00 ,$19.00 ,$8.00 ,$12.00 ,2,0,0,0,0,0,0,0,2,1,4,5,,
1834,1978,Master,Single,"$35,544.00 ",1,0,8/3/14,48,46-55,77,0,$30.00 ,$5.00 ,$23.00 ,$4.00 ,$1.00 ,$4.00 ,1,0,0,0,0,0,0,0,2,0,3,7,,
1839,1974,Graduation,Single,"$43,322.00 ",0,0,4/21/14,52,46-55,25,0,$56.00 ,$7.00 ,$48.00 ,$10.00 ,$2.00 ,$18.00 ,1,0,0,0,0,0,0,0,3,0,4,7,,
1857,1952,Graduation,Single,"$47,139.00 ",1,1,6/3/14,74,56+,2,0,$46.00 , $-   ,$12.00 , $-   ,$2.00 ,$23.00 ,2,0,0,0,0,0,1,1,2,1,2,7,,
1859,1972,Master,Married,"$75,251.00 ",0,0,8/27/12,54,46-55,34,0,$721.00 ,$111.00 ,$925.00 ,$97.00 ,$18.00 ,$18.00 ,1,0,0,0,0,0,1,1,7,6,5,5,,
1867,1957,Graduation,Single,"$64,849.00 ",0,0,11/13/12,69,56+,42,0,$652.00 ,$48.00 ,$350.00 ,$94.00 ,$84.00 ,$108.00 ,1,0,0,0,0,0,1,1,9,3,6,5,,
1876,1990,Graduation,Married,"$18,929.00 ",0,0,2/16/13,36,36-45,15,0,$32.00 , $-   ,$8.00 ,$23.00 ,$4.00 ,$18.00 ,1,0,0,0,0,0,0,0,1,0,4,6,,
1878,1985,2n Cycle,Married,"$23,148.00 ",0,0,2/18/14,41,36-45,83,0,$4.00 ,$6.00 ,$8.00 ,$6.00 ,$3.00 ,$10.00 ,1,0,0,0,0,0,0,0,2,0,3,7,,
1880,1959,PhD,Together,"$53,537.00 ",1,1,1/30/14,67,56+,17,0,$81.00 , $-   ,$6.00 , $-   , $-   ,$6.00 ,2,0,0,0,0,0,0,0,2,1,3,5,,
1890,1971,2n Cycle,Together,"$42,033.00 ",1,1,9/19/12,55,46-55,95,0,$11.00 ,$1.00 ,$4.00 ,$2.00 , $-   ,$7.00 ,1,0,0,0,0,0,0,0,1,0,2,7,,
1891,1980,Master,Divorced,"$78,789.00 ",0,0,8/8/12,46,46-55,12,0,$667.00 ,$50.00 ,$850.00 ,$21.00 ,$83.00 ,$83.00 ,1,0,0,0,0,0,1,1,4,6,5,2,,
1907,1950,Master,Divorced,"$63,120.00 ",0,1,9/28/12,76,56+,53,0,$965.00 ,$69.00 ,$279.00 ,$54.00 ,$41.00 ,$69.00 ,5,0,0,0,0,0,1,1,8,4,9,7,,
1911,1987,Graduation,Together,"$67,430.00 ",0,0,5/9/12,39,36-45,6,0,$595.00 ,$97.00 ,$291.00 ,$127.00 ,$133.00 ,$121.00 ,1,0,0,0,0,0,0,0,11,5,12,6,,
1915,1951,PhD,Married,"$78,939.00 ",0,0,12/12/13,75,56+,57,0,$794.00 ,$115.00 ,$243.00 ,$150.00 , $-   ,$205.00 ,1,0,0,0,0,0,0,0,8,5,6,3,,
1916,1954,Master,Married,"$45,736.00 ",0,1,7/24/13,72,56+,92,0,$188.00 ,$3.00 ,$180.00 ,$20.00 ,$3.00 ,$43.00 ,5,0,0,0,0,0,0,0,7,1,6,7,,
1920,1972,Graduation,Married,"$40,321.00 ",1,1,7/29/13,54,46-55,59,0,$44.00 ,$4.00 ,$21.00 ,$6.00 , $-   ,$27.00 ,2,0,0,0,0,0,0,0,3,0,3,7,,
1921,1967,PhD,Married,"$59,062.00 ",2,1,3/10/13,59,56+,74,0,$46.00 ,$1.00 ,$12.00 ,$3.00 , $-   ,$9.00 ,2,0,0,0,0,0,0,0,2,0,3,4,,
1927,1973,2n Cycle,Together,"$69,401.00 ",0,1,3/23/14,53,46-55,41,0,$399.00 ,$27.00 ,$159.00 ,$58.00 ,$8.00 ,$39.00 ,4,0,0,0,0,0,0,0,4,4,5,2,,
1928,1973,Graduation,Married,"$31,814.00 ",1,0,9/2/13,53,46-55,73,0,$35.00 ,$3.00 ,$20.00 ,$4.00 ,$1.00 ,$20.00 ,2,0,0,1,0,0,0,1,2,0,3,9,,
1940,1986,Graduation,Married,"$25,252.00 ",1,0,12/7/13,40,36-45,26,0,$1.00 ,$3.00 ,$4.00 ,$2.00 ,$2.00 ,$6.00 ,1,0,0,0,0,0,0,0,1,0,2,8,,
1945,1962,Graduation,Married,"$71,434.00 ",0,1,9/18/13,64,56+,4,0,$711.00 ,$36.00 ,$217.00 ,$172.00 ,$96.00 ,$168.00 ,3,1,0,0,1,0,0,2,7,4,7,4,,
1951,1981,Basic,Married,"$34,445.00 ",0,0,1/27/13,45,36-45,92,0,$228.00 ,$122.00 ,$122.00 ,$208.00 ,$129.00 ,$30.00 ,6,0,0,0,0,0,0,0,11,2,8,9,,
1958,1973,PhD,Together,"$55,012.00 ",0,1,3/21/14,53,46-55,85,0,$582.00 , $-   ,$65.00 , $-   , $-   ,$13.00 ,6,0,0,0,0,0,0,0,8,2,9,5,,
1964,1951,Graduation,Together,"$86,610.00 ",0,0,5/9/13,75,56+,66,0,$446.00 ,$107.00 ,$768.00 ,$33.00 ,$196.00 ,$53.00 ,1,0,0,0,0,0,0,0,5,6,6,2,,
1966,1965,PhD,Married,"$84,618.00 ",0,0,11/22/13,61,56+,96,0,$684.00 ,$100.00 ,$801.00 ,$21.00 ,$66.00 , $-   ,1,0,0,0,0,1,0,1,6,9,10,2,,
1968,1971,Graduation,Widow,"$45,684.00 ",1,0,2/12/13,55,46-55,37,0,$5.00 ,$1.00 ,$5.00 ,$10.00 , $-   ,$7.00 ,1,0,0,0,0,0,0,0,1,0,2,7,,
1970,1968,Master,Together,"$34,053.00 ",0,1,10/9/12,58,56+,14,0,$63.00 , $-   ,$21.00 ,$7.00 , $-   ,$12.00 ,1,0,0,0,0,0,0,0,3,0,3,8,,
1987,1987,Basic,Single,"$21,063.00 ",1,0,9/25/13,39,36-45,34,0,$1.00 ,$10.00 ,$11.00 ,$19.00 ,$3.00 ,$15.00 ,2,0,0,0,0,0,0,0,2,0,3,6,,
1990,1974,PhD,Single,"$63,159.00 ",0,0,5/11/12,52,46-55,74,0,$965.00 ,$34.00 ,$586.00 ,$89.00 ,$86.00 ,$37.00 ,1,0,0,1,0,0,0,1,3,5,8,3,,
1991,1967,Graduation,Together,"$44,931.00 ",0,1,1/18/14,59,56+,0,0,$78.00 , $-   ,$11.00 , $-   , $-   ,$7.00 ,1,0,0,0,0,0,0,0,2,1,3,5,,
1992,1964,Graduation,Married,"$60,597.00 ",0,1,1/1/14,62,56+,2,0,$522.00 , $-   ,$257.00 ,$32.00 ,$16.00 ,$66.00 ,4,1,0,0,0,0,1,2,2,2,8,7,,
1993,1949,PhD,Married,"$58,607.00 ",0,1,12/23/12,77,56+,63,0,$867.00 , $-   ,$86.00 , $-   , $-   ,$19.00 ,3,0,0,0,1,0,0,1,2,3,9,8,,
1994,1983,Graduation,Married,,1,0,11/15/13,43,36-45,11,0,$5.00 ,$5.00 ,$6.00 , $-   ,$2.00 ,$1.00 ,1,0,0,0,0,0,0,0,1,0,2,7,,
1998,1976,Graduation,Single,"$37,697.00 ",1,0,7/2/14,50,46-55,82,0,$34.00 ,$6.00 ,$21.00 ,$11.00 ,$4.00 ,$8.00 ,1,0,0,0,0,0,0,0,2,1,3,6,,
2002,1958,Graduation,Divorced,"$71,964.00 ",0,0,5/20/13,68,56+,81,0,$587.00 ,$51.00 ,$932.00 ,$180.00 ,$34.00 ,$86.00 ,1,0,0,0,0,0,0,0,5,6,5,3,,
2004,1969,Graduation,Single,"$72,679.00 ",0,1,9/18/13,57,56+,65,0,$619.00 ,$54.00 ,$260.00 ,$127.00 ,$54.00 ,$54.00 ,1,0,0,0,0,0,0,0,4,7,5,1,,
2005,1990,Graduation,Married,"$35,765.00 ",1,0,11/12/13,36,36-45,86,0,$22.00 ,$3.00 ,$30.00 , $-   ,$5.00 ,$15.00 ,2,0,0,0,0,0,0,0,2,0,4,6,,
2008,1978,Graduation,Married,"$77,583.00 ",0,0,10/2/14,48,46-55,93,0,$372.00 ,$23.00 ,$384.00 ,$250.00 ,$12.00 ,$108.00 ,1,1,0,0,0,0,0,1,4,5,9,2,,
2021,1975,Graduation,Married,"$61,456.00 ",0,1,3/27/13,51,46-55,47,0,$563.00 ,$76.00 ,$384.00 ,$84.00 ,$192.00 ,$89.00 ,4,0,0,0,0,0,0,0,6,10,13,4,,
2036,1973,PhD,Together,"$57,906.00 ",0,1,11/6/13,53,46-55,29,0,$243.00 ,$11.00 ,$119.00 ,$10.00 ,$3.00 ,$15.00 ,3,0,0,0,0,0,0,0,4,2,8,4,,
2055,1973,PhD,Divorced,"$35,860.00 ",1,1,5/19/14,53,46-55,37,0,$15.00 , $-   ,$8.00 ,$4.00 ,$2.00 ,$20.00 ,2,0,0,1,0,0,0,1,1,1,2,5,,
2061,1955,Graduation,Married,"$50,737.00 ",0,1,11/5/13,71,56+,61,0,$78.00 , $-   ,$11.00 , $-   , $-   ,$10.00 ,1,0,0,0,1,0,0,1,2,0,4,6,,
2066,1949,Graduation,Together,"$38,823.00 ",0,1,8/30/12,77,56+,56,0,$70.00 , $-   ,$11.00 ,$2.00 ,$8.00 ,$23.00 ,1,0,0,0,0,0,0,0,2,1,3,6,,
2072,1969,PhD,Together,"$53,374.00 ",0,1,8/16/12,57,56+,34,0,$896.00 ,$10.00 ,$101.00 ,$13.00 ,$10.00 ,$34.00 ,6,0,0,1,0,0,1,2,4,2,9,9,,
2075,1969,Graduation,Married,"$72,460.00 ",0,0,11/14/13,57,56+,56,0,$377.00 ,$10.00 ,$540.00 ,$80.00 ,$30.00 ,$10.00 ,1,0,0,0,0,0,0,0,3,5,7,1,,
2079,1947,2n Cycle,Married,"$81,044.00 ",0,0,12/27/13,79,56+,0,0,$450.00 ,$26.00 ,$535.00 ,$73.00 ,$98.00 ,$26.00 ,1,0,0,0,0,0,0,0,5,6,10,1,,
2088,1972,Graduation,Together,"$84,906.00 ",0,0,4/10/13,54,46-55,98,0,$997.00 ,$15.00 ,$414.00 ,$99.00 ,$30.00 ,$76.00 ,1,0,1,0,1,1,0,3,5,6,12,2,,
2098,1969,PhD,Married,"$33,581.00 ",2,0,8/1/13,57,56+,38,0,$11.00 , $-   ,$5.00 , $-   , $-   ,$1.00 ,1,0,0,0,0,0,0,0,1,0,2,8,,
2106,1974,2n Cycle,Married,"$20,130.00 ",0,0,3/17/14,52,46-55,99,0, $-   ,$6.00 ,$3.00 ,$7.00 ,$6.00 ,$12.00 ,1,0,0,0,0,0,0,0,1,0,3,8,,
2109,1990,Graduation,Single,"$96,843.00 ",0,0,4/23/13,36,36-45,60,0,$448.00 ,$71.00 ,$951.00 ,$40.00 ,$17.00 ,$17.00 ,1,0,0,0,0,1,1,2,6,11,10,2,,
2114,1946,PhD,Single,"$82,800.00 ",0,0,11/24/12,80,56+,23,0,"$1,006.00 ",$22.00 ,$115.00 ,$59.00 ,$68.00 ,$45.00 ,1,1,0,0,0,1,1,3,7,6,12,3,,
2115,1957,Graduation,Together,"$50,116.00 ",1,1,6/20/14,69,56+,68,0,$54.00 , $-   ,$10.00 , $-   , $-   ,$2.00 ,2,0,0,0,1,0,0,1,1,0,4,5,,
2118,1964,2n Cycle,Married,"$62,905.00 ",0,1,10/9/13,62,56+,68,0,$166.00 ,$75.00 ,$96.00 ,$119.00 ,$107.00 ,$59.00 ,3,0,0,0,0,0,0,0,7,2,8,4,,
2125,1959,Graduation,Divorced,"$63,033.00 ",0,0,11/15/13,67,56+,82,0,$194.00 ,$61.00 ,$480.00 ,$225.00 ,$112.00 ,$30.00 ,1,0,0,0,0,0,0,0,3,4,8,2,,
2130,1982,Graduation,Together,"$45,203.00 ",2,0,3/23/14,44,36-45,4,0,$35.00 ,$3.00 ,$67.00 ,$10.00 ,$8.00 ,$24.00 ,1,0,0,0,0,0,1,1,3,1,3,6,,
2131,1959,PhD,Divorced,"$62,859.00 ",0,1,12/30/12,67,56+,37,0,"$1,063.00 ",$89.00 ,$102.00 ,$16.00 ,$12.00 ,$25.00 ,4,0,0,0,0,0,0,0,9,4,6,6,,
2134,1952,Graduation,Single,"$53,700.00 ",0,1,8/17/12,74,56+,94,0,$263.00 ,$5.00 ,$233.00 ,$69.00 ,$41.00 ,$83.00 ,4,0,0,0,0,0,0,0,5,5,8,5,,
2139,1975,Master,Married,"$7,500.00 ",1,0,2/10/13,51,46-55,19,0,$3.00 ,$1.00 ,$10.00 ,$3.00 ,$2.00 ,$12.00 ,3,0,0,0,0,0,0,0,2,0,3,5,,
2147,1969,Graduation,Together,"$76,653.00 ",0,0,8/16/13,57,56+,91,0,$736.00 ,$63.00 ,$946.00 ,$219.00 ,$189.00 ,$126.00 ,1,1,0,0,0,1,0,2,4,7,11,2,,
2150,1958,PhD,Widow,"$80,995.00 ",0,1,11/5/13,68,56+,83,0,$860.00 ,$28.00 ,$409.00 ,$73.00 ,$56.00 ,$56.00 ,1,0,0,0,0,0,0,0,8,9,4,4,,
2154,1971,Graduation,Widow,"$30,372.00 ",1,1,12/25/12,55,46-55,33,0,$15.00 , $-   ,$12.00 ,$7.00 ,$3.00 ,$7.00 ,3,0,0,0,0,0,0,0,2,0,3,7,,
2156,1955,PhD,Married,"$22,554.00 ",1,1,3/11/12,71,56+,38,0,$27.00 , $-   ,$10.00 , $-   , $-   ,$4.00 ,4,0,0,0,0,0,0,0,2,0,4,5,,
2157,1972,Graduation,Together,"$26,290.00 ",1,1,12/1/13,54,46-55,49,0,$15.00 ,$8.00 ,$16.00 ,$11.00 ,$5.00 ,$22.00 ,4,0,0,0,0,0,0,0,2,0,4,6,,
2162,1976,Graduation,Married,"$56,939.00 ",0,1,9/18/13,50,46-55,19,0,$256.00 ,$34.00 ,$103.00 ,$90.00 ,$29.00 ,$49.00 ,2,0,0,0,0,0,0,0,3,3,10,3,,
2166,1960,2n Cycle,Widow,"$46,779.00 ",1,1,12/7/13,66,56+,55,0,$12.00 ,$1.00 ,$3.00 , $-   , $-   ,$7.00 ,1,0,0,0,0,0,0,0,0,1,2,4,,
2173,1952,Graduation,Widow,"$40,049.00 ",0,1,10/16/13,74,56+,23,0,$13.00 ,$6.00 ,$7.00 , $-   ,$3.00 ,$3.00 ,1,0,0,0,0,0,0,0,1,0,3,6,,
2174,1954,Graduation,Single,"$46,344.00 ",1,1,8/3/14,72,56+,38,0,$11.00 ,$1.00 ,$6.00 ,$2.00 ,$1.00 ,$6.00 ,2,0,0,0,0,0,0,0,1,1,2,5,,
2176,1972,Graduation,Married,"$80,134.00 ",1,0,5/20/13,54,46-55,40,0,"$1,218.00 ",$16.00 ,$272.00 ,$104.00 , $-   ,$80.00 ,2,1,0,0,1,1,1,4,5,3,6,6,,
2181,1970,Graduation,Married,"$70,617.00 ",0,0,6/23/13,56,56+,45,0,$353.00 ,$61.00 ,$753.00 ,$40.00 ,$46.00 ,$27.00 ,1,0,0,0,0,0,0,0,3,3,7,2,,
2186,1977,2n Cycle,Together,"$82,326.00 ",0,0,10/3/14,49,46-55,30,0,$938.00 ,$142.00 ,$754.00 ,$159.00 ,$81.00 ,$183.00 ,1,1,0,0,1,1,1,4,5,10,6,2,,
2202,1978,Graduation,Together,"$41,154.00 ",0,1,9/4/13,48,46-55,98,0,$44.00 ,$2.00 ,$11.00 ,$2.00 ,$3.00 ,$7.00 ,1,0,0,0,0,0,0,0,1,0,4,5,,
2217,1975,2n Cycle,Married,"$37,284.00 ",1,1,3/29/13,51,46-55,46,0,$11.00 ,$1.00 ,$2.00 ,$2.00 ,$1.00 ,$6.00 ,1,0,0,0,0,0,0,0,0,0,3,6,,
2223,1965,2n Cycle,Divorced,"$64,176.00 ",0,1,3/8/12,61,56+,52,0,"$1,215.00 ",$33.00 ,$249.00 ,$64.00 ,$116.00 ,$149.00 ,8,0,0,0,0,0,0,0,8,9,8,6,,
2225,1977,Graduation,Divorced,"$82,582.00 ",0,0,7/6/14,49,46-55,54,0,$510.00 ,$120.00 ,$550.00 ,$156.00 ,$40.00 ,$241.00 ,1,1,0,1,0,0,1,3,4,9,7,1,,
2227,1958,2n Cycle,Together,"$26,490.00 ",0,0,9/22/12,68,56+,92,0,$45.00 ,$47.00 ,$52.00 ,$21.00 ,$20.00 ,$25.00 ,2,0,0,0,0,0,0,0,3,1,5,6,,
2230,1970,PhD,Married,"$23,626.00 ",1,0,5/24/14,56,56+,84,0,$27.00 ,$2.00 ,$14.00 , $-   , $-   , $-   ,3,0,0,0,0,0,0,0,3,1,3,5,,
2245,1969,Master,Married,"$43,641.00 ",1,1,4/22/13,57,56+,50,0,$57.00 ,$2.00 ,$51.00 ,$4.00 ,$2.00 ,$23.00 ,3,0,0,0,0,0,0,0,2,1,4,6,,
2246,1965,2n Cycle,Married,"$46,891.00 ",0,1,1/9/13,61,56+,91,0,$43.00 ,$12.00 ,$23.00 ,$29.00 ,$15.00 ,$61.00 ,1,0,0,0,0,0,0,0,2,1,4,4,,
2253,1990,Graduation,Married,"$18,929.00 ",0,0,2/16/13,36,36-45,15,0,$32.00 , $-   ,$8.00 ,$23.00 ,$4.00 ,$18.00 ,1,0,0,0,0,0,0,0,1,0,4,6,,
2254,1983,Graduation,Married,"$69,520.00 ",0,0,7/7/13,43,36-45,95,0,$627.00 ,$120.00 ,$414.00 ,$121.00 ,$80.00 ,$93.00 ,1,0,0,0,0,0,0,0,9,6,5,5,,
2256,1973,Master,Married,"$27,159.00 ",1,1,3/29/14,53,46-55,33,0,$17.00 , $-   ,$3.00 , $-   , $-   ,$1.00 ,2,0,0,0,0,0,0,0,1,0,3,6,,
2258,1986,Graduation,Married,"$32,880.00 ",1,0,4/12/12,40,36-45,76,0,$8.00 ,$4.00 ,$15.00 ,$7.00 ,$6.00 ,$2.00 ,1,0,0,0,0,0,0,0,1,0,3,8,,
2261,1969,Graduation,Married,"$26,304.00 ",1,0,6/23/13,57,56+,5,0,$4.00 ,$1.00 ,$5.00 ,$2.00 , $-   ,$4.00 ,1,0,0,0,0,0,0,0,1,0,2,7,,
2262,1965,Master,Together,"$45,143.00 ",0,1,8/26/13,61,56+,74,0,$202.00 ,$5.00 ,$74.00 ,$11.00 ,$5.00 ,$14.00 ,3,0,0,0,0,0,0,0,6,1,5,7,,
2276,1955,Graduation,Single,"$57,959.00 ",0,1,2/5/13,71,56+,71,0,$430.00 ,$16.00 ,$322.00 ,$43.00 ,$24.00 ,$33.00 ,5,0,0,0,0,0,0,0,4,7,11,3,,
2278,1985,2n Cycle,Single,"$33,812.00 ",1,0,3/11/12,41,36-45,86,0,$4.00 ,$17.00 ,$19.00 ,$30.00 ,$24.00 ,$39.00 ,2,0,0,0,0,0,0,0,2,1,3,6,,
2281,1970,Graduation,Single,"$33,697.00 ",1,0,9/15/13,56,56+,34,0,$4.00 ,$3.00 ,$7.00 , $-   ,$3.00 ,$11.00 ,1,0,0,1,0,0,0,1,1,0,2,7,,
2285,1954,Master,Together,"$36,634.00 ",0,1,5/28/13,72,56+,0,0,$213.00 ,$9.00 ,$76.00 ,$4.00 ,$3.00 ,$30.00 ,3,0,0,0,0,0,0,0,5,2,5,7,,
2286,1962,Graduation,Single,"$50,785.00 ",1,1,10/9/13,64,56+,27,0,$64.00 ,$1.00 ,$21.00 , $-   ,$1.00 ,$27.00 ,2,0,0,0,0,0,0,0,2,1,3,6,,
2292,1985,Graduation,Single,"$22,327.00 ",1,0,2/8/13,41,36-45,94,0,$5.00 ,$4.00 ,$8.00 ,$2.00 , $-   ,$5.00 ,1,0,0,0,0,0,0,0,1,0,3,5,,
2295,1954,PhD,Married,"$62,670.00 ",0,1,2/2/14,72,56+,57,0,$539.00 ,$30.00 ,$92.00 ,$80.00 ,$46.00 ,$38.00 ,1,0,0,0,0,0,0,0,5,3,13,3,,
2296,1975,Master,Married,"$37,368.00 ",1,0,12/16/13,51,46-55,4,0,$3.00 ,$2.00 ,$11.00 ,$2.00 ,$2.00 ,$10.00 ,1,0,0,1,0,0,0,1,1,0,2,6,,
2304,1963,PhD,Together,"$66,313.00 ",0,1,9/16/13,63,56+,86,0,$625.00 ,$7.00 ,$99.00 ,$10.00 ,$22.00 ,$7.00 ,2,0,0,0,0,0,0,0,6,3,12,4,,
2308,1954,Graduation,Married,"$46,734.00 ",0,1,11/18/12,72,56+,40,0,$110.00 ,$5.00 ,$137.00 ,$26.00 ,$23.00 ,$29.00 ,2,0,0,0,0,0,0,0,6,1,5,7,,
2315,1960,Graduation,Divorced,"$58,401.00 ",0,1,4/20/14,66,56+,55,0,$10.00 , $-   ,$11.00 ,$17.00 ,$29.00 ,$29.00 ,1,0,0,0,0,0,0,0,1,2,2,4,,
2320,1978,2n Cycle,Married,"$47,025.00 ",0,1,12/9/13,48,46-55,98,0,$508.00 ,$11.00 ,$59.00 ,$23.00 ,$5.00 ,$29.00 ,5,0,0,0,0,0,0,0,11,1,6,9,,
2324,1972,Graduation,Together,"$77,044.00 ",0,1,10/27/13,54,46-55,12,0,$625.00 ,$38.00 ,$242.00 ,$50.00 ,$34.00 ,$76.00 ,2,0,0,1,0,0,0,1,7,11,11,4,,
2326,1990,Graduation,Married,"$18,929.00 ",0,0,2/16/13,36,36-45,15,0,$32.00 , $-   ,$8.00 ,$23.00 ,$4.00 ,$18.00 ,1,0,0,0,0,0,0,0,1,0,4,6,,
2337,1971,Graduation,Divorced,"$29,819.00 ",1,0,10/24/13,55,46-55,77,0,$9.00 ,$1.00 ,$24.00 ,$2.00 ,$1.00 ,$2.00 ,3,0,0,0,0,0,0,0,3,0,3,6,,
2345,1982,PhD,Together,"$70,038.00 ",0,0,10/25/13,44,36-45,54,0,$587.00 ,$54.00 ,$348.00 ,$71.00 ,$54.00 ,$130.00 ,1,0,0,0,0,0,0,0,4,4,8,2,,
2350,1972,Graduation,Married,"$59,666.00 ",1,1,3/22/13,54,46-55,87,0,$623.00 ,$53.00 ,$178.00 ,$23.00 ,$17.00 ,$133.00 ,7,0,0,0,1,0,0,1,3,2,8,8,,
2371,1972,Graduation,Married,"$33,622.00 ",1,1,4/13/13,54,46-55,22,0,$39.00 ,$1.00 ,$22.00 ,$3.00 ,$4.00 ,$12.00 ,3,0,0,0,0,0,0,0,2,0,4,7,,
2375,1972,Graduation,Together,"$30,261.00 ",1,2,9/25/12,54,46-55,75,0,$8.00 , $-   ,$5.00 , $-   ,$3.00 ,$6.00 ,1,0,0,0,0,0,0,0,0,0,3,8,,
2379,1953,Graduation,Single,"$69,267.00 ",0,0,9/22/12,73,56+,31,0,$778.00 ,$44.00 ,$499.00 ,$95.00 ,$73.00 ,$146.00 ,2,0,0,0,0,0,1,1,3,4,5,7,,
2387,1952,Master,Together,"$43,776.00 ",1,1,3/2/13,74,56+,9,0,$177.00 ,$2.00 ,$71.00 ,$3.00 ,$2.00 ,$20.00 ,6,0,0,0,0,0,1,1,5,2,4,8,,
2392,1972,Graduation,Married,"$40,321.00 ",1,1,7/29/13,54,46-55,59,0,$44.00 ,$4.00 ,$21.00 ,$6.00 , $-   ,$27.00 ,2,0,0,0,0,0,0,0,3,0,3,7,,
2404,1976,Graduation,Married,"$53,359.00 ",1,1,5/27/13,50,46-55,4,0,$173.00 ,$4.00 ,$30.00 ,$3.00 ,$6.00 ,$41.00 ,4,0,0,0,0,0,0,0,5,1,4,7,,
2406,1949,Graduation,Together,"$54,591.00 ",0,1,5/8/13,77,56+,63,0,$376.00 ,$4.00 ,$94.00 ,$12.00 ,$9.00 ,$24.00 ,3,0,0,0,0,0,0,0,6,2,8,5,,
2407,1982,Graduation,Married,"$69,109.00 ",0,0,9/11/12,44,36-45,10,0,$823.00 ,$25.00 ,$459.00 ,$124.00 ,$29.00 ,$95.00 ,1,0,0,0,0,1,1,2,6,6,7,4,,
2408,1976,Graduation,Married,"$58,597.00 ",1,1,11/20/12,50,46-55,20,0,$490.00 , $-   ,$184.00 ,$10.00 ,$28.00 ,$21.00 ,12,0,0,0,0,0,0,0,7,4,9,7,,
2410,1969,Graduation,Single,"$81,657.00 ",0,0,1/22/14,57,56+,69,0,$364.00 ,$40.00 ,$425.00 ,$158.00 ,$60.00 ,$50.00 ,1,0,0,0,0,0,0,0,3,4,8,1,,
2415,1962,Graduation,Together,"$62,568.00 ",0,1,7/4/14,64,56+,99,0,$362.00 ,$17.00 ,$398.00 ,$80.00 ,$35.00 ,$61.00 ,3,1,0,0,0,0,0,1,5,3,5,4,,
2416,1969,PhD,Single,"$66,582.00 ",0,0,3/3/14,57,56+,83,0,$789.00 ,$25.00 ,$420.00 ,$16.00 ,$38.00 , $-   ,1,0,0,0,0,0,0,0,2,8,9,1,,
2426,1964,PhD,Divorced,"$78,825.00 ",0,0,9/14/12,62,56+,35,0,$483.00 ,$74.00 ,$114.00 ,$169.00 ,$37.00 ,$18.00 ,1,0,0,0,0,0,1,1,5,10,13,3,,
2428,1970,Graduation,Married,"$28,164.00 ",1,0,4/5/13,56,56+,23,0,$3.00 ,$18.00 ,$26.00 ,$11.00 ,$8.00 ,$12.00 ,3,0,0,0,0,0,0,0,2,0,4,7,,
2429,1954,Graduation,Divorced,"$72,071.00 ",0,1,2/14/13,72,56+,4,0,$531.00 ,$69.00 ,$300.00 ,$150.00 ,$138.00 ,$150.00 ,3,0,0,0,0,0,0,0,5,4,8,2,,
2431,1990,Graduation,Married,"$18,222.00 ",0,0,12/31/12,36,36-45,70,0,$12.00 ,$4.00 ,$19.00 ,$12.00 ,$6.00 ,$14.00 ,1,0,0,0,0,0,0,0,2,0,3,8,,
2437,1989,Graduation,Married,,0,0,3/6/13,37,36-45,69,0,$861.00 ,$138.00 ,$461.00 ,$60.00 ,$30.00 ,$61.00 ,1,1,0,0,1,0,0,2,6,5,12,3,,
2445,1974,PhD,Together,"$28,440.00 ",1,0,7/7/13,52,46-55,87,0,$38.00 ,$1.00 ,$24.00 , $-   , $-   , $-   ,1,0,0,0,0,0,0,0,2,0,3,8,,
2447,1979,Graduation,Together,"$30,545.00 ",1,0,10/17/12,47,46-55,71,0,$4.00 ,$12.00 ,$15.00 ,$19.00 ,$7.00 ,$12.00 ,2,0,0,0,0,0,0,0,2,0,3,7,,
2452,1971,Graduation,Together,"$34,600.00 ",1,1,1/1/13,55,46-55,8,0,$199.00 ,$33.00 ,$60.00 ,$8.00 ,$3.00 ,$15.00 ,5,0,0,0,0,0,1,1,5,2,5,8,,
2453,1960,Graduation,Together,"$62,807.00 ",0,1,8/31/12,66,56+,83,0,$526.00 ,$28.00 ,$135.00 ,$10.00 ,$21.00 ,$99.00 ,3,0,0,0,0,0,0,0,5,3,12,5,,
2456,1975,PhD,Married,"$40,233.00 ",0,1,10/14/13,51,46-55,84,0,$80.00 ,$4.00 ,$46.00 , $-   ,$17.00 ,$2.00 ,5,0,0,0,0,0,0,0,2,1,5,6,,
2457,1975,Basic,Married,"$30,801.00 ",0,1,10/26/12,51,46-55,23,0,$8.00 ,$4.00 ,$5.00 ,$15.00 ,$2.00 ,$11.00 ,2,0,0,0,0,0,0,0,1,0,3,7,,
2461,1955,Master,Single,"$51,124.00 ",1,1,12/18/13,71,56+,79,0,$26.00 ,$1.00 ,$11.00 , $-   ,$1.00 ,$4.00 ,2,0,0,0,0,0,0,0,1,0,3,3,,
2471,1965,Graduation,Married,"$61,482.00 ",0,0,6/27/14,61,56+,39,0,$48.00 ,$58.00 ,$68.00 ,$16.00 ,$66.00 ,$43.00 ,1,0,0,0,0,0,0,0,3,2,6,2,,
2478,1973,Graduation,Married,"$25,410.00 ",1,0,8/31/13,53,46-55,48,0,$2.00 ,$2.00 ,$4.00 ,$13.00 ,$13.00 ,$4.00 ,1,0,0,0,0,0,0,0,1,0,4,4,,
2488,1956,2n Cycle,Divorced,"$31,395.00 ",1,1,3/23/13,70,56+,80,0,$23.00 ,$1.00 ,$25.00 , $-   ,$8.00 ,$7.00 ,4,0,0,0,0,0,0,0,2,1,3,6,,
2493,1966,Graduation,Married,"$61,286.00 ",0,1,2/8/13,60,56+,34,0,$356.00 , $-   ,$107.00 ,$19.00 ,$9.00 ,$117.00 ,2,0,0,0,0,0,0,0,7,1,8,5,,
2495,1974,Master,Married,"$83,891.00 ",0,1,6/20/14,52,46-55,24,0,$217.00 ,$38.00 ,$350.00 ,$111.00 ,$85.00 ,$15.00 ,1,0,0,0,0,0,0,0,4,7,10,1,,
2499,1958,2n Cycle,Single,"$75,342.00 ",0,1,6/5/13,68,56+,38,0,$204.00 ,$97.00 ,$97.00 ,$21.00 ,$118.00 ,$26.00 ,1,0,0,0,0,0,0,0,5,2,10,4,,
2516,1969,2n Cycle,Married,"$46,831.00 ",1,1,8/6/13,57,56+,84,0,$22.00 ,$2.00 ,$10.00 ,$6.00 ,$4.00 ,$34.00 ,2,0,0,0,0,0,0,0,1,2,2,4,,
2518,1986,2n Cycle,Together,"$20,491.00 ",0,0,1/25/13,40,36-45,16,0,$5.00 ,$4.00 ,$5.00 ,$4.00 ,$2.00 ,$10.00 ,1,0,0,0,0,0,0,0,0,1,2,7,,
2521,1971,Master,Married,"$35,178.00 ",1,0,10/1/13,55,46-55,10,0,$23.00 ,$1.00 ,$13.00 ,$2.00 ,$2.00 ,$18.00 ,1,0,0,1,0,0,1,2,1,1,2,7,,
2525,1974,PhD,Married,"$38,410.00 ",0,0,9/14/12,52,46-55,65,0,$153.00 ,$64.00 ,$123.00 ,$116.00 ,$64.00 ,$14.00 ,2,0,0,0,0,0,1,1,5,2,9,6,,
2532,1987,Master,Single,"$73,454.00 ",0,0,1/3/14,39,36-45,95,0,$982.00 ,$73.00 ,$351.00 ,$56.00 ,$14.00 ,$175.00 ,1,0,0,1,0,0,0,1,2,4,6,5,,
2534,1953,Graduation,Married,"$37,716.00 ",0,1,4/21/14,73,56+,4,0,$97.00 ,$1.00 ,$41.00 ,$6.00 ,$2.00 ,$41.00 ,2,0,0,0,0,0,0,0,4,1,3,7,,
2535,1978,Master,Married,"$88,097.00 ",1,0,8/18/12,48,46-55,24,0,$163.00 , $-   ,$480.00 , $-   ,$126.00 ,$75.00 ,1,1,0,0,1,1,1,4,6,5,8,9,,
2541,1976,Graduation,Married,"$24,027.00 ",1,0,9/6/13,50,46-55,7,0,$14.00 ,$7.00 ,$11.00 ,$11.00 , $-   ,$5.00 ,2,0,0,0,0,0,0,0,2,0,3,8,,
2544,1951,Master,Divorced,"$57,530.00 ",0,1,12/10/13,75,56+,68,0,$50.00 ,$1.00 ,$27.00 ,$6.00 ,$7.00 ,$1.00 ,1,0,0,0,0,0,0,0,1,1,4,1,,
2546,1977,2n Cycle,Single,"$31,878.00 ",0,1,6/22/14,49,46-55,7,0,$23.00 ,$4.00 ,$5.00 ,$10.00 ,$5.00 ,$23.00 ,1,0,0,0,0,0,0,0,1,0,4,3,,
2549,1983,PhD,Together,"$21,840.00 ",1,0,7/21/13,43,36-45,80,0,$17.00 , $-   ,$9.00 , $-   , $-   ,$1.00 ,1,0,0,0,0,0,0,0,1,0,3,9,,
2552,1955,PhD,Single,"$55,521.00 ",1,2,10/22/13,71,56+,11,0,$416.00 , $-   ,$26.00 , $-   , $-   ,$4.00 ,9,0,0,0,1,0,1,2,6,3,6,7,,
2557,1970,Master,Single,"$29,548.00 ",1,0,8/29/13,56,56+,52,0,$7.00 ,$1.00 ,$6.00 ,$3.00 ,$1.00 ,$11.00 ,1,0,0,1,0,0,0,1,1,1,2,4,,
2561,1966,Graduation,Single,"$63,810.00 ",0,1,11/11/12,60,56+,45,0,$977.00 ,$12.00 ,$253.00 ,$16.00 ,$12.00 ,$101.00 ,4,0,0,0,1,0,0,1,4,3,12,8,,
2563,1961,Basic,Married,"$28,249.00 ",0,0,6/15/14,65,56+,80,0,$1.00 ,$9.00 ,$7.00 ,$2.00 ,$14.00 ,$10.00 ,1,0,0,0,0,0,0,0,2,0,3,6,,
2564,1953,Graduation,Together,"$61,278.00 ",0,1,4/1/14,73,56+,87,0,$111.00 ,$3.00 ,$28.00 ,$2.00 ,$6.00 ,$15.00 ,2,0,0,0,0,0,0,0,3,1,4,6,,
2565,1955,Master,Divorced,"$70,638.00 ",0,0,1/6/13,71,56+,69,0,"$1,016.00 ",$12.00 ,$215.00 ,$16.00 ,$12.00 ,$63.00 ,1,0,0,0,1,0,0,1,4,5,10,3,,
2569,1987,Graduation,Married,"$17,323.00 ",0,0,10/10/12,39,36-45,38,0,$3.00 ,$14.00 ,$17.00 ,$6.00 ,$1.00 ,$5.00 ,1,0,0,0,0,0,0,0,1,0,3,8,,
2570,1968,Graduation,Together,"$56,534.00 ",0,1,7/23/13,58,56+,35,0,$691.00 ,$7.00 ,$61.00 ,$10.00 , $-   ,$46.00 ,4,0,1,0,1,0,1,3,10,4,7,8,,
2574,1977,PhD,Married,"$61,996.00 ",0,1,1/31/13,49,46-55,27,0,"$1,050.00 ",$12.00 ,$144.00 , $-   , $-   ,$24.00 ,3,1,1,0,1,0,1,4,6,4,8,5,,
2579,1957,Graduation,Married,"$71,113.00 ",0,1,12/17/13,69,56+,95,0,$495.00 ,$33.00 ,$255.00 ,$11.00 ,$33.00 ,$8.00 ,4,0,0,0,0,0,0,0,6,7,9,4,,
2587,1972,PhD,Married,"$29,791.00 ",1,0,5/15/14,54,46-55,21,0,$14.00 , $-   ,$6.00 , $-   , $-   , $-   ,2,0,0,0,0,0,0,0,2,0,3,5,,
2589,1972,Graduation,Divorced,"$26,759.00 ",1,0,7/2/14,54,46-55,65,0,$25.00 ,$3.00 ,$16.00 ,$8.00 ,$5.00 ,$2.00 ,2,0,0,0,0,0,0,0,2,1,3,6,,
2591,1959,Graduation,Widow,"$76,320.00 ",0,1,6/22/14,67,56+,49,0,$526.00 ,$35.00 ,$214.00 ,$69.00 ,$53.00 ,$35.00 ,2,0,0,0,0,0,0,0,6,3,4,2,,
2607,1953,Graduation,Single,"$40,464.00 ",0,1,11/1/13,73,56+,78,0,$424.00 ,$17.00 ,$118.00 ,$7.00 ,$23.00 ,$41.00 ,6,0,0,0,0,0,0,0,8,2,8,8,,
2611,1959,Master,Together,"$82,576.00 ",0,0,1/8/12,67,56+,66,0,"$1,206.00 ",$55.00 ,$445.00 ,$168.00 ,$18.00 ,$18.00 ,1,0,0,0,0,1,0,1,2,4,12,1,,
2612,1987,Graduation,Married,"$75,794.00 ",0,0,12/24/13,39,36-45,33,0,$754.00 ,$160.00 ,$625.00 ,$63.00 ,$32.00 ,$48.00 ,1,1,0,0,0,0,0,1,7,5,12,3,,
2613,1960,Master,Married,"$54,197.00 ",0,1,3/4/14,66,56+,16,0,$162.00 ,$6.00 ,$37.00 ,$6.00 ,$13.00 ,$13.00 ,2,0,0,0,0,0,0,0,1,3,6,1,,
2620,1974,PhD,Married,"$34,596.00 ",1,0,4/13/13,52,46-55,48,0,$14.00 , $-   ,$2.00 , $-   , $-   ,$7.00 ,1,0,0,0,0,0,1,1,1,0,2,8,,
2625,1954,2n Cycle,Single,"$42,607.00 ",0,1,11/17/13,72,56+,30,0,$156.00 ,$29.00 ,$56.00 ,$30.00 ,$32.00 ,$47.00 ,2,0,0,0,0,0,0,0,3,2,7,3,,
2631,1982,Graduation,Together,"$71,853.00 ",0,0,8/5/13,44,36-45,29,0,$358.00 ,$108.00 ,$413.00 ,$141.00 ,$97.00 ,$32.00 ,1,0,0,0,0,0,0,0,2,8,6,1,,
2632,1954,Graduation,Married,"$50,501.00 ",1,1,6/18/13,72,56+,10,0,$297.00 , $-   ,$38.00 ,$13.00 , $-   ,$152.00 ,7,0,0,1,0,0,1,2,5,4,4,6,,
2634,1979,Master,Single,"$16,653.00 ",1,0,4/18/14,47,46-55,10,0,$5.00 ,$7.00 ,$31.00 ,$15.00 ,$4.00 ,$7.00 ,3,0,0,0,0,0,1,1,2,1,3,6,,
2639,1966,Graduation,Single,"$43,602.00 ",1,1,10/1/14,60,56+,45,0,$19.00 ,$5.00 ,$12.00 ,$10.00 ,$3.00 ,$19.00 ,3,0,0,0,0,0,0,0,3,1,2,6,,
2656,1971,Graduation,Divorced,"$40,851.00 ",1,1,2/21/13,55,46-55,63,0,$23.00 ,$1.00 ,$7.00 , $-   ,$4.00 ,$24.00 ,1,0,0,0,0,0,0,0,1,1,2,7,,
2661,1964,Graduation,Single,"$18,701.00 ",1,1,4/6/13,62,56+,95,0,$12.00 ,$4.00 ,$2.00 ,$10.00 ,$6.00 ,$10.00 ,4,0,0,0,0,0,0,0,2,0,4,5,,
2666,1972,Master,Married,"$76,234.00 ",0,1,6/2/14,54,46-55,21,0,$519.00 ,$50.00 ,$167.00 ,$130.00 , $-   ,$41.00 ,1,0,0,0,1,0,0,1,8,3,11,3,,
2669,1993,Graduation,Single,"$74,293.00 ",0,0,4/5/14,33,26-35,66,0,$375.00 ,$152.00 ,$335.00 ,$93.00 ,$91.00 ,$81.00 ,1,0,0,0,0,0,0,0,5,4,6,2,,
2674,1958,Master,Single,"$75,154.00 ",0,1,4/9/12,68,56+,79,0,$543.00 ,$10.00 ,$205.00 ,$160.00 ,$143.00 ,$82.00 ,1,0,0,0,0,0,1,1,6,3,6,3,,
2677,1956,Graduation,Together,"$46,097.00 ",0,1,3/31/13,70,56+,11,0,$72.00 ,$24.00 ,$68.00 ,$65.00 ,$4.00 ,$8.00 ,5,0,0,0,0,0,0,0,3,1,6,4,,
2678,1990,Graduation,Single,"$34,412.00 ",1,0,2/13/13,36,36-45,62,0,$52.00 ,$12.00 ,$50.00 ,$4.00 ,$36.00 ,$55.00 ,3,0,0,0,0,0,0,0,5,0,3,9,,
2681,1984,2n Cycle,Married,"$65,370.00 ",0,0,1/8/13,42,36-45,1,0,$71.00 ,$22.00 ,$112.00 ,$138.00 ,$89.00 ,$29.00 ,1,0,0,0,0,0,0,0,2,3,13,1,,
2683,1969,Graduation,Married,"$52,413.00 ",0,2,2/2/13,57,56+,56,0,$295.00 ,$106.00 ,$271.00 ,$75.00 ,$98.00 ,$65.00 ,4,0,0,0,0,0,0,0,6,4,12,6,,
2686,1969,Basic,Together,"$22,390.00 ",0,0,10/21/13,57,56+,49,0, $-   ,$1.00 ,$4.00 ,$15.00 ,$1.00 ,$5.00 ,1,0,0,0,0,0,0,0,1,0,2,7,,
2694,1967,Graduation,Married,"$42,664.00 ",0,1,3/18/14,59,56+,44,0,$21.00 , $-   ,$3.00 , $-   , $-   , $-   ,1,0,0,0,0,0,0,0,1,0,3,6,,
2698,1976,Graduation,Single,"$47,025.00 ",0,1,7/11/13,50,46-55,52,0,$254.00 ,$7.00 ,$108.00 ,$20.00 , $-   ,$26.00 ,3,0,0,0,0,0,0,0,6,3,5,6,,
2711,1976,Master,Together,"$30,560.00 ",1,0,6/27/13,50,46-55,6,0,$9.00 ,$1.00 ,$5.00 ,$4.00 ,$5.00 ,$7.00 ,1,0,0,0,0,0,0,0,1,0,3,7,,
2712,1956,Graduation,Married,"$71,866.00 ",0,1,12/25/13,70,56+,85,0,$184.00 ,$178.00 ,$178.00 ,$103.00 ,$39.00 ,$33.00 ,1,0,0,0,0,0,0,0,6,3,10,3,,
2715,1966,Master,Divorced,"$29,435.00 ",1,1,6/8/12,60,56+,11,0,$70.00 ,$3.00 ,$37.00 ,$4.00 ,$2.00 ,$64.00 ,4,0,0,0,0,0,1,1,3,2,2,9,,
2724,1981,Master,Single,"$36,143.00 ",1,0,3/30/14,45,36-45,33,0,$12.00 , $-   ,$1.00 , $-   , $-   ,$6.00 ,1,0,0,0,0,0,0,0,0,1,2,3,,
2727,1973,Graduation,Together,"$57,100.00 ",0,0,4/12/13,53,46-55,19,0,$181.00 ,$21.00 ,$69.00 ,$39.00 ,$3.00 ,$96.00 ,1,0,0,0,0,0,0,0,3,3,6,3,,
2730,1955,Graduation,Single,"$80,317.00 ",0,0,8/20/13,71,56+,64,0,$536.00 ,$11.00 ,$387.00 ,$149.00 ,$91.00 ,$57.00 ,1,0,0,0,0,0,0,0,3,4,10,1,,
2736,1978,Graduation,Married,"$73,807.00 ",0,1,2/1/13,48,46-55,88,0,$366.00 ,$124.00 ,$156.00 ,$71.00 ,$78.00 ,$54.00 ,2,0,0,0,0,0,0,0,5,5,11,2,,
2740,1958,PhD,Widow,"$33,438.00 ",1,1,9/22/13,68,56+,81,0,$62.00 ,$1.00 ,$16.00 ,$3.00 ,$2.00 ,$6.00 ,4,0,0,0,0,0,0,0,2,1,4,5,,
2747,1988,PhD,Married,"$67,546.00 ",0,0,8/31/12,38,36-45,90,0,$864.00 ,$134.00 ,$768.00 ,$150.00 ,$38.00 ,$172.00 ,1,0,0,0,0,0,0,0,4,10,5,3,,
2781,1981,Graduation,Single,"$72,066.00 ",0,0,6/23/14,45,36-45,55,0,"$1,003.00 ",$34.00 ,$536.00 ,$134.00 ,$51.00 ,$34.00 ,1,1,0,0,0,1,1,3,4,6,6,2,,
2782,1961,PhD,Married,"$54,456.00 ",0,1,11/7/13,65,56+,23,0,$352.00 , $-   ,$27.00 ,$10.00 , $-   ,$15.00 ,3,0,0,0,0,0,0,0,6,1,7,6,,
2793,1976,PhD,Divorced,"$70,179.00 ",0,1,7/21/13,50,46-55,10,0,$532.00 ,$88.00 ,$168.00 ,$69.00 ,$44.00 ,$133.00 ,3,0,0,0,0,0,0,0,7,3,13,5,,
2795,1958,Master,Single,"$30,523.00 ",2,1,1/7/13,68,56+,0,0,$5.00 , $-   ,$3.00 , $-   , $-   ,$5.00 ,1,0,0,0,0,0,0,0,1,0,2,7,,
2797,1977,Graduation,Married,"$72,117.00 ",0,1,8/20/13,49,46-55,34,0,$707.00 ,$20.00 ,$171.00 ,$65.00 ,$60.00 ,$50.00 ,1,0,0,0,0,0,0,0,9,7,9,5,,
2798,1977,PhD,Together,"$102,160.00 ",0,0,2/11/12,49,46-55,54,0,$763.00 ,$29.00 ,$138.00 ,$76.00 ,$176.00 ,$58.00 ,0,1,0,0,1,1,1,4,7,9,10,4,,
2802,1992,2n Cycle,Married,"$87,000.00 ",0,0,12/15/12,34,26-35,61,0,$196.00 ,$25.00 ,$607.00 ,$67.00 ,$17.00 ,$49.00 ,1,0,0,0,0,0,0,0,4,6,7,2,,
2804,1975,Master,Single,"$46,098.00 ",1,1,8/18/12,51,46-55,86,0,$57.00 , $-   ,$27.00 , $-   , $-   ,$36.00 ,4,0,0,0,0,0,1,1,3,2,2,8,,
2807,1969,Graduation,Married,"$56,796.00 ",0,1,2/16/13,57,56+,24,0,$656.00 ,$38.00 ,$161.00 ,$62.00 ,$47.00 ,$37.00 ,3,0,0,0,0,0,0,0,8,9,7,7,,
2811,1963,PhD,Single,"$48,918.00 ",1,1,12/4/14,63,56+,21,0,$52.00 , $-   ,$9.00 , $-   , $-   ,$1.00 ,2,0,0,0,0,0,0,0,1,0,4,4,,
2814,1976,Master,Together,"$30,560.00 ",1,0,6/27/13,50,46-55,6,0,$9.00 ,$1.00 ,$5.00 ,$4.00 ,$5.00 ,$7.00 ,1,0,0,0,0,0,0,0,1,0,3,7,,
2815,1975,Graduation,Married,"$33,183.00 ",1,0,2/24/14,51,46-55,46,0,$7.00 ,$5.00 ,$39.00 ,$17.00 ,$15.00 ,$37.00 ,2,0,0,0,0,0,0,0,4,0,3,7,,
2826,1967,Graduation,Married,"$22,574.00 ",2,1,10/28/13,59,56+,28,0,$25.00 , $-   ,$8.00 ,$2.00 , $-   ,$2.00 ,2,0,0,0,0,0,0,0,2,0,3,7,,
2829,1955,Graduation,Married,"$65,210.00 ",0,1,10/3/14,71,56+,25,0,$626.00 , $-   ,$70.00 , $-   ,$7.00 ,$28.00 ,2,1,0,0,1,0,0,2,9,3,8,6,,
2831,1976,Graduation,Together,"$78,416.00 ",0,1,6/27/14,50,46-55,99,0,$453.00 ,$38.00 ,$279.00 ,$188.00 ,$38.00 ,$183.00 ,2,0,0,0,0,0,0,0,7,7,10,3,,
2836,1972,PhD,Married,"$43,269.00 ",1,0,9/16/13,54,46-55,61,0,$10.00 ,$1.00 ,$7.00 , $-   , $-   ,$1.00 ,1,0,0,0,0,0,0,0,1,0,2,8,,
2849,1979,Graduation,Single,"$60,474.00 ",0,1,1/4/13,47,46-55,25,0,$265.00 ,$199.00 ,$303.00 ,$234.00 ,$9.00 ,$170.00 ,7,0,0,0,0,0,0,0,10,2,12,7,,
2853,1980,Graduation,Single,"$51,766.00 ",1,0,11/3/14,46,46-55,74,0,$60.00 ,$51.00 ,$87.00 ,$6.00 ,$20.00 ,$51.00 ,2,0,0,0,0,0,0,0,4,2,4,5,,
2861,1983,Graduation,Single,"$24,072.00 ",1,0,4/16/13,43,36-45,79,0,$9.00 ,$1.00 ,$6.00 ,$3.00 , $-   ,$4.00 ,1,0,0,0,0,0,0,0,1,0,2,8,,
2863,1970,Graduation,Single,,1,2,8/23/13,56,56+,67,0,$738.00 ,$20.00 ,$172.00 ,$52.00 ,$50.00 ,$20.00 ,6,1,0,0,1,0,0,2,2,3,10,7,,
2868,1949,PhD,Single,"$26,518.00 ",1,1,8/4/13,77,56+,33,0,$20.00 ,$1.00 ,$28.00 ,$3.00 ,$3.00 ,$2.00 ,3,0,0,0,0,0,1,1,2,0,3,8,,
2870,1973,Graduation,Married,"$49,094.00 ",0,1,9/21/12,53,46-55,6,0,$376.00 , $-   ,$38.00 ,$11.00 ,$8.00 ,$69.00 ,5,0,0,0,0,0,0,0,6,3,6,6,,
2874,1988,2n Cycle,Divorced,"$35,388.00 ",1,0,7/3/13,38,36-45,20,0,$6.00 ,$4.00 ,$7.00 ,$4.00 ,$3.00 ,$8.00 ,1,0,0,0,0,0,0,0,1,0,3,7,,
2875,1978,Graduation,Married,"$67,023.00 ",0,0,4/3/14,48,46-55,93,1,$444.00 ,$44.00 ,$382.00 ,$11.00 ,$8.00 ,$17.00 ,1,0,0,0,0,0,0,0,3,7,13,2,,
2877,1974,Master,Together,"$46,014.00 ",1,1,1/21/13,52,46-55,21,0,$410.00 , $-   ,$59.00 ,$19.00 ,$9.00 ,$44.00 ,10,0,0,0,0,0,0,0,7,1,8,7,,
2878,1947,PhD,Married,"$67,472.00 ",0,1,9/28/13,79,56+,93,0,$162.00 ,$31.00 ,$127.00 ,$8.00 ,$17.00 ,$69.00 ,2,0,0,0,0,0,0,0,4,2,7,3,,
2882,1975,2n Cycle,Divorced,"$67,893.00 ",0,1,1/10/12,51,46-55,31,0,$711.00 ,$28.00 ,$142.00 ,$49.00 ,$18.00 ,$47.00 ,2,0,0,0,0,0,0,0,3,2,9,8,,
2886,1971,Master,Divorced,"$74,290.00 ",0,1,12/8/13,55,46-55,70,0,"$1,121.00 ", $-   ,$72.00 , $-   ,$12.00 ,$12.00 ,4,1,0,0,1,0,0,2,10,8,10,6,,
2891,1963,Graduation,Divorced,"$68,118.00 ",0,1,10/18/13,63,56+,51,0,$595.00 ,$23.00 ,$123.00 ,$10.00 ,$23.00 ,$154.00 ,2,0,0,0,0,0,0,0,8,9,4,6,,
2894,1985,Graduation,Single,"$72,903.00 ",0,0,10/29/13,41,36-45,74,0,"$1,067.00 ",$138.00 ,$750.00 , $-   ,$19.00 ,$39.00 ,1,1,0,0,1,1,1,4,7,5,8,4,,
2895,1963,Graduation,Single,"$49,980.00 ",0,1,10/23/13,63,56+,79,0,$104.00 ,$1.00 ,$54.00 ,$13.00 ,$9.00 ,$14.00 ,2,0,0,0,0,0,0,0,3,1,5,5,,
2902,1958,Graduation,Together,,1,1,3/9/12,68,56+,87,0,$19.00 ,$4.00 ,$12.00 ,$2.00 ,$2.00 ,$6.00 ,1,0,0,0,0,0,0,0,1,0,3,5,,
2909,1974,PhD,Married,"$78,128.00 ",0,1,2/19/14,52,46-55,89,0,$934.00 ,$24.00 ,$230.00 ,$16.00 ,$24.00 ,$36.00 ,2,0,0,0,1,1,0,2,8,4,6,3,,
2918,1981,Graduation,Divorced,"$28,510.00 ",1,1,4/13/13,45,36-45,72,0,$44.00 ,$5.00 ,$19.00 , $-   ,$4.00 ,$19.00 ,3,0,0,0,0,0,0,0,2,0,4,5,,
2920,1975,PhD,Single,"$52,614.00 ",0,1,1/12/12,51,46-55,63,0,$789.00 , $-   ,$142.00 ,$12.00 ,$9.00 ,$38.00 ,2,0,0,0,0,0,0,0,2,4,8,8,,
2926,1952,Master,Together,"$55,951.00 ",0,1,8/23/12,74,56+,62,0,"$1,241.00 ", $-   ,$80.00 , $-   ,$13.00 ,$40.00 ,3,0,1,0,1,0,0,2,3,6,11,8,,
2928,1975,PhD,Single,"$52,614.00 ",0,1,1/12/12,51,46-55,63,0,$789.00 , $-   ,$142.00 ,$12.00 ,$9.00 ,$38.00 ,2,0,0,0,0,0,0,0,2,4,8,8,,
2929,1976,Graduation,Single,"$20,180.00 ",0,0,2/20/13,50,46-55,27,0,$18.00 ,$42.00 ,$24.00 ,$15.00 ,$20.00 ,$18.00 ,1,0,0,0,0,0,0,0,2,1,4,7,,
2930,1978,Master,Single,"$68,092.00 ",0,0,12/16/13,48,46-55,7,0,$852.00 ,$60.00 ,$207.00 ,$78.00 ,$36.00 ,$48.00 ,2,0,0,0,0,0,0,0,2,6,10,5,,
2931,1978,Graduation,Divorced,"$71,847.00 ",0,0,9/21/12,48,46-55,95,0,$737.00 ,$21.00 ,$106.00 ,$55.00 ,$63.00 ,$210.00 ,0,1,0,0,0,0,0,1,6,7,9,3,,
2936,1982,Master,Together,"$23,661.00 ",1,0,4/12/13,44,36-45,46,0,$18.00 , $-   ,$4.00 , $-   , $-   ,$1.00 ,1,0,0,0,0,0,0,0,1,0,3,7,,
2937,1974,PhD,Single,"$68,352.00 ",0,1,8/28/13,52,46-55,47,0,$614.00 ,$16.00 ,$132.00 ,$43.00 ,$33.00 ,$33.00 ,3,0,0,0,0,0,0,0,8,5,9,6,,
2939,1970,Master,Together,"$79,419.00 ",0,0,6/22/14,56,56+,96,0,$751.00 ,$127.00 ,$687.00 ,$20.00 ,$15.00 ,$31.00 ,1,0,0,0,0,0,0,0,4,6,4,2,,
2942,1964,Graduation,Single,"$45,906.00 ",0,1,7/5/13,62,56+,20,0,$305.00 ,$3.00 ,$27.00 ,$4.00 ,$3.00 ,$144.00 ,2,0,0,1,0,0,0,1,5,4,4,5,,
2945,1955,PhD,Together,"$46,015.00 ",1,1,4/13/14,71,56+,25,0,$38.00 , $-   ,$2.00 , $-   , $-   ,$6.00 ,1,0,1,1,0,0,0,2,1,0,3,7,,
2948,1954,Master,Divorced,"$62,637.00 ",0,1,1/3/14,72,56+,76,0,$104.00 ,$12.00 ,$48.00 ,$4.00 ,$12.00 ,$5.00 ,1,0,0,0,0,0,0,0,2,2,5,2,,
2952,1977,Master,Single,"$36,273.00 ",1,0,4/16/14,49,46-55,80,0,$29.00 ,$3.00 ,$30.00 ,$3.00 ,$2.00 ,$9.00 ,2,0,0,0,0,0,0,0,3,0,3,6,,
2958,1978,Graduation,Married,"$28,442.00 ",2,0,2/24/14,48,46-55,53,0,$19.00 ,$3.00 ,$10.00 ,$11.00 ,$8.00 ,$6.00 ,3,0,0,0,0,0,0,0,2,1,4,4,,
2961,1982,Graduation,Married,"$42,081.00 ",1,0,2/26/13,44,36-45,86,0,$175.00 ,$10.00 ,$110.00 ,$54.00 ,$6.00 ,$27.00 ,2,0,0,1,0,0,0,1,6,3,4,6,,
2963,1979,Graduation,Together,"$75,507.00 ",0,0,2/5/14,47,46-55,56,0,$709.00 ,$93.00 ,$374.00 ,$104.00 ,$80.00 ,$80.00 ,1,0,0,0,0,0,0,0,8,6,6,3,,
2964,1981,Graduation,Married,"$26,872.00 ",0,0,10/16/13,45,36-45,0,0,$3.00 ,$10.00 ,$8.00 ,$3.00 ,$16.00 ,$32.00 ,1,0,0,0,0,0,0,0,1,1,2,6,,
2968,1943,PhD,Divorced,"$48,948.00 ",0,0,1/2/13,83,56+,53,0,$437.00 ,$8.00 ,$206.00 ,$160.00 ,$49.00 ,$42.00 ,2,0,0,1,0,0,1,2,7,10,5,6,,
2975,1976,Graduation,Together,"$85,606.00 ",0,1,12/11/12,50,46-55,89,0,$717.00 ,$42.00 ,$864.00 ,$219.00 ,$30.00 ,$84.00 ,2,1,0,0,0,0,0,1,6,7,9,3,,
2980,1952,Master,Single,"$8,820.00 ",1,1,3/22/13,74,56+,52,0,$12.00 , $-   ,$13.00 ,$4.00 ,$2.00 ,$4.00 ,4,0,0,0,0,0,0,0,3,0,3,8,,
2986,1976,Graduation,Married,"$30,772.00 ",1,1,12/3/14,50,46-55,89,0,$7.00 ,$2.00 ,$4.00 ,$2.00 ,$1.00 ,$4.00 ,1,0,0,0,0,0,0,0,1,0,2,6,,
2995,1957,Master,Together,"$66,636.00 ",0,0,8/17/13,69,56+,64,0,$291.00 ,$10.00 ,$689.00 ,$84.00 ,$10.00 , $-   ,1,0,0,0,0,0,0,0,3,4,9,1,,
3005,1992,Graduation,Single,"$83,528.00 ",0,0,1/5/14,34,26-35,7,0,$530.00 ,$117.00 ,$678.00 ,$134.00 ,$44.00 ,$147.00 ,1,1,0,1,0,0,1,3,4,10,8,1,,
3006,1976,Graduation,Divorced,"$30,992.00 ",1,0,4/22/13,50,46-55,83,0,$17.00 , $-   ,$14.00 ,$7.00 ,$3.00 ,$2.00 ,1,0,0,0,0,0,0,0,1,0,3,7,,
3007,1966,Graduation,Together,"$37,758.00 ",1,1,4/10/12,60,56+,49,0,$27.00 ,$2.00 ,$10.00 , $-   , $-   ,$1.00 ,2,0,0,0,0,0,0,0,1,0,3,8,,
3009,1962,PhD,Widow,"$71,670.00 ",0,0,9/7/13,64,56+,8,0,"$1,462.00 ",$16.00 ,$128.00 , $-   , $-   ,$160.00 ,1,0,1,0,1,1,1,4,5,3,6,6,,
3010,1989,Master,Together,"$88,420.00 ",0,0,2/5/14,37,36-45,87,0,$957.00 ,$153.00 ,$612.00 ,$99.00 ,$95.00 ,$153.00 ,1,1,0,1,0,1,0,3,4,7,8,1,,
3011,1965,Graduation,Married,"$69,139.00 ",0,1,1/27/14,61,56+,23,0,$86.00 ,$12.00 ,$75.00 ,$33.00 ,$15.00 ,$6.00 ,1,0,0,0,0,0,0,0,4,1,5,4,,
3025,1958,Graduation,Single,"$49,967.00 ",0,1,8/7/13,68,56+,4,0,$212.00 ,$6.00 ,$69.00 ,$4.00 ,$12.00 ,$3.00 ,3,0,0,0,0,0,0,0,6,1,5,7,,
3032,1984,Graduation,Married,"$24,570.00 ",1,0,2/27/13,42,36-45,97,0,$28.00 ,$34.00 ,$62.00 ,$11.00 ,$14.00 ,$44.00 ,3,0,0,0,0,0,0,0,4,0,4,9,,
3033,1963,Master,Together,"$38,620.00 ",0,0,11/5/13,63,56+,56,0,$112.00 ,$17.00 ,$44.00 ,$34.00 ,$22.00 ,$89.00 ,1,0,0,0,0,0,0,0,2,5,3,3,,
3037,1983,PhD,Married,"$50,150.00 ",0,0,6/20/13,43,36-45,32,0,$135.00 ,$46.00 ,$92.00 ,$65.00 ,$61.00 ,$11.00 ,2,0,0,0,0,0,0,0,5,2,7,5,,
3050,1966,Graduation,Married,"$54,198.00 ",1,1,12/17/13,60,56+,13,0,$185.00 , $-   ,$28.00 ,$3.00 ,$2.00 ,$17.00 ,6,0,0,0,0,0,0,0,3,1,6,4,,
3056,1978,Graduation,Divorced,"$63,693.00 ",0,1,10/14/13,48,46-55,63,0,$587.00 ,$43.00 ,$337.00 ,$42.00 ,$87.00 ,$54.00 ,3,0,0,0,0,0,0,0,11,6,9,6,,
3066,1975,PhD,Together,"$61,905.00 ",0,1,4/2/14,51,46-55,2,0,$167.00 , $-   ,$43.00 ,$6.00 ,$2.00 ,$13.00 ,2,0,0,0,0,0,0,0,4,2,4,5,,
3068,1990,Graduation,Married,"$18,351.00 ",0,0,10/29/13,36,36-45,1,0,$1.00 ,$12.00 ,$9.00 , $-   ,$14.00 ,$7.00 ,1,0,0,0,0,0,0,0,2,0,3,7,,
3074,1984,PhD,Married,"$70,643.00 ",0,0,10/15/12,42,36-45,66,0,"$1,218.00 ",$107.00 ,$304.00 ,$23.00 ,$143.00 ,$33.00 ,1,0,0,0,0,0,1,1,5,8,4,6,,
3075,1972,PhD,Married,"$59,973.00 ",0,0,11/9/13,54,46-55,47,0,$130.00 ,$30.00 ,$168.00 ,$20.00 ,$34.00 , $-   ,1,0,0,0,0,0,0,0,3,4,7,1,,
3076,1975,Graduation,Together,"$66,653.00 ",1,1,7/9/12,51,46-55,18,0,$452.00 ,$18.00 ,$102.00 ,$16.00 ,$18.00 ,$6.00 ,4,0,0,0,0,0,0,0,4,2,12,3,,
3081,1978,PhD,Married,"$41,014.00 ",1,0,4/22/13,48,46-55,65,0,$7.00 ,$2.00 ,$6.00 ,$2.00 , $-   ,$3.00 ,1,0,0,0,0,0,0,0,1,0,2,7,,
3083,1974,Graduation,Married,"$45,837.00 ",1,1,7/26/13,52,46-55,88,0,$215.00 ,$13.00 ,$87.00 ,$17.00 ,$17.00 ,$24.00 ,5,0,0,0,0,0,0,0,6,2,5,7,,
3091,1981,2n Cycle,Together,"$75,774.00 ",1,0,2/5/14,45,36-45,27,0,$340.00 ,$21.00 ,$134.00 ,$258.00 ,$14.00 ,$56.00 ,1,0,0,0,0,0,0,0,7,5,8,4,,
3099,1970,Graduation,Divorced,"$44,267.00 ",1,1,2/25/13,56,56+,48,0,$183.00 ,$5.00 ,$65.00 ,$3.00 ,$5.00 ,$49.00 ,5,0,0,0,0,0,0,0,5,2,4,9,,
3102,1981,2n Cycle,Together,"$19,414.00 ",1,0,10/16/13,45,36-45,32,0,$2.00 ,$3.00 ,$12.00 ,$3.00 ,$5.00 ,$7.00 ,1,0,0,0,0,0,0,0,1,0,3,8,,
3104,1961,Graduation,Single,"$82,332.00 ",0,0,9/17/12,65,56+,89,0,$830.00 ,$59.00 ,$968.00 ,$51.00 ,$79.00 ,$19.00 ,1,0,0,0,0,1,1,2,5,3,12,2,,
3107,1976,Graduation,Together,"$71,322.00 ",0,1,2/5/14,50,46-55,31,0,$121.00 ,$24.00 ,$124.00 ,$24.00 ,$15.00 ,$42.00 ,1,0,0,0,0,0,0,0,4,1,7,2,,
3112,1977,Master,Married,"$22,701.00 ",1,0,5/9/13,49,46-55,2,0,$2.00 ,$4.00 ,$9.00 , $-   ,$4.00 ,$5.00 ,1,0,0,0,0,0,0,0,1,0,3,5,,
3117,1955,Graduation,Single,,0,1,10/18/13,71,56+,95,0,$264.00 , $-   ,$21.00 ,$12.00 ,$6.00 ,$147.00 ,3,0,0,0,0,0,0,0,6,1,5,7,,
3120,1981,Graduation,Together,"$38,547.00 ",1,0,8/28/13,45,36-45,49,1,$6.00 ,$1.00 ,$10.00 , $-   ,$1.00 ,$4.00 ,1,0,0,0,0,0,0,0,1,0,2,8,,
3129,1983,Graduation,Married,"$30,096.00 ",1,0,5/22/14,43,36-45,30,0,$5.00 ,$3.00 ,$11.00 ,$12.00 ,$5.00 ,$9.00 ,1,0,0,0,0,0,0,0,2,0,3,6,,
3130,1964,Graduation,Single,"$18,701.00 ",1,1,4/6/13,62,56+,95,0,$12.00 ,$4.00 ,$2.00 ,$10.00 ,$6.00 ,$10.00 ,4,0,0,0,0,0,0,0,2,0,4,5,,
3136,1962,Master,Divorced,"$59,432.00 ",0,1,4/13/13,64,56+,88,0,$317.00 ,$25.00 ,$265.00 ,$25.00 ,$19.00 ,$12.00 ,3,0,0,0,0,0,0,0,5,3,11,5,,
3138,1956,Graduation,Single,"$91,249.00 ",0,0,10/20/12,70,56+,84,0,"$1,324.00 ",$27.00 ,$119.00 ,$71.00 ,$108.00 ,$27.00 ,0,1,1,0,1,1,1,5,7,9,6,4,,
3139,1982,2n Cycle,Single,"$74,116.00 ",0,0,12/30/13,44,36-45,53,0,$871.00 ,$111.00 ,$704.00 ,$145.00 ,$55.00 ,$166.00 ,1,0,0,0,1,0,0,1,4,4,10,2,,
3152,1957,Graduation,Together,"$26,091.00 ",1,1,2/25/14,69,56+,84,0,$15.00 ,$10.00 ,$19.00 ,$8.00 ,$17.00 ,$20.00 ,3,0,0,0,0,0,0,0,2,1,3,5,,
3153,1957,PhD,Single,"$40,737.00 ",2,1,8/12/13,69,56+,24,0,$11.00 , $-   ,$4.00 , $-   , $-   ,$2.00 ,1,0,0,0,0,0,0,0,1,0,2,8,,
3158,1973,Graduation,Married,"$32,300.00 ",1,0,3/1/13,53,46-55,1,0,$13.00 ,$3.00 ,$6.00 ,$6.00 ,$5.00 ,$6.00 ,1,0,0,0,0,0,0,0,1,0,3,8,,
3170,1957,Master,Together,"$68,148.00 ",0,0,8/31/13,69,56+,86,0,$389.00 ,$66.00 ,$408.00 ,$37.00 ,$57.00 ,$85.00 ,1,0,0,0,0,0,0,0,4,4,6,2,,
3174,1959,Graduation,Together,"$87,771.00 ",0,1,5/22/13,67,56+,61,0,"$1,492.00 ",$38.00 ,$287.00 ,$50.00 ,$57.00 ,$33.00 ,1,1,1,0,1,1,1,5,5,10,4,6,,
3179,1980,Graduation,Single,"$81,741.00 ",0,0,6/16/13,46,46-55,75,0,$249.00 ,$153.00 ,$940.00 ,$58.00 ,$134.00 ,$38.00 ,0,0,0,0,0,0,0,0,6,6,7,2,,
3182,1973,PhD,Single,"$46,854.00 ",1,1,3/31/14,53,46-55,81,0,$96.00 ,$1.00 ,$79.00 ,$7.00 ,$1.00 ,$79.00 ,6,0,0,1,0,0,1,2,5,1,3,8,,
3194,1974,PhD,Single,"$71,466.00 ",0,0,5/4/14,52,46-55,86,0,$412.00 ,$12.00 ,$546.00 ,$78.00 ,$182.00 , $-   ,1,0,0,0,0,0,0,0,4,4,10,1,,
3197,1980,Graduation,Married,"$77,353.00 ",0,1,12/16/13,46,46-55,38,0,$275.00 ,$59.00 ,$107.00 ,$69.00 ,$101.00 ,$59.00 ,2,0,0,0,0,0,0,0,6,4,8,4,,
3202,1987,PhD,Married,"$51,563.00 ",0,0,1/10/12,39,36-45,60,0,"$1,166.00 ", $-   ,$48.00 , $-   , $-   ,$36.00 ,1,0,0,0,1,1,0,2,4,4,10,8,,
3220,1983,Graduation,Married,"$39,922.00 ",1,0,2/14/13,43,36-45,30,0,$29.00 ,$12.00 ,$59.00 ,$19.00 ,$1.00 ,$36.00 ,2,0,0,0,0,0,0,0,3,0,4,8,,
3225,1984,Master,Married,"$42,207.00 ",1,0,1/4/13,42,36-45,71,0,$116.00 ,$11.00 ,$72.00 ,$3.00 ,$17.00 ,$46.00 ,4,0,0,1,0,0,1,2,4,1,5,6,,
3231,1973,Graduation,Married,"$37,971.00 ",1,0,11/25/13,53,46-55,97,0,$5.00 ,$4.00 ,$10.00 ,$2.00 ,$2.00 ,$7.00 ,1,0,0,0,0,0,0,0,1,0,3,8,,
3233,1965,PhD,Married,"$62,745.00 ",0,1,3/23/13,61,56+,89,0,$562.00 ,$21.00 ,$464.00 ,$28.00 ,$10.00 ,$32.00 ,3,0,0,0,0,0,0,0,7,8,11,5,,
3254,1971,Graduation,Married,"$70,886.00 ",1,0,10/14/13,55,46-55,65,0,$407.00 ,$70.00 ,$239.00 ,$103.00 ,$88.00 ,$53.00 ,1,0,0,0,0,0,0,0,5,4,4,2,,
3262,1958,Graduation,Single,"$68,281.00 ",0,0,7/8/12,68,56+,31,0,$995.00 ,$112.00 ,$417.00 ,$42.00 ,$48.00 ,$41.00 ,1,0,0,0,0,0,1,1,2,9,13,5,,
3265,1959,Graduation,Married,"$35,701.00 ",0,0,3/19/13,67,56+,36,0,$21.00 ,$1.00 ,$9.00 ,$7.00 ,$3.00 ,$5.00 ,1,0,0,0,0,0,0,0,1,0,3,6,,
3266,1964,Graduation,Married,"$42,523.00 ",0,0,4/23/14,62,56+,96,0,$14.00 ,$36.00 ,$11.00 ,$3.00 ,$26.00 ,$35.00 ,1,0,0,0,0,0,0,0,1,1,4,2,,
3267,1963,Master,Together,"$57,288.00 ",0,1,6/25/14,63,56+,27,0,$527.00 , $-   ,$21.00 , $-   , $-   ,$60.00 ,3,0,0,0,1,0,0,1,8,1,8,6,,
3270,1978,2n Cycle,Together,"$17,117.00 ",1,0,1/17/13,48,46-55,96,0,$12.00 ,$23.00 ,$38.00 ,$30.00 ,$18.00 ,$7.00 ,4,0,0,0,0,0,0,0,3,1,3,9,,
3276,1976,2n Cycle,Together,"$36,301.00 ",1,0,10/25/13,50,46-55,53,0,$11.00 ,$12.00 ,$35.00 ,$3.00 ,$5.00 ,$12.00 ,1,0,0,0,0,0,0,0,3,0,3,7,,
3277,1955,Graduation,Divorced,"$49,431.00 ",0,1,3/8/12,71,56+,9,0,$219.00 ,$3.00 ,$100.00 ,$26.00 , $-   ,$17.00 ,2,0,0,0,0,0,0,0,7,1,5,8,,
3281,1960,PhD,Married,"$49,154.00 ",1,1,3/11/13,66,56+,69,0,$206.00 ,$10.00 ,$67.00 ,$30.00 ,$27.00 ,$71.00 ,6,0,0,0,0,0,0,0,4,1,8,6,,
3283,1972,2n Cycle,Married,"$70,932.00 ",0,1,1/19/14,54,46-55,57,0,$200.00 ,$193.00 ,$100.00 ,$46.00 ,$185.00 ,$185.00 ,2,0,0,0,0,0,0,0,6,2,12,3,,
3286,1967,PhD,Divorced,"$26,642.00 ",1,0,1/3/14,59,56+,71,0,$13.00 ,$2.00 ,$15.00 ,$2.00 ,$2.00 ,$8.00 ,2,0,0,0,0,0,0,0,2,0,3,6,,
3298,1956,Master,Married,"$52,973.00 ",0,1,8/11/12,70,56+,92,0,$856.00 , $-   ,$76.00 ,$12.00 ,$9.00 ,$199.00 ,7,0,0,0,0,0,0,0,9,6,9,8,,
3308,1952,Graduation,Married,"$35,704.00 ",1,1,3/1/14,74,56+,54,0,$30.00 ,$9.00 ,$12.00 ,$2.00 ,$11.00 ,$30.00 ,3,0,0,0,0,0,0,0,2,0,4,4,,
3310,1973,2n Cycle,Married,"$35,688.00 ",2,1,8/22/12,53,46-55,94,0,$73.00 ,$3.00 ,$90.00 ,$12.00 ,$1.00 ,$32.00 ,7,0,0,0,0,0,0,0,4,1,4,8,,
3312,1988,Graduation,Single,"$34,176.00 ",1,0,12/5/14,38,36-45,12,0,$5.00 ,$7.00 ,$24.00 ,$19.00 ,$14.00 ,$20.00 ,4,0,0,0,0,0,0,0,3,0,4,6,,
3321,1967,PhD,Together,"$56,575.00 ",0,2,5/5/13,59,56+,42,0,$421.00 ,$5.00 ,$90.00 , $-   ,$16.00 ,$10.00 ,3,0,0,0,0,0,0,0,7,3,7,5,,
3332,1985,Graduation,Single,"$29,760.00 ",1,0,8/29/12,41,36-45,87,0,$64.00 ,$4.00 ,$68.00 ,$7.00 ,$5.00 ,$17.00 ,4,0,0,0,0,0,0,0,3,1,4,8,,
3334,1951,Graduation,Married,"$94,642.00 ",0,0,12/2/14,75,56+,35,0,$879.00 ,$143.00 ,$797.00 ,$106.00 ,$143.00 ,$143.00 ,0,1,0,0,0,1,0,2,5,7,9,1,,
3336,1948,PhD,Together,"$66,375.00 ",0,1,11/21/13,78,56+,96,0,$712.00 , $-   ,$45.00 , $-   , $-   ,$191.00 ,3,0,0,1,0,0,0,1,2,4,5,7,,
3340,1977,Graduation,Married,"$42,014.00 ",1,0,8/17/12,49,46-55,56,0,$244.00 ,$15.00 ,$108.00 ,$4.00 ,$15.00 ,$50.00 ,6,0,0,0,0,0,1,1,7,1,6,8,,
3363,1974,2n Cycle,Married,"$20,130.00 ",0,0,3/17/14,52,46-55,99,0, $-   ,$6.00 ,$3.00 ,$7.00 ,$6.00 ,$12.00 ,1,0,0,0,0,0,0,0,1,0,3,8,,
3376,1970,Master,Divorced,"$55,282.00 ",1,0,12/13/13,56,56+,9,0,$125.00 ,$6.00 ,$73.00 ,$8.00 ,$4.00 ,$19.00 ,1,0,0,0,0,0,0,0,3,1,6,4,,
3381,1953,Master,Married,"$54,348.00 ",1,1,8/6/14,73,56+,51,0,$70.00 , $-   ,$16.00 , $-   , $-   ,$4.00 ,2,0,0,0,0,0,0,0,2,0,4,6,,
3386,1992,Graduation,Married,"$34,935.00 ",0,0,6/21/13,34,26-35,71,0,$34.00 ,$4.00 ,$66.00 ,$3.00 ,$10.00 ,$20.00 ,1,0,0,0,0,0,0,0,2,1,4,7,,
3388,1967,Graduation,Divorced,"$70,844.00 ",1,1,10/30/13,59,56+,16,0,$129.00 ,$26.00 ,$67.00 ,$3.00 ,$67.00 ,$2.00 ,5,0,0,0,0,0,0,0,6,1,5,7,,
3389,1970,Graduation,Married,"$69,016.00 ",0,1,11/22/12,56,56+,61,0,$726.00 ,$53.00 ,$363.00 ,$123.00 ,$107.00 ,$161.00 ,4,0,0,0,0,0,0,0,8,9,13,5,,
3403,1958,PhD,Together,"$78,952.00 ",0,1,9/24/12,68,56+,11,0,"$1,170.00 ",$19.00 ,$594.00 ,$99.00 ,$76.00 ,$134.00 ,2,0,0,0,0,0,0,0,2,5,12,6,,
3406,1964,Graduation,Single,"$45,989.00 ",0,1,10/22/12,62,56+,97,0,$138.00 ,$33.00 ,$87.00 ,$28.00 ,$24.00 ,$12.00 ,4,0,0,0,0,0,0,0,3,2,7,3,,
3409,1984,Graduation,Single,"$36,108.00 ",1,0,10/15/13,42,36-45,68,0,$141.00 ,$8.00 ,$129.00 ,$3.00 ,$11.00 ,$47.00 ,3,0,0,1,0,0,0,1,7,1,4,9,,
3412,1951,Master,Married,"$67,381.00 ",0,1,1/15/13,75,56+,67,0,$815.00 ,$8.00 ,$53.00 ,$11.00 , $-   ,$70.00 ,4,0,0,0,1,0,0,1,2,2,9,7,,
3421,1968,Master,Divorced,"$63,841.00 ",0,1,4/21/13,58,56+,64,0,$635.00 ,$15.00 ,$100.00 ,$20.00 ,$7.00 ,$131.00 ,1,0,0,0,0,0,0,0,9,3,9,6,,
3422,1975,Graduation,Married,"$76,068.00 ",0,1,11/29/12,51,46-55,67,0,"$1,115.00 ",$12.00 ,$128.00 ,$33.00 ,$12.00 ,$76.00 ,1,0,1,0,1,0,0,2,2,3,4,6,,
3426,1975,Graduation,Divorced,"$70,300.00 ",1,0,7/15/13,51,46-55,89,0,"$1,045.00 ",$61.00 ,$338.00 ,$60.00 ,$46.00 ,$46.00 ,3,0,0,0,0,0,0,0,5,5,13,8,,
3427,1955,PhD,Married,"$59,821.00 ",0,1,12/4/13,71,56+,11,0,$629.00 , $-   ,$70.00 , $-   , $-   ,$35.00 ,6,0,0,0,0,0,0,0,11,2,7,8,,
3428,1991,PhD,Together,"$68,682.00 ",0,0,6/10/13,35,26-35,56,0,$919.00 , $-   ,$505.00 ,$99.00 ,$30.00 ,$45.00 ,1,0,0,0,0,0,0,0,4,9,10,2,,
3433,1955,2n Cycle,Married,"$72,635.00 ",0,0,3/6/13,71,56+,54,0,$390.00 ,$22.00 ,$323.00 ,$104.00 ,$35.00 ,$107.00 ,1,1,0,0,0,0,0,1,6,8,6,3,,
3434,1951,Graduation,Single,"$80,872.00 ",0,0,12/5/14,75,56+,60,0,$483.00 ,$72.00 ,$567.00 ,$94.00 ,$12.00 ,$108.00 ,1,0,0,0,0,0,0,0,4,4,10,1,,
3436,1969,Graduation,Married,"$14,045.00 ",1,0,1/26/14,57,56+,24,0,$11.00 , $-   ,$5.00 ,$2.00 ,$1.00 ,$1.00 ,1,0,0,0,0,0,0,0,1,0,3,7,,
3439,1972,Graduation,Married,"$56,721.00 ",1,1,10/31/12,54,46-55,64,0,$157.00 ,$6.00 ,$39.00 ,$6.00 ,$13.00 ,$75.00 ,5,0,0,0,0,0,0,0,4,1,5,6,,
3445,1956,Graduation,Single,"$60,714.00 ",0,0,1/17/13,70,56+,56,0,$216.00 ,$162.00 ,$224.00 ,$101.00 ,$92.00 ,$162.00 ,2,0,0,0,0,0,1,1,7,4,10,5,,
3463,1975,PhD,Married,"$69,283.00 ",0,1,6/14/14,51,46-55,41,0,$674.00 ,$62.00 ,$134.00 , $-   ,$26.00 ,$8.00 ,4,0,0,0,0,0,0,0,7,3,13,5,,
3469,1977,PhD,Divorced,"$34,487.00 ",1,1,6/9/12,49,46-55,94,0,$19.00 ,$18.00 ,$33.00 ,$24.00 ,$1.00 ,$8.00 ,3,0,0,0,0,0,0,0,3,0,3,9,,
3478,1971,PhD,Married,"$60,585.00 ",1,1,6/24/13,55,46-55,17,0,$267.00 ,$42.00 ,$309.00 ,$55.00 ,$42.00 ,$21.00 ,10,0,0,0,0,0,1,1,7,4,9,5,,
3479,1950,Graduation,Single,"$16,813.00 ",0,0,7/19/13,76,56+,49,0,$4.00 ,$8.00 ,$11.00 ,$12.00 ,$2.00 ,$13.00 ,1,0,0,1,0,0,0,1,2,0,3,7,,
3483,1958,Graduation,Married,"$48,192.00 ",0,0,6/4/13,68,56+,76,0,"$1,039.00 ",$43.00 ,$204.00 ,$153.00 ,$58.00 ,$29.00 ,3,1,1,0,1,0,1,4,2,8,12,8,,
3491,1975,Graduation,Together,"$55,914.00 ",0,1,4/29/13,51,46-55,32,0,$384.00 ,$60.00 ,$364.00 ,$119.00 ,$101.00 ,$232.00 ,4,0,0,0,0,0,0,0,11,6,8,7,,
3498,1976,PhD,Married,"$55,424.00 ",0,1,11/25/12,50,46-55,6,0,$462.00 ,$61.00 ,$184.00 ,$10.00 ,$53.00 ,$107.00 ,4,0,0,1,0,0,1,2,7,5,9,6,,
3503,1950,Graduation,Divorced,"$82,460.00 ",0,0,2/12/13,76,56+,78,0,$255.00 ,$47.00 ,$573.00 ,$52.00 ,$32.00 ,$15.00 ,1,0,0,0,0,0,0,0,5,3,6,1,,
3507,1970,Graduation,Single,"$76,467.00 ",1,0,8/17/12,56,56+,44,0,$676.00 ,$161.00 ,$426.00 ,$210.00 ,$44.00 ,$58.00 ,2,0,0,0,0,0,1,1,2,5,5,6,,
3515,1952,Graduation,Single,"$62,307.00 ",0,1,2/17/14,74,56+,94,0,$87.00 ,$13.00 ,$34.00 ,$10.00 ,$6.00 ,$10.00 ,1,0,0,0,0,0,0,0,4,0,4,5,,
3517,1952,Graduation,Single,"$40,887.00 ",1,1,6/5/13,74,56+,32,0,$50.00 ,$4.00 ,$44.00 ,$10.00 ,$10.00 ,$43.00 ,3,0,0,0,0,0,1,1,3,1,3,9,,
3518,1983,Graduation,Married,"$25,271.00 ",1,0,5/12/12,43,36-45,45,0,$10.00 ,$1.00 ,$18.00 ,$10.00 ,$4.00 ,$7.00 ,1,0,0,0,0,0,0,0,1,1,2,9,,
3520,1990,Master,Single,"$91,172.00 ",0,0,3/27/13,36,36-45,94,0,$162.00 ,$28.00 ,$818.00 , $-   ,$28.00 ,$56.00 ,0,1,1,1,0,1,1,5,4,3,7,3,,
3523,1962,Graduation,Together,"$75,072.00 ",0,1,1/23/13,64,56+,83,0,$583.00 ,$34.00 ,$309.00 , $-   ,$22.00 ,$125.00 ,2,0,0,0,0,0,0,0,5,4,8,3,,
3524,1971,Master,Single,"$39,763.00 ",1,0,4/8/13,55,46-55,9,0,$80.00 ,$1.00 ,$60.00 ,$4.00 ,$6.00 ,$16.00 ,2,0,0,0,0,0,1,1,5,1,2,9,,
3525,1970,Graduation,Together,"$38,200.00 ",1,1,7/12/12,56,56+,19,0,$12.00 , $-   ,$4.00 , $-   , $-   ,$1.00 ,1,0,0,0,0,0,0,0,1,0,2,7,,
3526,1968,PhD,Married,"$38,443.00 ",1,1,1/27/14,58,56+,58,0,$32.00 , $-   ,$5.00 , $-   , $-   ,$1.00 ,2,0,0,0,0,0,0,0,1,0,3,7,,
3535,1965,Graduation,Single,"$66,294.00 ",0,0,3/17/14,61,56+,68,0,$251.00 ,$108.00 ,$334.00 ,$65.00 ,$92.00 ,$117.00 ,1,0,0,0,0,0,0,0,4,3,5,2,,
3536,1960,Graduation,Together,"$19,740.00 ",0,1,3/24/13,66,56+,65,0,$7.00 ,$11.00 ,$3.00 ,$10.00 ,$4.00 ,$20.00 ,2,0,0,0,0,0,0,0,1,1,3,5,,
3537,1981,Graduation,Together,"$31,089.00 ",1,0,8/17/12,45,36-45,57,0,$31.00 ,$3.00 ,$31.00 ,$2.00 ,$8.00 ,$4.00 ,3,0,0,0,0,0,0,0,3,0,4,8,,
3547,1969,Master,Together,"$41,021.00 ",1,0,12/30/12,57,56+,12,0,$14.00 ,$7.00 ,$9.00 ,$6.00 ,$16.00 ,$12.00 ,2,0,0,0,0,0,1,1,2,0,3,6,,
3551,1954,Master,Together,"$60,033.00 ",0,1,3/29/14,72,56+,28,0,$62.00 ,$1.00 ,$57.00 ,$19.00 ,$11.00 ,$48.00 ,2,0,0,0,0,0,0,0,2,1,5,2,,
3559,1988,2n Cycle,Married,"$16,248.00 ",1,0,10/5/14,38,36-45,77,0,$12.00 ,$11.00 ,$10.00 ,$3.00 ,$12.00 ,$9.00 ,3,0,0,0,0,0,0,0,2,1,3,6,,
3560,1952,Graduation,Together,"$83,844.00 ",0,0,12/5/13,74,56+,57,0,$901.00 ,$31.00 ,$345.00 ,$75.00 ,$31.00 ,$191.00 ,1,0,0,0,0,1,0,1,4,4,11,1,,
3565,1955,Master,Married,"$38,452.00 ",1,1,3/30/14,71,56+,62,0,$56.00 , $-   ,$14.00 , $-   , $-   ,$2.00 ,3,0,0,0,0,0,0,0,3,0,3,7,,
3570,1969,PhD,Together,"$42,731.00 ",1,0,10/21/13,57,56+,64,0,$159.00 ,$2.00 ,$51.00 ,$6.00 ,$2.00 ,$24.00 ,3,0,0,0,0,0,0,0,4,1,5,5,,
3571,1961,PhD,Together,"$63,342.00 ",0,1,10/16/12,65,56+,48,0,$918.00 ,$21.00 ,$118.00 ,$13.00 ,$10.00 ,$21.00 ,3,0,0,0,1,0,1,2,8,3,5,6,,
3578,1949,Graduation,Divorced,"$49,160.00 ",0,1,10/20/13,77,56+,29,0,$122.00 ,$21.00 ,$43.00 ,$25.00 ,$10.00 ,$15.00 ,2,0,0,0,0,0,0,0,3,1,6,6,,
3584,1955,PhD,Single,"$49,667.00 ",0,0,8/20/12,71,56+,35,0,"$1,181.00 ",$26.00 ,$120.00 ,$17.00 ,$13.00 ,$39.00 ,2,0,0,1,0,0,1,2,5,10,5,8,,
3594,1973,Master,Married,"$54,108.00 ",1,1,5/11/12,53,46-55,74,0,$539.00 ,$6.00 ,$91.00 ,$8.00 ,$6.00 ,$97.00 ,13,0,0,0,0,0,0,0,8,2,9,8,,
3595,1963,Graduation,Together,"$77,226.00 ",0,1,2/28/14,63,56+,29,0,$631.00 ,$43.00 ,$239.00 ,$128.00 ,$76.00 ,$21.00 ,2,0,0,0,0,0,0,0,6,8,12,3,,
3598,1972,Graduation,Married,"$62,710.00 ",0,1,5/23/13,54,46-55,53,0,$441.00 ,$35.00 ,$83.00 ,$7.00 ,$29.00 ,$11.00 ,4,0,0,0,0,0,0,0,4,2,12,4,,
3599,1970,Graduation,Married,"$63,684.00 ",0,1,11/26/12,56,56+,61,0,$575.00 ,$80.00 ,$428.00 ,$208.00 ,$93.00 ,$80.00 ,3,0,0,0,0,0,0,0,8,4,8,5,,
3602,1958,Master,Married,"$51,412.00 ",0,1,12/31/13,68,56+,42,0,$140.00 ,$3.00 ,$29.00 ,$4.00 ,$5.00 ,$14.00 ,2,0,0,0,0,0,0,0,3,2,4,4,,
3619,1960,2n Cycle,Divorced,"$87,305.00 ",0,0,9/23/12,66,56+,19,0,$345.00 ,$25.00 ,$501.00 ,$63.00 ,$138.00 ,$80.00 ,1,0,0,0,0,1,1,2,5,3,8,2,,
3623,1976,Graduation,Together,"$21,675.00 ",1,0,11/6/14,50,46-55,55,0,$4.00 , $-   ,$16.00 ,$17.00 ,$4.00 ,$4.00 ,3,0,0,0,0,0,0,0,4,0,3,7,,
3628,1987,Basic,Single,"$15,038.00 ",1,0,1/29/13,39,36-45,93,0,$4.00 ,$8.00 ,$11.00 ,$19.00 ,$12.00 ,$26.00 ,2,0,0,0,0,0,0,0,2,1,2,9,,
3629,1978,Graduation,Single,"$38,557.00 ",1,0,12/19/12,48,46-55,17,0,$76.00 ,$3.00 ,$31.00 ,$4.00 ,$4.00 ,$27.00 ,2,0,0,0,0,0,0,0,3,1,3,7,,
3635,1962,PhD,Single,"$52,597.00 ",0,1,7/5/14,64,56+,69,0,$492.00 , $-   ,$37.00 ,$7.00 , $-   ,$42.00 ,3,0,0,0,0,0,0,0,6,3,8,5,,
3641,1976,Graduation,Married,"$13,624.00 ",1,0,1/20/13,50,46-55,93,0,$10.00 ,$2.00 ,$15.00 ,$2.00 ,$1.00 ,$6.00 ,2,0,0,0,0,0,0,0,2,0,3,6,,
3643,1974,Master,Married,"$63,206.00 ",0,0,3/20/14,52,46-55,65,0,$750.00 ,$8.00 ,$125.00 ,$11.00 ,$8.00 ,$26.00 ,1,0,0,0,0,1,0,1,4,3,6,2,,
3645,1972,PhD,Single,"$27,213.00 ",1,0,8/30/12,54,46-55,19,0,$19.00 ,$3.00 ,$26.00 ,$10.00 ,$9.00 ,$3.00 ,3,0,0,0,0,0,1,1,2,0,4,8,,
3657,1986,Graduation,Single,"$39,146.00 ",1,0,2/14/13,40,36-45,1,0,$94.00 ,$1.00 ,$33.00 ,$13.00 ,$12.00 ,$12.00 ,3,0,0,0,0,0,0,0,4,0,4,8,,
3661,1995,2n Cycle,Single,"$80,617.00 ",0,0,12/10/12,31,26-35,42,0,$594.00 ,$51.00 ,$631.00 ,$72.00 ,$55.00 ,$32.00 ,1,0,0,0,0,0,0,0,4,6,8,2,,
3665,1977,2n Cycle,Together,"$25,315.00 ",1,0,7/11/13,49,46-55,46,0,$1.00 ,$9.00 ,$8.00 ,$11.00 ,$3.00 ,$22.00 ,3,0,0,0,0,0,0,0,3,0,3,8,,
3667,1969,Graduation,Married,"$80,952.00 ",0,0,2/28/13,57,56+,20,0,$778.00 ,$178.00 ,$689.00 ,$41.00 ,$27.00 ,$44.00 ,1,1,0,0,1,1,1,4,8,5,11,8,,
3673,1971,Graduation,Single,"$55,239.00 ",0,1,7/14/13,55,46-55,59,0,$371.00 ,$17.00 ,$238.00 ,$23.00 ,$24.00 ,$106.00 ,3,0,0,0,0,0,0,0,7,5,11,5,,
3678,1973,Graduation,Widow,"$60,208.00 ",1,1,7/10/12,53,46-55,13,0,$488.00 ,$23.00 ,$71.00 ,$15.00 , $-   ,$59.00 ,11,0,0,0,1,0,1,2,8,3,7,7,,
3690,1986,Master,Married,"$80,141.00 ",0,0,11/1/13,40,36-45,20,0,"$1,184.00 ",$102.00 ,$673.00 ,$52.00 ,$40.00 ,$40.00 ,1,0,0,0,0,1,1,2,7,4,10,6,,
3696,1965,Graduation,Divorced,"$30,630.00 ",1,1,1/27/14,61,56+,67,0,$27.00 ,$1.00 ,$12.00 ,$2.00 , $-   ,$10.00 ,2,0,0,0,0,0,0,0,2,0,3,7,,
3697,1954,Graduation,Together,"$39,898.00 ",0,1,12/2/13,72,56+,20,0,$69.00 ,$8.00 ,$26.00 ,$12.00 ,$7.00 ,$12.00 ,2,0,0,0,0,0,0,0,3,0,4,7,,
3698,1983,Graduation,Together,"$78,687.00 ",0,0,9/8/12,43,36-45,13,0,$817.00 ,$185.00 ,$687.00 ,$145.00 ,$55.00 ,$241.00 ,1,0,0,0,0,1,1,2,4,6,8,2,,
3706,1978,Graduation,Single,"$28,647.00 ",1,0,8/21/13,48,46-55,54,0,$19.00 ,$8.00 ,$29.00 , $-   ,$12.00 ,$26.00 ,1,0,0,1,0,0,1,2,2,2,2,7,,
3710,1984,PhD,Single,"$39,684.00 ",1,0,12/10/12,42,36-45,41,1,$19.00 , $-   ,$35.00 ,$6.00 ,$4.00 ,$17.00 ,2,0,0,0,0,0,1,1,2,1,2,7,,
3711,1944,Master,Married,"$80,184.00 ",0,0,1/3/14,82,56+,19,0,"$1,035.00 ",$134.00 ,$670.00 ,$25.00 ,$38.00 , $-   ,1,1,0,0,0,1,0,2,6,3,10,3,,
3712,1959,Graduation,Divorced,"$52,332.00 ",0,0,8/28/13,67,56+,63,0,$212.00 ,$5.00 ,$33.00 ,$7.00 , $-   ,$2.00 ,1,0,0,0,1,0,0,1,3,2,6,4,,
3717,1959,Graduation,Married,"$61,180.00 ",0,1,4/23/14,67,56+,70,0,$403.00 ,$24.00 ,$29.00 ,$6.00 ,$24.00 ,$218.00 ,2,0,0,1,0,0,0,1,5,5,6,3,,
3722,1972,Graduation,Single,"$44,503.00 ",1,1,4/16/14,54,46-55,83,0,$31.00 ,$1.00 ,$8.00 , $-   , $-   ,$8.00 ,2,0,0,0,0,0,0,0,2,0,3,6,,
3725,1961,PhD,Single,"$84,865.00 ",0,0,9/5/13,65,56+,1,0,"$1,248.00 ",$16.00 ,$349.00 ,$43.00 ,$16.00 ,$16.00 ,1,1,1,0,1,1,1,5,2,4,9,4,,
3726,1986,PhD,Together,"$34,320.00 ",1,0,2/16/14,40,36-45,66,0,$4.00 ,$1.00 ,$9.00 ,$3.00 , $-   , $-   ,1,0,0,0,0,0,0,0,1,0,2,8,,
3732,1955,Master,Married,"$52,750.00 ",0,1,4/2/13,71,56+,72,0,$393.00 , $-   ,$239.00 ,$90.00 ,$69.00 ,$69.00 ,6,0,0,0,0,0,0,0,5,7,9,4,,
3745,1988,2n Cycle,Married,"$23,331.00 ",1,0,4/9/12,38,36-45,92,0,$5.00 ,$36.00 ,$7.00 , $-   ,$10.00 ,$45.00 ,2,0,0,0,0,0,0,0,3,0,3,8,,
3749,1973,Graduation,Together,"$73,926.00 ",0,0,2/3/13,53,46-55,54,0,$627.00 ,$91.00 ,$597.00 ,$159.00 ,$91.00 ,$15.00 ,1,0,0,0,0,0,0,0,6,5,12,3,,
3759,1958,Graduation,Together,"$65,196.00 ",0,2,7/25/13,68,56+,34,0,$743.00 ,$19.00 ,$181.00 ,$12.00 , $-   ,$200.00 ,2,0,0,1,0,0,0,1,7,6,11,5,,
3762,1986,PhD,Single,"$69,867.00 ",0,0,2/4/13,40,36-45,30,0,$196.00 , $-   ,$512.00 ,$33.00 ,$130.00 ,$54.00 ,1,1,0,0,0,0,1,2,3,5,8,1,,
3766,1959,Master,Widow,"$33,051.00 ",0,0,8/16/12,67,56+,15,0,$100.00 ,$71.00 ,$243.00 ,$108.00 ,$94.00 ,$219.00 ,3,0,0,0,0,0,1,1,9,1,8,9,,
3767,1968,Graduation,Married,"$61,314.00 ",0,1,4/25/13,58,56+,1,0,$378.00 , $-   ,$189.00 ,$97.00 ,$172.00 ,$172.00 ,2,0,0,0,0,0,0,0,5,5,12,3,,
3769,1972,PhD,Together,,1,0,2/3/14,54,46-55,17,0,$25.00 ,$1.00 ,$13.00 , $-   , $-   ,$3.00 ,1,0,0,0,0,0,0,0,1,0,3,7,,
3783,1959,PhD,Married,"$52,854.00 ",1,1,3/24/14,67,56+,43,0,$105.00 , $-   ,$10.00 , $-   ,$1.00 , $-   ,2,0,0,0,0,0,0,0,2,1,4,5,,
3790,1956,Graduation,Together,"$34,633.00 ",2,1,1/23/14,70,56+,31,0,$8.00 ,$1.00 ,$5.00 , $-   , $-   ,$1.00 ,1,0,0,0,0,0,0,0,1,0,2,6,,
3798,1968,Graduation,Married,"$41,120.00 ",1,1,6/11/13,58,56+,80,0,$24.00 ,$2.00 ,$23.00 , $-   ,$8.00 ,$24.00 ,3,0,0,0,0,0,0,0,2,1,3,6,,
3799,1955,Graduation,Married,"$67,225.00 ",0,1,11/26/13,71,56+,4,0,$315.00 ,$35.00 ,$322.00 ,$46.00 ,$7.00 ,$143.00 ,3,0,0,0,0,0,0,0,7,2,11,5,,
3807,1955,Graduation,Together,"$59,925.00 ",0,1,11/30/12,71,56+,83,0,$473.00 ,$21.00 ,$176.00 ,$19.00 ,$21.00 ,$56.00 ,3,0,0,0,0,0,0,0,9,2,9,6,,
3828,1951,Graduation,Married,"$71,107.00 ",0,1,2/17/13,75,56+,61,0,$533.00 ,$10.00 ,$217.00 ,$198.00 ,$174.00 ,$195.00 ,2,0,0,0,0,0,0,0,7,6,13,4,,
3829,1979,Basic,Together,"$24,594.00 ",1,0,10/12/13,47,46-55,94,0,$1.00 ,$3.00 ,$6.00 ,$10.00 , $-   ,$9.00 ,1,0,0,0,0,0,0,0,1,0,3,5,,
3830,1953,Master,Married,"$59,354.00 ",0,2,4/24/14,73,56+,59,0,$295.00 ,$21.00 ,$78.00 ,$39.00 ,$13.00 ,$13.00 ,1,0,0,0,0,0,0,0,4,4,7,3,,
3834,1962,Graduation,Single,"$69,627.00 ",0,1,3/17/13,64,56+,35,0,$231.00 ,$161.00 ,$215.00 ,$171.00 ,$30.00 ,$53.00 ,2,0,0,0,0,0,0,0,8,2,11,5,,
3839,1958,Basic,Single,"$15,056.00 ",1,1,3/5/13,68,56+,76,0,$6.00 ,$12.00 ,$3.00 ,$21.00 ,$6.00 ,$40.00 ,5,0,0,0,0,0,0,0,2,2,3,5,,
3846,1974,Graduation,Married,"$42,557.00 ",0,1,8/29/12,52,46-55,98,0,$192.00 ,$5.00 ,$53.00 , $-   ,$5.00 ,$15.00 ,4,0,0,0,0,0,0,0,6,1,4,8,,
3850,1963,Basic,Together,"$14,918.00 ",0,1,7/12/12,63,56+,52,0,$3.00 ,$3.00 ,$3.00 ,$15.00 ,$4.00 ,$15.00 ,1,0,0,0,0,0,0,0,1,0,3,6,,
3852,1961,Master,Together,"$74,881.00 ",1,1,8/3/13,65,56+,48,0,$505.00 ,$72.00 ,$270.00 ,$36.00 ,$27.00 ,$54.00 ,4,0,0,0,0,0,0,0,9,2,12,5,,
3855,1963,Graduation,Married,"$22,419.00 ",0,0,4/18/13,63,56+,74,0,$30.00 ,$3.00 ,$47.00 ,$19.00 ,$21.00 ,$42.00 ,1,0,0,0,0,0,0,0,3,2,2,8,,
3856,1960,Graduation,Together,"$63,381.00 ",0,1,5/10/12,66,56+,78,0,$571.00 ,$50.00 ,$142.00 ,$33.00 ,$50.00 ,$159.00 ,4,0,0,0,0,0,0,0,4,5,13,2,,
3859,1947,PhD,Together,"$73,059.00 ",0,1,8/31/13,79,56+,36,0,$410.00 ,$112.00 ,$420.00 , $-   ,$82.00 ,$71.00 ,1,0,0,0,0,0,0,0,9,3,13,4,,
3865,1977,2n Cycle,Together,"$20,981.00 ",0,0,4/30/13,49,46-55,14,0,$2.00 ,$12.00 ,$10.00 ,$6.00 ,$13.00 ,$30.00 ,1,0,0,0,0,0,1,1,3,1,2,8,,
3867,1947,PhD,Together,"$73,059.00 ",0,1,8/31/13,79,56+,36,0,$410.00 ,$112.00 ,$420.00 , $-   ,$82.00 ,$71.00 ,1,0,0,0,0,0,0,0,9,3,13,4,,
3870,1978,2n Cycle,Together,"$63,855.00 ",0,0,9/2/13,48,46-55,28,0,$359.00 ,$35.00 ,$314.00 ,$93.00 ,$116.00 ,$89.00 ,1,0,0,0,0,0,0,0,7,3,13,4,,
3878,1980,2n Cycle,Single,"$31,859.00 ",1,0,2/27/14,46,46-55,3,0,$3.00 ,$4.00 ,$7.00 ,$15.00 ,$8.00 ,$11.00 ,1,0,0,0,0,0,0,0,1,0,3,7,,
3885,1983,PhD,Married,"$33,569.00 ",1,0,10/16/13,43,36-45,10,0,$16.00 ,$2.00 ,$18.00 ,$3.00 , $-   ,$24.00 ,1,0,0,1,0,0,1,2,1,1,2,8,,
3887,1970,Graduation,Single,"$27,242.00 ",1,0,11/11/12,56,56+,2,0,$3.00 ,$17.00 ,$26.00 ,$20.00 ,$1.00 ,$39.00 ,2,0,0,0,0,0,1,1,2,0,3,9,,
3896,1984,Graduation,Married,"$27,255.00 ",1,0,7/11/13,42,36-45,3,0,$22.00 ,$1.00 ,$11.00 , $-   ,$1.00 ,$2.00 ,1,0,0,0,0,0,0,0,1,0,3,7,,
3900,1972,Graduation,Married,"$65,685.00 ",0,1,3/29/14,54,46-55,54,0,$642.00 ,$14.00 ,$49.00 , $-   ,$7.00 ,$57.00 ,1,0,0,0,0,0,0,0,9,2,9,5,,
3910,1975,Graduation,Divorced,"$83,829.00 ",0,0,8/10/13,51,46-55,78,0,$897.00 ,$161.00 ,$430.00 ,$186.00 ,$161.00 ,$27.00 ,0,1,0,1,0,1,1,4,4,7,6,1,,
3916,1971,PhD,Together,"$49,269.00 ",1,0,8/15/12,55,46-55,92,0,$639.00 ,$8.00 ,$166.00 ,$11.00 ,$8.00 ,$58.00 ,3,0,0,0,0,0,0,0,7,3,12,7,,
3919,1976,Master,Single,"$72,309.00 ",0,0,11/3/13,50,46-55,64,0,$960.00 , $-   ,$883.00 ,$50.00 ,$38.00 , $-   ,1,1,0,0,0,0,1,2,5,6,8,3,,
3921,1952,2n Cycle,Widow,"$28,457.00 ",0,0,10/28/12,74,56+,96,0,$24.00 ,$1.00 ,$108.00 ,$29.00 ,$29.00 ,$14.00 ,1,0,0,0,0,0,0,0,4,1,4,8,,
3924,1965,PhD,Divorced,"$57,912.00 ",0,1,3/17/14,61,56+,34,0,$801.00 , $-   ,$80.00 , $-   , $-   ,$35.00 ,5,0,0,0,1,0,0,1,8,3,12,5,,
3933,1980,Graduation,Together,"$44,010.00 ",1,0,10/13/12,46,46-55,46,0,$186.00 ,$36.00 ,$234.00 ,$86.00 ,$72.00 ,$48.00 ,6,0,0,0,0,0,0,0,10,2,6,9,,
3934,1966,Graduation,Married,"$61,286.00 ",0,1,2/8/13,60,56+,34,0,$356.00 , $-   ,$107.00 ,$19.00 ,$9.00 ,$117.00 ,2,0,0,0,0,0,0,0,7,1,8,5,,
3945,1947,PhD,Widow,"$68,117.00 ",0,1,10/3/13,79,56+,80,0,$618.00 ,$44.00 ,$215.00 , $-   ,$17.00 ,$36.00 ,2,0,0,1,0,0,1,2,11,8,4,6,,
3955,1965,Graduation,Divorced,"$4,861.00 ",0,0,6/22/14,61,56+,20,0,$2.00 ,$1.00 ,$1.00 ,$1.00 , $-   ,$1.00 ,0,0,0,0,0,0,0,0,0,0,0,14,,
3967,1971,PhD,Married,"$78,931.00 ",0,0,10/25/13,55,46-55,19,0,$331.00 ,$197.00 ,$170.00 ,$58.00 ,$152.00 ,$35.00 ,1,0,0,0,0,0,0,0,2,8,13,1,,
3968,1970,2n Cycle,Divorced,"$65,706.00 ",0,0,6/28/13,56,56+,77,0,$918.00 ,$10.00 ,$129.00 ,$13.00 , $-   ,$129.00 ,1,0,1,0,1,1,1,4,11,3,12,7,,
3969,1974,Master,Together,"$43,018.00 ",0,1,1/11/13,52,46-55,46,0,$35.00 ,$4.00 ,$17.00 ,$7.00 ,$6.00 ,$64.00 ,1,0,0,0,0,0,0,0,2,2,2,5,,
3972,1976,Graduation,Together,"$50,200.00 ",1,1,3/4/13,50,46-55,70,0,$266.00 ,$6.00 ,$51.00 ,$8.00 ,$6.00 ,$64.00 ,6,0,0,0,0,0,0,0,7,1,5,8,,
3979,1983,PhD,Divorced,"$90,687.00 ",0,0,5/22/13,43,36-45,98,0,$982.00 ,$17.00 ,$672.00 ,$23.00 ,$34.00 ,$51.00 ,1,0,0,0,0,1,1,2,6,2,8,2,,
4001,1946,PhD,Together,"$64,014.00 ",2,1,10/6/14,80,56+,56,0,$406.00 , $-   ,$30.00 , $-   , $-   ,$8.00 ,7,1,0,0,0,0,0,1,8,2,5,7,,
4002,1960,PhD,Married,"$77,037.00 ",0,1,10/13/13,66,56+,3,0,$463.00 ,$96.00 ,$333.00 ,$168.00 ,$53.00 ,$10.00 ,1,0,0,0,0,0,0,0,7,7,12,3,,
4012,1972,PhD,Together,"$62,220.00 ",0,1,11/8/12,54,46-55,55,0,$799.00 ,$12.00 ,$375.00 ,$16.00 ,$12.00 ,$12.00 ,5,0,0,0,0,0,1,1,7,6,5,6,,
4023,1970,Graduation,Married,"$22,979.00 ",1,0,6/9/12,56,56+,29,0,$16.00 ,$17.00 ,$19.00 ,$20.00 ,$21.00 ,$22.00 ,3,0,0,0,0,0,1,1,3,2,2,8,,
4037,1976,Graduation,Divorced,"$31,859.00 ",1,0,6/14/13,50,46-55,77,0,$3.00 ,$1.00 ,$3.00 ,$8.00 , $-   ,$5.00 ,1,0,0,0,0,0,0,0,1,0,2,7,,
4042,1971,Graduation,Divorced,"$43,300.00 ",0,1,10/13/12,55,46-55,87,0,$91.00 ,$3.00 ,$52.00 ,$2.00 ,$1.00 ,$31.00 ,3,0,0,0,0,0,1,1,4,0,4,8,,
4047,1954,PhD,Married,"$65,324.00 ",0,1,11/1/14,72,56+,0,0,$384.00 , $-   ,$102.00 ,$21.00 ,$32.00 ,$5.00 ,3,0,0,0,0,0,0,0,6,2,9,4,,
4050,1966,Master,Married,"$49,605.00 ",0,0,6/21/14,60,56+,65,0,$42.00 ,$16.00 ,$29.00 ,$12.00 ,$20.00 ,$8.00 ,1,0,0,0,0,0,0,0,2,1,4,3,,
4055,1992,Basic,Single,"$18,746.00 ",1,0,5/29/14,34,26-35,41,0,$2.00 ,$10.00 ,$11.00 ,$12.00 ,$9.00 ,$20.00 ,2,0,0,0,0,0,0,0,3,0,3,6,,
4058,1955,PhD,Single,"$61,284.00 ",0,0,12/10/13,71,56+,76,0,$618.00 ,$15.00 ,$106.00 ,$20.00 ,$7.00 ,$45.00 ,1,0,0,0,1,0,0,1,11,2,8,6,,
4065,1976,PhD,Married,"$49,544.00 ",1,0,12/2/13,50,46-55,0,0,$308.00 , $-   ,$73.00 , $-   , $-   ,$23.00 ,2,0,0,0,0,0,0,0,5,1,8,7,,
4066,1978,2n Cycle,Divorced,"$21,282.00 ",1,0,11/5/14,48,46-55,76,0,$1.00 ,$5.00 ,$8.00 ,$4.00 ,$8.00 ,$20.00 ,2,0,0,0,0,0,0,0,2,1,2,6,,
4070,1969,PhD,Married,"$94,871.00 ",0,2,1/9/12,57,56+,99,0,$169.00 ,$24.00 ,$553.00 ,$188.00 , $-   ,$144.00 ,1,0,0,0,1,1,1,3,8,5,4,7,,
4073,1954,2n Cycle,Married,"$63,564.00 ",0,0,1/29/14,72,56+,0,0,$769.00 ,$80.00 ,$252.00 ,$15.00 ,$34.00 ,$65.00 ,1,0,0,1,0,0,1,2,10,10,7,6,,
4084,1975,Graduation,Together,"$60,934.00 ",0,1,1/17/14,51,46-55,41,0,$224.00 ,$155.00 ,$155.00 ,$192.00 ,$93.00 ,$54.00 ,2,0,0,0,0,0,0,0,6,4,11,4,,
4086,1959,Graduation,Married,"$18,690.00 ",0,0,12/28/12,67,56+,77,0,$6.00 ,$1.00 ,$7.00 ,$23.00 ,$4.00 ,$19.00 ,1,0,0,0,0,0,0,0,1,1,2,8,,
4088,1962,PhD,Together,"$31,497.00 ",0,1,6/12/12,64,56+,22,0,$108.00 ,$1.00 ,$28.00 ,$13.00 ,$1.00 ,$4.00 ,2,0,0,0,0,0,0,0,3,1,4,8,,
4093,1975,Master,Together,"$53,253.00 ",1,1,11/2/13,51,46-55,61,0,$216.00 ,$9.00 ,$57.00 ,$20.00 ,$9.00 ,$125.00 ,7,0,0,0,0,0,0,0,4,3,5,5,,
4094,1961,Graduation,Married,"$60,544.00 ",1,1,8/25/12,65,56+,92,0,$201.00 ,$2.00 ,$43.00 ,$3.00 ,$5.00 ,$35.00 ,4,0,0,0,0,0,0,0,5,1,5,6,,
4095,1971,Graduation,Married,"$37,150.00 ",1,0,11/9/12,55,46-55,80,0,$167.00 ,$37.00 ,$64.00 ,$49.00 ,$34.00 ,$116.00 ,8,0,0,0,0,0,0,0,4,3,6,7,,
4096,1968,Master,Divorced,"$41,335.00 ",1,0,12/26/13,58,56+,24,0,$112.00 ,$19.00 ,$21.00 ,$16.00 ,$14.00 ,$5.00 ,3,0,0,0,0,0,0,0,4,1,4,7,,
4098,1973,Graduation,Married,"$24,639.00 ",1,1,1/28/14,53,46-55,3,0,$20.00 ,$3.00 ,$16.00 , $-   ,$4.00 ,$1.00 ,3,0,0,0,0,0,0,0,2,0,4,6,,
4099,1972,Graduation,Married,"$30,675.00 ",1,0,12/11/12,54,46-55,14,0,$10.00 ,$2.00 ,$16.00 ,$11.00 ,$2.00 ,$21.00 ,1,0,0,0,0,0,0,0,1,0,3,8,,
4102,1975,2n Cycle,Married,"$37,284.00 ",1,1,3/29/13,51,46-55,46,0,$11.00 ,$1.00 ,$2.00 ,$2.00 ,$1.00 ,$6.00 ,1,0,0,0,0,0,0,0,0,0,3,6,,
4107,1948,PhD,Together,"$46,681.00 ",0,2,8/10/13,78,56+,52,0,$269.00 ,$15.00 ,$69.00 ,$15.00 ,$19.00 ,$38.00 ,2,0,0,0,0,0,0,0,4,6,4,5,,
4114,1964,Master,Married,"$79,143.00 ",0,0,11/8/12,62,56+,2,0,$650.00 ,$37.00 ,$780.00 ,$27.00 ,$167.00 ,$32.00 ,1,0,0,0,0,0,0,0,6,9,13,3,,
4119,1963,Master,Together,"$38,620.00 ",0,0,11/5/13,63,56+,56,0,$112.00 ,$17.00 ,$44.00 ,$34.00 ,$22.00 ,$89.00 ,1,0,0,0,0,0,0,0,2,5,3,3,,
4120,1975,2n Cycle,Single,"$49,514.00 ",1,0,12/17/13,51,46-55,61,0,$88.00 ,$39.00 ,$78.00 ,$58.00 ,$13.00 ,$93.00 ,2,0,0,0,0,0,0,0,6,1,4,7,,
4122,1975,Graduation,Married,"$79,205.00 ",0,0,8/29/12,51,46-55,73,0,$504.00 ,$23.00 ,$117.00 ,$179.00 ,$28.00 ,$44.00 ,1,1,0,0,0,0,1,2,6,5,4,4,,
4127,1967,PhD,Married,"$77,766.00 ",0,1,2/22/13,59,56+,97,0,"$1,004.00 ",$59.00 ,$265.00 ,$115.00 ,$59.00 ,$27.00 ,2,0,0,1,0,0,1,2,11,10,11,6,,
4128,1962,PhD,Together,"$56,067.00 ",0,1,7/20/13,64,56+,51,0,$517.00 ,$12.00 ,$54.00 ,$16.00 ,$6.00 ,$120.00 ,2,0,0,0,0,0,0,0,7,4,7,5,,
4136,1992,Basic,Single,"$7,500.00 ",1,0,3/12/12,34,26-35,63,0,$10.00 ,$17.00 ,$18.00 ,$8.00 ,$26.00 ,$40.00 ,4,0,0,0,0,0,0,0,3,2,2,9,,
4137,1948,Graduation,Together,"$70,666.00 ",0,0,6/12/13,78,56+,29,0,$398.00 ,$40.00 ,$367.00 ,$119.00 ,$122.00 ,$30.00 ,1,0,0,0,0,0,0,0,7,4,4,4,,
4138,1962,Graduation,Single,"$76,624.00 ",0,1,5/24/14,64,56+,68,0,$411.00 ,$106.00 ,$147.00 ,$54.00 ,$115.00 ,$66.00 ,1,0,0,1,0,0,0,1,5,10,7,1,,
4141,1965,Graduation,Together,"$71,613.00 ",0,0,8/21/13,61,56+,26,0,$426.00 ,$49.00 ,$127.00 ,$111.00 ,$21.00 ,$42.00 ,1,0,0,0,0,0,0,0,8,2,10,4,,
4148,1972,Graduation,Married,"$38,988.00 ",1,2,8/20/12,54,46-55,90,0,$164.00 ,$24.00 ,$103.00 ,$12.00 ,$3.00 ,$42.00 ,7,0,0,0,0,0,0,0,5,1,6,8,,
4149,1948,PhD,Together,"$76,140.00 ",0,0,5/13/14,78,56+,57,0,$586.00 ,$66.00 ,$653.00 ,$17.00 , $-   ,$26.00 ,1,0,0,0,0,0,0,0,5,9,6,2,,
4168,1966,Graduation,Single,"$37,070.00 ",1,1,3/20/13,60,56+,30,0,$231.00 ,$7.00 ,$137.00 ,$4.00 ,$15.00 ,$39.00 ,9,0,0,0,0,0,1,1,5,1,8,7,,
4174,1956,Master,Together,"$55,249.00 ",0,1,4/17/14,70,56+,81,0,$97.00 ,$1.00 ,$19.00 ,$2.00 , $-   ,$11.00 ,1,0,0,0,0,0,0,0,2,1,4,3,,
4179,1959,Graduation,Together,"$24,221.00 ",0,0,8/20/13,67,56+,94,0,$8.00 ,$9.00 ,$9.00 ,$2.00 ,$5.00 ,$22.00 ,1,0,0,0,0,0,0,0,1,1,3,4,,
4184,1950,PhD,Together,"$52,157.00 ",0,1,7/6/14,76,56+,48,0,$189.00 ,$2.00 ,$29.00 ,$3.00 ,$2.00 ,$40.00 ,2,0,0,0,0,0,0,0,3,2,5,4,,
4186,1950,Graduation,Together,"$34,026.00 ",1,1,5/8/13,76,56+,11,0,$18.00 ,$6.00 ,$15.00 ,$12.00 ,$8.00 ,$17.00 ,3,0,0,0,0,0,0,0,2,1,3,5,,
4188,1957,Graduation,Single,"$36,864.00 ",0,1,8/13/12,69,56+,53,0,$204.00 ,$5.00 ,$39.00 ,$17.00 , $-   ,$89.00 ,3,0,0,0,0,0,1,1,5,2,4,8,,
4198,1965,Graduation,Together,"$29,672.00 ",1,1,12/3/13,61,56+,6,0,$9.00 ,$1.00 ,$3.00 , $-   ,$4.00 ,$8.00 ,1,0,0,0,0,0,0,0,0,0,3,6,,
4200,1970,Master,Married,"$44,159.00 ",1,0,6/17/14,56,56+,85,0,$167.00 ,$2.00 ,$62.00 ,$24.00 ,$13.00 ,$7.00 ,4,0,0,0,0,0,0,0,4,1,6,5,,
4201,1962,Graduation,Single,"$57,967.00 ",0,1,3/3/13,64,56+,39,0,$229.00 ,$7.00 ,$137.00 ,$4.00 , $-   ,$91.00 ,5,0,0,0,0,0,0,0,4,2,8,5,,
4207,1981,PhD,Married,"$87,171.00 ",0,0,1/5/13,45,36-45,27,0,"$1,001.00 ",$44.00 ,$107.00 ,$58.00 ,$44.00 ,$44.00 ,1,0,0,1,0,1,0,2,6,7,11,2,,
4211,1986,Basic,Married,"$20,425.00 ",1,0,10/29/12,40,36-45,5,0,$4.00 ,$12.00 ,$5.00 ,$3.00 ,$16.00 ,$17.00 ,2,0,0,0,0,0,0,0,2,0,3,7,,
4216,1981,Graduation,Single,"$91,065.00 ",0,0,2/22/13,45,36-45,33,0,$822.00 ,$114.00 ,$108.00 ,$179.00 ,$137.00 ,$114.00 ,1,1,0,0,0,1,1,3,7,9,9,3,,
4220,1970,PhD,Married,"$59,892.00 ",0,1,2/11/13,56,56+,26,0,$73.00 , $-   ,$13.00 , $-   ,$1.00 , $-   ,1,0,0,0,0,0,0,0,2,1,3,3,,
4227,1968,Master,Together,"$32,889.00 ",1,1,6/9/13,58,56+,78,0,$28.00 , $-   ,$13.00 ,$4.00 ,$2.00 ,$8.00 ,3,0,0,0,0,0,0,0,2,1,3,5,,
4240,1978,Graduation,Married,"$17,345.00 ",1,0,3/11/12,48,46-55,79,0,$4.00 ,$9.00 ,$16.00 ,$17.00 , $-   ,$12.00 ,2,0,0,0,0,0,0,0,2,1,2,8,,
4246,1982,Master,Single,"$6,560.00 ",0,0,12/12/13,44,36-45,2,0,$67.00 ,$11.00 ,$26.00 ,$4.00 ,$3.00 ,$262.00 ,0,0,0,0,0,0,0,0,1,0,1,17,,
4248,1960,Master,Single,"$98,777.00 ",0,0,2/17/14,66,56+,23,0,"$1,000.00 ",$19.00 ,$711.00 ,$125.00 ,$115.00 ,$38.00 ,0,0,0,0,1,0,0,1,4,6,9,1,,
4252,1965,Graduation,Married,"$44,375.00 ",0,1,3/23/14,61,56+,73,0,$213.00 ,$5.00 ,$28.00 ,$7.00 ,$7.00 ,$41.00 ,1,0,0,0,0,0,0,0,4,1,6,5,,
4259,1986,Master,Single,"$19,485.00 ",2,0,9/24/13,40,36-45,80,0,$6.00 , $-   ,$4.00 , $-   , $-   , $-   ,1,0,0,0,0,0,0,0,1,0,2,7,,
4261,1946,PhD,Single,"$82,800.00 ",0,0,11/24/12,80,56+,23,0,"$1,006.00 ",$22.00 ,$115.00 ,$59.00 ,$68.00 ,$45.00 ,1,1,0,0,0,1,1,3,7,6,12,3,,
4268,1959,Graduation,Married,"$53,154.00 ",0,1,9/6/14,67,56+,50,0,$129.00 , $-   ,$21.00 , $-   ,$1.00 ,$7.00 ,1,0,0,0,0,0,0,0,3,1,4,4,,
4271,1989,2n Cycle,Together,"$38,683.00 ",1,0,4/10/12,37,36-45,80,0,$46.00 ,$35.00 ,$69.00 ,$84.00 ,$41.00 ,$66.00 ,6,0,0,0,0,0,0,0,4,1,6,7,,
4278,1983,PhD,Single,"$87,188.00 ",0,0,3/6/13,43,36-45,73,0,$910.00 ,$111.00 ,$724.00 ,$49.00 ,$74.00 ,$55.00 ,1,0,0,0,0,0,1,1,10,2,6,3,,
4279,1963,2n Cycle,Single,"$39,548.00 ",1,1,3/31/14,63,56+,87,0,$15.00 ,$4.00 ,$10.00 ,$3.00 ,$4.00 ,$18.00 ,2,0,0,0,0,0,0,0,1,1,3,3,,
4286,1970,PhD,Single,"$57,642.00 ",0,1,9/1/14,56,56+,24,0,$580.00 ,$6.00 ,$58.00 ,$8.00 , $-   ,$27.00 ,3,0,0,1,0,0,0,1,7,6,6,4,,
4290,1972,Graduation,Married,"$30,467.00 ",1,0,3/19/14,54,46-55,8,0,$1.00 ,$3.00 ,$8.00 ,$2.00 ,$5.00 ,$5.00 ,1,0,0,0,0,0,0,0,1,0,2,7,,
4297,1969,Graduation,Together,"$23,228.00 ",1,0,1/26/14,57,56+,71,0,$13.00 ,$2.00 ,$18.00 ,$6.00 ,$1.00 , $-   ,2,0,0,0,0,0,0,0,2,0,3,8,,
4298,1973,PhD,Together,"$20,427.00 ",1,0,3/24/14,53,46-55,63,0,$5.00 , $-   ,$4.00 , $-   , $-   ,$1.00 ,1,0,0,0,0,0,0,0,1,0,2,8,,
4299,1960,Graduation,Together,"$70,971.00 ",0,1,9/21/12,66,56+,28,0,"$1,001.00 ",$17.00 ,$572.00 ,$93.00 ,$125.00 ,$17.00 ,7,0,0,0,0,0,1,1,11,11,5,7,,
4301,1971,Master,Married,"$35,178.00 ",1,0,10/1/13,55,46-55,10,0,$23.00 ,$1.00 ,$13.00 ,$2.00 ,$2.00 ,$18.00 ,1,0,0,1,0,0,1,2,1,1,2,7,,
4303,1957,PhD,Together,"$6,835.00 ",0,1,8/12/12,69,56+,76,0,$107.00 ,$2.00 ,$12.00 ,$2.00 ,$2.00 ,$12.00 ,0,0,0,0,0,0,0,0,0,0,1,20,,
4310,1944,Graduation,Married,"$80,589.00 ",0,0,1/22/14,82,56+,25,0,$507.00 ,$93.00 ,$520.00 ,$242.00 ,$40.00 ,$26.00 ,1,1,0,0,0,0,1,2,5,10,5,1,,
4320,1979,Graduation,Single,"$60,152.00 ",0,1,3/28/13,47,46-55,6,0,$325.00 ,$83.00 ,$300.00 ,$86.00 ,$58.00 ,$91.00 ,1,0,0,0,0,0,0,0,6,4,12,3,,
4322,1958,PhD,Together,"$77,863.00 ",0,0,11/27/13,68,56+,20,0,$881.00 ,$38.00 ,$319.00 ,$16.00 ,$25.00 ,$12.00 ,1,0,0,0,0,0,0,0,4,5,10,2,,
4324,1989,Graduation,Married,"$42,387.00 ",1,0,10/29/12,37,36-45,42,0,$235.00 , $-   ,$235.00 ,$19.00 ,$4.00 ,$191.00 ,5,0,0,0,0,0,0,0,8,1,7,8,,
4328,1986,2n Cycle,Married,"$21,955.00 ",1,0,7/9/13,40,36-45,81,0,$5.00 ,$1.00 ,$7.00 ,$17.00 ,$14.00 ,$11.00 ,2,0,0,0,0,0,0,0,2,1,3,6,,
4329,1984,PhD,Married,"$18,988.00 ",1,0,5/23/14,42,36-45,43,0,$6.00 , $-   ,$6.00 ,$2.00 ,$1.00 ,$1.00 ,2,0,0,0,0,0,0,0,1,0,3,7,,
4331,1978,Master,Together,"$85,738.00 ",0,0,1/23/14,48,46-55,41,0,$913.00 ,$26.00 ,$376.00 ,$17.00 ,$26.00 ,$13.00 ,1,0,0,0,1,1,0,2,3,6,11,1,,
4333,1954,Graduation,Together,"$32,144.00 ",1,1,3/23/14,72,56+,76,0,$41.00 , $-   ,$10.00 , $-   , $-   ,$3.00 ,4,0,0,0,1,0,0,1,2,1,3,7,,
4338,1983,Graduation,Single,"$39,062.00 ",1,0,3/25/14,43,36-45,28,0,$23.00 , $-   ,$9.00 , $-   , $-   ,$12.00 ,1,0,0,1,0,0,0,1,1,0,3,4,,
4339,1970,PhD,Married,"$67,353.00 ",0,1,12/31/13,56,56+,37,0,$702.00 ,$17.00 ,$151.00 , $-   ,$8.00 ,$35.00 ,5,0,0,0,0,0,0,0,5,6,12,2,,
4345,1964,2n Cycle,Single,,1,1,12/1/14,62,56+,49,0,$5.00 ,$1.00 ,$9.00 ,$2.00 , $-   ,$4.00 ,1,0,0,0,0,0,0,0,1,0,2,7,,
4351,1955,Graduation,Divorced,"$37,244.00 ",1,1,4/27/13,71,56+,90,0,$18.00 ,$2.00 ,$10.00 , $-   , $-   ,$25.00 ,1,0,0,1,0,0,0,1,1,1,2,7,,
4356,1971,Graduation,Together,"$71,819.00 ",0,1,8/28/13,55,46-55,70,0,"$1,224.00 ",$28.00 ,$140.00 , $-   ,$14.00 ,$168.00 ,3,0,0,0,1,1,0,2,3,3,5,6,,
4368,1980,Graduation,Married,"$47,850.00 ",1,0,3/12/13,46,46-55,72,0,$42.00 ,$7.00 ,$43.00 ,$20.00 ,$12.00 ,$10.00 ,1,0,0,0,0,0,0,0,3,0,4,6,,
4370,1966,Graduation,Together,"$43,482.00 ",2,1,11/13/13,60,56+,83,0,$18.00 ,$1.00 ,$32.00 ,$6.00 ,$3.00 ,$28.00 ,3,0,0,0,0,0,0,0,2,0,4,6,,
4376,1960,2n Cycle,Single,"$32,218.00 ",0,0,2/15/14,66,56+,27,0,$10.00 ,$24.00 ,$15.00 ,$13.00 ,$1.00 ,$30.00 ,1,0,0,1,0,0,1,2,2,1,3,7,,
4377,1971,Graduation,Married,"$52,914.00 ",0,1,7/1/13,55,46-55,32,0,$254.00 ,$10.00 ,$44.00 ,$30.00 ,$10.00 ,$227.00 ,2,0,0,1,0,0,0,1,7,3,3,7,,
4381,1971,PhD,Married,"$46,463.00 ",1,1,8/18/13,55,46-55,56,0,$163.00 ,$2.00 ,$40.00 ,$8.00 ,$11.00 ,$11.00 ,7,0,0,0,0,0,0,0,3,1,6,6,,
4385,1981,PhD,Single,"$36,038.00 ",1,0,5/31/13,45,36-45,82,0,$23.00 , $-   ,$15.00 , $-   ,$2.00 ,$7.00 ,2,0,0,0,0,0,0,0,3,0,3,6,,
4390,1954,Graduation,Together,"$75,315.00 ",0,1,4/15/14,72,56+,14,0,$459.00 ,$15.00 ,$171.00 ,$142.00 ,$23.00 ,$31.00 ,2,0,0,0,0,0,0,0,5,4,12,2,,
4391,1968,Master,Divorced,"$63,841.00 ",0,1,4/21/13,58,56+,64,0,$635.00 ,$15.00 ,$100.00 ,$20.00 ,$7.00 ,$131.00 ,1,0,0,0,0,0,0,0,9,3,9,6,,
4394,1965,PhD,Married,"$81,051.00 ",0,0,5/23/14,61,56+,43,0,"$1,142.00 ",$29.00 ,$249.00 ,$38.00 ,$29.00 ,$14.00 ,1,0,0,0,1,1,0,2,5,5,12,2,,
4399,1969,Graduation,Together,"$68,695.00 ",0,0,6/25/14,57,56+,3,0,$458.00 ,$81.00 ,$356.00 ,$106.00 ,$50.00 ,$40.00 ,1,0,0,0,0,0,0,0,4,4,7,2,,
4405,1956,Master,Married,"$63,915.00 ",0,2,7/30/13,70,56+,2,0,$622.00 ,$7.00 ,$115.00 ,$30.00 , $-   ,$15.00 ,2,0,0,0,0,0,0,0,6,3,12,5,,
4406,1970,Graduation,Together,"$67,419.00 ",0,1,1/16/13,56,56+,29,0,$846.00 ,$84.00 ,$352.00 ,$91.00 ,$56.00 ,$42.00 ,4,0,0,0,0,0,0,0,9,4,8,5,,
4415,1961,Graduation,Married,"$16,860.00 ",1,1,12/9/12,65,56+,19,0,$10.00 ,$4.00 ,$4.00 ,$3.00 ,$3.00 ,$14.00 ,3,0,0,0,0,0,0,0,1,1,3,7,,
4418,1983,Master,Single,"$89,616.00 ",0,0,2/25/13,43,36-45,36,0,$671.00 ,$47.00 ,$655.00 ,$145.00 ,$111.00 ,$15.00 ,1,0,0,0,0,0,1,1,7,5,12,2,,
4426,1975,Graduation,Single,"$55,801.00 ",1,1,9/22/13,51,46-55,35,0,$367.00 ,$4.00 ,$51.00 ,$6.00 ,$4.00 ,$95.00 ,6,1,0,0,0,0,0,1,7,2,6,7,,
4427,1995,2n Cycle,Single,"$83,257.00 ",0,0,9/18/12,31,26-35,56,1,$536.00 ,$27.00 ,$590.00 ,$38.00 ,$107.00 ,$67.00 ,1,0,0,1,0,1,1,3,5,10,12,6,,
4432,1976,Graduation,Divorced,"$31,615.00 ",1,0,3/16/13,50,46-55,82,0,$2.00 ,$3.00 ,$20.00 ,$6.00 ,$11.00 ,$9.00 ,2,0,0,0,0,0,0,0,2,0,3,7,,
4436,1976,Graduation,Single,"$20,180.00 ",0,0,2/20/13,50,46-55,27,0,$18.00 ,$42.00 ,$24.00 ,$15.00 ,$20.00 ,$18.00 ,1,0,0,0,0,0,0,0,2,1,4,7,,
4437,1962,Graduation,Married,"$65,316.00 ",1,1,4/24/13,64,56+,65,0,$112.00 ,$6.00 ,$92.00 ,$3.00 ,$9.00 ,$38.00 ,2,0,0,0,0,0,0,0,3,2,5,4,,
4440,1964,Master,Married,"$64,100.00 ",0,1,10/9/13,62,56+,93,0,$509.00 , $-   ,$27.00 , $-   , $-   ,$10.00 ,1,0,0,0,1,0,0,1,8,3,6,7,,
4442,1961,Graduation,Single,"$46,524.00 ",0,1,5/4/13,65,56+,70,0,$31.00 ,$19.00 ,$35.00 ,$26.00 ,$14.00 ,$52.00 ,2,0,0,0,0,0,0,0,1,1,5,3,,
4444,1972,Graduation,Married,"$30,023.00 ",1,0,3/24/14,54,46-55,28,0,$11.00 , $-   ,$16.00 ,$7.00 ,$6.00 ,$21.00 ,1,0,0,0,0,0,0,0,2,0,3,8,,
4452,1957,Graduation,Single,"$50,388.00 ",0,1,5/28/14,69,56+,3,0,$292.00 ,$6.00 ,$37.00 , $-   ,$3.00 ,$34.00 ,4,1,0,0,1,0,1,3,6,1,6,7,,
4459,1989,Graduation,Single,"$30,279.00 ",1,0,12/30/12,37,36-45,13,0,$10.00 ,$4.00 ,$14.00 ,$4.00 ,$4.00 ,$1.00 ,1,0,0,0,0,0,0,0,1,0,3,8,,
4470,1962,Master,Married,"$58,646.00 ",0,1,10/6/13,64,56+,3,0,$62.00 ,$1.00 ,$44.00 ,$6.00 ,$5.00 ,$22.00 ,1,0,0,0,0,0,0,0,2,1,4,4,,
4472,1970,PhD,Divorced,"$35,682.00 ",1,0,6/27/14,56,56+,34,0,$23.00 , $-   ,$8.00 ,$6.00 ,$2.00 ,$18.00 ,1,0,0,0,0,0,0,0,1,1,3,2,,
4475,1949,PhD,Married,"$69,098.00 ",0,0,2/16/13,77,56+,82,0,"$1,315.00 ",$22.00 ,$780.00 ,$145.00 , $-   ,$178.00 ,1,0,0,0,0,0,0,0,7,8,9,5,,
4477,1958,Graduation,Together,"$69,096.00 ",0,1,9/27/13,68,56+,4,0,$247.00 ,$49.00 ,$159.00 ,$7.00 ,$82.00 ,$109.00 ,1,0,0,0,0,0,0,0,5,2,10,4,,
4478,1979,Graduation,Married,"$63,777.00 ",1,1,3/24/13,47,46-55,87,0,$457.00 ,$5.00 ,$106.00 ,$15.00 ,$17.00 ,$53.00 ,8,0,0,0,0,0,0,0,11,1,6,8,,
4480,1973,Master,Married,"$60,432.00 ",0,1,9/3/14,53,46-55,61,0,$365.00 ,$3.00 ,$15.00 ,$4.00 ,$3.00 ,$11.00 ,5,0,0,0,0,0,0,0,7,2,5,6,,
4483,1993,Graduation,Single,"$72,354.00 ",0,0,4/17/13,33,26-35,67,0,$315.00 ,$26.00 ,$473.00 ,$220.00 ,$12.00 ,$182.00 ,1,0,0,0,0,0,0,0,2,10,6,1,,
4487,1969,Master,Single,"$39,858.00 ",1,0,1/24/13,57,56+,67,0,$15.00 ,$20.00 ,$25.00 ,$2.00 ,$7.00 ,$26.00 ,1,0,0,0,0,0,1,1,2,0,4,6,,
4491,1949,Master,Married,"$62,845.00 ",1,1,1/10/12,77,56+,3,0,"$1,099.00 ", $-   ,$45.00 , $-   , $-   ,$34.00 ,11,0,0,0,1,0,0,1,3,4,10,8,,
4500,1991,PhD,Together,"$68,682.00 ",0,0,6/10/13,35,26-35,56,0,$919.00 , $-   ,$505.00 ,$99.00 ,$30.00 ,$45.00 ,1,0,0,0,0,0,0,0,4,9,10,2,,
4501,1965,Master,Single,"$69,882.00 ",0,0,10/11/13,61,56+,94,0,$292.00 ,$127.00 ,$635.00 ,$132.00 ,$127.00 ,$165.00 ,1,0,0,0,0,0,0,0,3,7,9,1,,
4507,1952,Graduation,Single,"$72,228.00 ",0,0,11/27/12,74,56+,87,0,$631.00 ,$28.00 ,$491.00 ,$30.00 ,$14.00 ,$56.00 ,1,0,0,0,0,0,0,0,6,7,8,3,,
4508,1952,Graduation,Single,"$75,127.00 ",0,0,5/22/14,74,56+,92,0,$203.00 ,$35.00 ,$305.00 ,$46.00 ,$17.00 ,$227.00 ,1,0,0,0,0,0,0,0,2,11,5,1,,
4518,1979,Graduation,Together,"$85,693.00 ",0,1,4/20/13,47,46-55,59,0,$386.00 ,$172.00 ,$183.00 ,$185.00 ,$132.00 ,$111.00 ,2,0,0,0,0,0,0,0,9,5,11,5,,
4530,1948,Master,Widow,"$78,427.00 ",0,0,10/24/12,78,56+,36,0,$972.00 ,$19.00 ,$595.00 ,$180.00 ,$26.00 ,$138.00 ,3,1,0,0,0,0,1,2,3,7,10,3,,
4541,1955,Graduation,Together,"$38,946.00 ",0,1,10/24/13,71,56+,84,0,$116.00 ,$6.00 ,$82.00 ,$6.00 ,$6.00 ,$41.00 ,2,0,0,0,0,0,0,0,3,1,6,5,,
4543,1980,Graduation,Married,"$82,497.00 ",0,0,10/31/12,46,46-55,32,0,$777.00 ,$129.00 ,$573.00 ,$216.00 ,$21.00 ,$203.00 ,1,0,0,0,0,1,0,1,2,7,9,4,,
4547,1960,Graduation,Together,"$13,672.00 ",1,1,4/17/13,66,56+,86,0,$6.00 ,$2.00 ,$9.00 ,$2.00 ,$1.00 ,$5.00 ,2,0,0,0,0,0,0,0,1,0,3,8,,
4548,1981,Graduation,Single,"$41,967.00 ",1,1,11/23/13,45,36-45,66,0,$23.00 ,$4.00 ,$10.00 , $-   ,$2.00 ,$15.00 ,1,0,0,0,0,0,0,0,1,0,3,4,,
4550,1966,Master,Together,"$33,564.00 ",0,1,6/24/14,60,56+,51,0,$61.00 , $-   ,$3.00 , $-   , $-   ,$7.00 ,1,0,0,0,0,0,0,0,1,1,3,5,,
4552,1991,Graduation,Married,"$51,373.00 ",0,0,6/22/13,35,26-35,37,0,$83.00 ,$2.00 ,$101.00 ,$64.00 ,$26.00 ,$117.00 ,1,0,0,0,0,0,0,0,3,5,3,4,,
4554,1965,Graduation,Together,"$47,009.00 ",0,1,1/10/13,61,56+,89,0,$171.00 ,$45.00 ,$73.00 ,$59.00 ,$10.00 ,$90.00 ,4,0,0,0,0,0,0,0,3,2,8,4,,
4557,1970,Graduation,Together,"$22,070.00 ",1,0,4/10/13,56,56+,11,0,$10.00 ,$7.00 ,$19.00 ,$8.00 ,$2.00 ,$21.00 ,2,0,0,0,0,0,0,0,2,2,2,6,,
4580,1969,Graduation,Married,"$75,759.00 ",0,0,10/25/13,57,56+,46,0,"$1,394.00 ",$22.00 ,$708.00 ,$89.00 ,$91.00 ,$182.00 ,1,1,0,1,0,1,1,4,9,7,9,5,,
4587,1944,Master,Widow,"$45,006.00 ",0,0,7/18/13,82,56+,90,0,$162.00 ,$25.00 ,$53.00 ,$16.00 , $-   ,$10.00 ,1,0,0,0,0,0,0,0,3,1,7,3,,
4597,1970,PhD,Together,"$82,072.00 ",0,0,2/7/13,56,56+,67,0,$889.00 ,$55.00 ,$685.00 ,$168.00 ,$92.00 ,$129.00 ,1,0,0,0,0,0,0,0,3,2,13,1,,
4599,1976,Master,Married,"$49,681.00 ",0,2,4/11/13,50,46-55,66,0,$411.00 , $-   ,$26.00 , $-   , $-   ,$21.00 ,6,0,0,0,0,0,0,0,7,1,7,7,,
4603,1960,PhD,Married,"$65,695.00 ",0,1,1/31/14,66,56+,50,0,$371.00 ,$32.00 ,$189.00 , $-   ,$58.00 ,$6.00 ,2,0,0,0,0,0,0,0,5,4,10,4,,
4607,1959,Graduation,Together,"$71,367.00 ",0,0,8/23/13,67,56+,24,0,$227.00 ,$23.00 ,$389.00 ,$42.00 ,$21.00 ,$75.00 ,1,0,0,0,0,0,0,0,4,5,7,2,,
4608,1987,Graduation,Divorced,"$81,361.00 ",0,0,2/25/14,39,36-45,18,0,$163.00 ,$23.00 ,$424.00 ,$27.00 ,$65.00 ,$76.00 ,1,0,0,0,0,0,1,1,3,10,13,1,,
4609,1966,PhD,Married,"$57,705.00 ",0,1,11/1/14,60,56+,14,0,$383.00 , $-   ,$53.00 ,$6.00 ,$4.00 ,$40.00 ,3,0,0,0,0,0,0,0,8,1,6,6,,
4611,1970,Graduation,Together,"$105,471.00 ",0,0,1/21/13,56,56+,36,0,"$1,009.00 ",$181.00 ,$104.00 ,$202.00 ,$21.00 ,$207.00 ,0,1,0,0,0,1,1,3,9,8,13,3,,
4619,1945,PhD,Single,"$113,734.00 ",0,0,5/28/14,81,56+,9,0,$6.00 ,$2.00 ,$3.00 ,$1.00 ,$262.00 ,$3.00 ,0,0,0,0,0,0,0,0,27,0,0,1,,
4637,1954,PhD,Single,"$74,637.00 ",0,0,5/18/13,72,56+,73,0,$960.00 ,$64.00 ,$464.00 ,$146.00 , $-   ,$16.00 ,1,1,0,0,0,0,0,1,6,9,9,3,,
4640,1967,Graduation,Divorced,"$70,647.00 ",0,1,9/21/12,59,56+,65,0,$561.00 ,$85.00 ,$171.00 ,$25.00 ,$123.00 ,$114.00 ,2,0,0,0,0,0,0,0,4,7,13,2,,
4643,1973,Graduation,Married,"$27,803.00 ",1,0,8/26/12,53,46-55,40,0,$8.00 ,$26.00 ,$46.00 ,$38.00 ,$9.00 ,$49.00 ,2,0,0,0,0,0,0,0,3,0,4,8,,
4646,1951,2n Cycle,Married,"$78,497.00 ",0,0,1/12/13,75,56+,44,0,$207.00 ,$26.00 ,$447.00 ,$75.00 , $-   ,$223.00 ,1,1,0,0,0,0,0,1,5,7,12,2,,
4653,1978,Graduation,Together,"$42,011.00 ",1,0,3/26/13,48,46-55,46,0,$131.00 , $-   ,$16.00 ,$2.00 ,$1.00 ,$39.00 ,4,0,0,0,0,0,0,0,3,1,4,8,,
4654,1992,Graduation,Together,"$75,114.00 ",0,0,7/11/13,34,26-35,40,0,$571.00 ,$12.00 ,$523.00 ,$63.00 ,$60.00 ,$24.00 ,1,0,0,0,0,0,0,0,3,10,5,2,,
4656,1990,2n Cycle,Single,"$51,250.00 ",1,0,3/30/13,36,36-45,28,0,$342.00 ,$32.00 ,$230.00 ,$34.00 ,$32.00 ,$40.00 ,5,0,0,1,0,0,0,1,10,5,4,9,,
4669,1981,Basic,Married,"$24,480.00 ",1,0,11/2/13,45,36-45,46,0,$4.00 ,$19.00 ,$9.00 ,$28.00 ,$25.00 ,$17.00 ,3,0,0,0,0,0,0,0,3,0,4,7,,
4673,1963,PhD,Married,"$81,300.00 ",0,1,10/30/12,63,56+,17,0,"$1,004.00 ",$12.00 ,$145.00 ,$32.00 ,$12.00 ,$36.00 ,3,1,0,0,0,0,1,2,10,3,5,5,,
4676,1951,Master,Widow,"$73,705.00 ",0,2,5/3/14,75,56+,86,0,$612.00 ,$91.00 ,$520.00 ,$258.00 ,$107.00 ,$107.00 ,2,0,0,0,0,0,0,0,9,6,8,5,,
4679,1977,Master,Married,"$78,710.00 ",0,1,5/23/14,49,46-55,42,0,$721.00 , $-   ,$152.00 ,$119.00 ,$50.00 ,$50.00 ,3,0,0,0,0,0,0,0,7,6,12,4,,
4682,1958,Graduation,Married,"$51,876.00 ",0,0,10/15/13,68,56+,88,0,$99.00 ,$27.00 ,$102.00 ,$28.00 ,$48.00 ,$6.00 ,1,0,0,0,0,0,0,0,2,2,8,1,,
4686,1962,PhD,Widow,"$82,571.00 ",0,0,2/4/14,64,56+,28,0,$861.00 ,$31.00 ,$558.00 ,$62.00 ,$95.00 ,$79.00 ,0,0,0,0,0,1,0,1,6,5,13,2,,
4687,1958,Master,Married,"$80,739.00 ",0,0,5/23/13,68,56+,92,0,$674.00 ,$92.00 ,$736.00 ,$39.00 , $-   ,$92.00 ,1,0,0,0,0,0,0,0,3,11,9,1,,
4690,1953,Graduation,Married,"$50,725.00 ",0,1,2/13/13,73,56+,45,0,$443.00 ,$10.00 ,$75.00 , $-   ,$10.00 ,$48.00 ,4,0,0,0,0,0,0,0,8,1,8,8,,
4692,1976,Graduation,Married,"$7,500.00 ",1,0,1/8/12,50,46-55,19,0,$7.00 , $-   ,$12.00 ,$13.00 ,$7.00 ,$32.00 ,5,0,0,1,0,0,1,2,4,1,2,9,,
4697,1949,Master,Divorced,"$35,416.00 ",0,0,6/13/13,77,56+,62,0,$248.00 ,$3.00 ,$81.00 ,$4.00 ,$3.00 ,$51.00 ,3,0,0,0,0,0,0,0,7,1,5,8,,
4698,1983,PhD,Married,"$50,150.00 ",0,0,6/20/13,43,36-45,32,0,$135.00 ,$46.00 ,$92.00 ,$65.00 ,$61.00 ,$11.00 ,2,0,0,0,0,0,0,0,5,2,7,5,,
4702,1964,Graduation,Single,"$61,839.00 ",0,0,12/8/12,62,56+,20,0,"$1,000.00 ",$155.00 ,$379.00 ,$224.00 ,$17.00 ,$120.00 ,1,0,0,0,0,0,0,0,4,8,4,8,,
4706,1966,Graduation,Single,"$34,704.00 ",0,1,4/27/13,60,56+,65,0,$29.00 , $-   ,$5.00 , $-   ,$1.00 ,$5.00 ,1,0,0,0,0,0,0,0,1,0,3,5,,
4712,1991,2n Cycle,Together,"$20,193.00 ",0,0,11/28/12,35,26-35,18,0,$8.00 ,$8.00 ,$22.00 ,$24.00 ,$11.00 ,$9.00 ,1,0,0,0,0,0,0,0,1,1,4,4,,
4713,1979,PhD,Married,"$31,605.00 ",1,0,11/22/12,47,46-55,15,0,$74.00 , $-   ,$42.00 ,$2.00 ,$1.00 ,$6.00 ,2,0,0,0,0,0,0,0,2,1,4,7,,
4725,1950,PhD,Together,"$50,616.00 ",0,1,4/13/14,76,56+,71,0,$30.00 ,$2.00 ,$25.00 , $-   ,$1.00 ,$9.00 ,1,0,0,0,0,0,0,0,1,1,4,2,,
4741,1974,2n Cycle,Married,"$65,463.00 ",1,0,1/30/14,52,46-55,17,0,$391.00 ,$32.00 ,$70.00 ,$21.00 ,$32.00 ,$16.00 ,2,0,0,0,1,0,0,1,6,2,9,5,,
4743,1969,PhD,Married,"$56,242.00 ",0,1,3/3/13,57,56+,72,0,$689.00 ,$8.00 ,$167.00 ,$11.00 ,$8.00 ,$88.00 ,5,0,0,0,0,0,0,0,8,4,11,6,,
4749,1968,Graduation,Together,"$58,554.00 ",1,1,9/26/12,58,56+,55,0,$368.00 ,$24.00 ,$68.00 ,$38.00 , $-   ,$88.00 ,6,0,0,0,0,0,0,0,8,2,6,7,,
4754,1966,Master,Married,"$33,585.00 ",0,1,9/25/13,60,56+,91,0,$30.00 ,$11.00 ,$33.00 ,$13.00 ,$6.00 ,$29.00 ,1,0,0,0,0,0,0,0,2,0,4,4,,
4756,1952,2n Cycle,Divorced,"$63,998.00 ",0,0,12/20/13,74,56+,42,0,$176.00 ,$29.00 ,$818.00 , $-   ,$33.00 ,$112.00 ,1,0,0,0,0,0,1,1,7,6,11,4,,
4764,1952,Master,Together,"$40,442.00 ",1,1,8/19/12,74,56+,52,0,$45.00 ,$12.00 ,$52.00 ,$25.00 ,$22.00 ,$13.00 ,4,0,0,0,0,0,1,1,3,1,4,7,,
4767,1965,2n Cycle,Married,"$70,924.00 ",0,0,7/4/14,61,56+,41,0,$635.00 ,$114.00 ,$254.00 ,$132.00 ,$152.00 ,$76.00 ,1,0,0,0,0,1,0,1,6,6,7,3,,
4769,1977,Master,Together,"$57,954.00 ",1,1,6/18/14,49,46-55,52,0,$456.00 ,$4.00 ,$24.00 , $-   , $-   ,$9.00 ,7,0,0,0,1,0,0,1,8,2,6,7,,
4785,1970,PhD,Together,"$77,622.00 ",0,2,4/14/14,56,56+,3,0,$520.00 ,$7.00 ,$154.00 ,$19.00 , $-   ,$14.00 ,2,0,0,0,0,0,0,0,6,3,11,3,,
4786,1977,Graduation,Married,"$75,330.00 ",1,1,4/10/12,49,46-55,94,0,$555.00 ,$82.00 ,$257.00 ,$93.00 ,$61.00 ,$61.00 ,4,0,0,0,0,0,0,0,10,3,12,6,,
4789,1953,Graduation,Together,"$80,812.00 ",0,0,9/17/13,73,56+,95,0,$769.00 ,$22.00 ,$500.00 ,$210.00 ,$143.00 ,$33.00 ,1,1,0,1,0,1,0,3,4,8,5,2,,
4790,1958,Graduation,Divorced,"$79,803.00 ",0,1,2/6/14,68,56+,54,0,$574.00 ,$8.00 ,$216.00 ,$21.00 ,$16.00 ,$33.00 ,1,0,0,0,0,0,0,0,4,3,5,1,,
4791,1980,Graduation,Together,"$44,964.00 ",1,1,12/16/12,46,46-55,35,0,$19.00 ,$1.00 ,$17.00 ,$2.00 , $-   ,$2.00 ,1,0,0,0,0,0,0,0,1,0,3,8,,
4796,1952,Graduation,Divorced,"$49,638.00 ",0,1,4/19/14,74,56+,71,0,$18.00 ,$10.00 ,$3.00 ,$3.00 ,$5.00 , $-   ,1,0,0,0,0,0,0,0,1,0,3,2,,
4808,1956,Graduation,Married,"$15,759.00 ",0,0,5/9/13,70,56+,12,0,$1.00 ,$2.00 ,$5.00 ,$6.00 , $-   ,$3.00 ,1,0,0,0,0,0,0,0,1,0,2,7,,
4817,1956,Graduation,Divorced,"$22,304.00 ",0,0,4/8/12,70,56+,91,0,$3.00 ,$2.00 ,$7.00 , $-   ,$4.00 ,$2.00 ,1,0,0,0,0,0,0,0,1,0,2,8,,
4827,1956,PhD,Single,"$54,998.00 ",0,1,10/3/13,70,56+,3,0,$154.00 ,$22.00 ,$202.00 ,$39.00 ,$30.00 ,$8.00 ,5,0,0,0,0,0,1,1,4,2,9,4,,
4828,1954,Graduation,Divorced,"$79,865.00 ",0,1,6/18/14,72,56+,12,0,$71.00 ,$99.00 ,$278.00 ,$185.00 ,$121.00 ,$38.00 ,1,0,0,0,0,0,0,0,5,10,5,1,,
4832,1979,Graduation,Married,"$27,244.00 ",1,0,7/3/14,47,46-55,84,0,$6.00 ,$5.00 ,$17.00 ,$3.00 ,$24.00 ,$46.00 ,2,0,0,0,0,0,0,0,2,2,2,7,,
4837,1965,PhD,Married,"$71,322.00 ",0,1,2/16/13,61,56+,57,0,$753.00 ,$43.00 ,$226.00 ,$69.00 ,$10.00 ,$204.00 ,2,0,0,0,0,0,0,0,8,5,13,4,,
4838,1978,Graduation,Together,"$22,775.00 ",1,0,6/19/13,48,46-55,40,0,$5.00 ,$1.00 ,$8.00 , $-   , $-   ,$1.00 ,1,0,0,0,0,0,0,0,1,0,2,8,,
4843,1952,Graduation,Single,"$75,127.00 ",0,0,5/22/14,74,56+,92,0,$203.00 ,$35.00 ,$305.00 ,$46.00 ,$17.00 ,$227.00 ,1,0,0,0,0,0,0,0,2,11,5,1,,
4855,1974,PhD,Together,"$30,351.00 ",1,0,6/6/13,52,46-55,19,0,$14.00 , $-   ,$24.00 ,$3.00 ,$3.00 ,$2.00 ,1,0,0,0,0,0,1,1,3,0,2,9,,
4856,1957,2n Cycle,Married,"$82,347.00 ",0,0,6/11/12,69,56+,38,0,$556.00 ,$54.00 ,$845.00 ,$202.00 ,$133.00 ,$63.00 ,1,1,0,1,0,0,0,2,7,7,10,3,,
4860,1970,Graduation,Single,"$24,206.00 ",1,0,8/3/13,56,56+,66,0,$7.00 ,$2.00 ,$8.00 ,$3.00 ,$2.00 ,$3.00 ,1,0,0,0,0,0,0,0,1,0,3,6,,
4864,1977,Graduation,Married,"$34,380.00 ",1,0,2/5/13,49,46-55,68,0,$72.00 ,$7.00 ,$58.00 ,$13.00 ,$1.00 ,$24.00 ,4,0,0,0,0,0,0,0,4,1,3,8,,
4865,1974,Master,Divorced,"$53,367.00 ",1,1,8/31/13,52,46-55,2,0,$229.00 ,$7.00 ,$140.00 ,$10.00 ,$3.00 ,$11.00 ,7,0,0,0,0,0,1,1,5,1,8,7,,
4867,1968,PhD,Single,"$38,236.00 ",1,1,9/20/13,58,56+,2,0,$58.00 , $-   ,$18.00 ,$2.00 , $-   ,$10.00 ,4,0,0,0,0,0,0,0,3,0,4,7,,
4877,1973,Master,Married,"$38,576.00 ",0,1,4/3/14,53,46-55,2,0,$34.00 , $-   ,$7.00 , $-   , $-   , $-   ,1,0,0,0,0,0,0,0,1,0,3,7,,
4887,1976,PhD,Divorced,"$55,412.00 ",1,1,11/22/13,50,46-55,65,0,$10.00 ,$5.00 ,$28.00 ,$11.00 ,$1.00 ,$8.00 ,1,0,0,0,0,0,0,0,2,0,3,5,,
4910,1967,Graduation,Divorced,"$68,743.00 ",0,0,8/30/12,59,56+,81,0,"$1,132.00 ",$134.00 ,$384.00 ,$175.00 ,$134.00 ,$115.00 ,1,0,0,0,0,0,0,0,11,5,13,7,,
4915,1956,2n Cycle,Married,"$53,230.00 ",0,1,3/8/12,70,56+,86,0,$176.00 ,$72.00 ,$98.00 ,$136.00 ,$21.00 ,$229.00 ,4,0,0,0,0,0,0,0,5,2,12,5,,
4927,1971,Graduation,Together,"$16,626.00 ",2,0,1/15/14,55,46-55,76,0,$8.00 ,$3.00 ,$22.00 ,$21.00 ,$1.00 ,$13.00 ,3,0,0,0,0,0,0,0,3,0,3,9,,
4931,1977,Graduation,Together,"$157,146.00 ",0,0,4/29/13,49,46-55,13,0,$1.00 , $-   ,"$1,725.00 ",$2.00 ,$1.00 ,$1.00 ,0,0,0,0,0,0,0,0,0,28,0,1,,
4937,1973,2n Cycle,Married,"$46,094.00 ",1,1,10/6/14,53,46-55,62,0,$12.00 ,$2.00 ,$20.00 ,$3.00 ,$2.00 ,$5.00 ,1,0,0,0,0,0,0,0,1,0,3,7,,
4939,1946,Graduation,Together,"$37,760.00 ",0,0,8/31/12,80,56+,20,0,$84.00 ,$5.00 ,$38.00 ,$150.00 ,$12.00 ,$28.00 ,2,0,0,0,0,0,0,0,4,1,6,7,,
4943,1953,Graduation,Married,"$70,503.00 ",0,0,9/30/12,73,56+,73,0,"$1,379.00 ",$33.00 ,$216.00 , $-   ,$33.00 ,$66.00 ,1,0,0,0,1,1,0,2,2,4,9,6,,
4944,1959,Graduation,Together,"$71,367.00 ",0,0,8/23/13,67,56+,24,0,$227.00 ,$23.00 ,$389.00 ,$42.00 ,$21.00 ,$75.00 ,1,0,0,0,0,0,0,0,4,5,7,2,,
4945,1953,Graduation,Widow,"$53,653.00 ",0,0,7/11/12,73,56+,29,0,$815.00 ,$10.00 ,$239.00 ,$28.00 ,$10.00 ,$108.00 ,2,0,0,0,0,0,0,0,10,4,12,6,,
4947,1966,2n Cycle,Single,"$89,572.00 ",0,0,9/15/12,60,56+,44,0,$606.00 ,$24.00 ,$974.00 ,$197.00 ,$194.00 ,$64.00 ,1,1,0,0,1,0,1,3,7,7,9,4,,
4954,1956,Graduation,Married,"$48,195.00 ",1,1,1/21/14,70,56+,53,0,$106.00 ,$27.00 ,$68.00 ,$52.00 ,$7.00 ,$5.00 ,6,0,0,0,0,0,0,0,4,2,5,6,,
4961,1974,Master,Together,"$21,255.00 ",1,0,1/21/14,52,46-55,56,0,$29.00 , $-   ,$25.00 ,$2.00 ,$2.00 ,$3.00 ,4,0,0,0,0,0,0,0,2,1,4,4,,
4964,1958,PhD,Together,"$74,250.00 ",0,0,1/26/14,68,56+,90,0,$680.00 ,$11.00 ,$392.00 ,$75.00 , $-   , $-   ,1,0,0,0,0,0,0,0,2,11,4,1,,
4967,1960,PhD,Together,"$38,201.00 ",0,1,3/29/13,66,56+,19,0,$233.00 , $-   ,$23.00 , $-   , $-   ,$12.00 ,4,0,0,0,0,0,0,0,5,1,5,8,,
4971,1962,PhD,Together,"$31,497.00 ",0,1,6/12/12,64,56+,22,0,$108.00 ,$1.00 ,$28.00 ,$13.00 ,$1.00 ,$4.00 ,2,0,0,0,0,0,0,0,3,1,4,8,,
4973,1970,Graduation,Single,"$20,587.00 ",1,0,11/5/14,56,56+,39,0,$2.00 ,$3.00 ,$6.00 ,$4.00 ,$1.00 ,$9.00 ,1,0,0,0,0,0,0,0,1,1,2,7,,
4974,1970,Graduation,Single,"$83,273.00 ",1,2,9/25/12,56,56+,98,0,$433.00 ,$89.00 ,$650.00 ,$16.00 ,$102.00 ,$102.00 ,10,0,0,0,0,0,0,0,4,6,9,7,,
4988,1948,PhD,Married,"$34,469.00 ",1,1,4/5/14,78,56+,58,0,$19.00 ,$6.00 ,$20.00 , $-   ,$5.00 ,$12.00 ,3,0,0,0,0,0,0,0,1,1,4,4,,
4990,1954,Graduation,Married,"$59,111.00 ",0,0,2/5/13,72,56+,90,0,$524.00 , $-   ,$134.00 ,$28.00 ,$28.00 ,$155.00 ,1,0,0,0,0,0,0,0,11,1,8,7,,
4992,1975,Master,Together,"$17,459.00 ",1,0,9/19/13,51,46-55,12,0,$6.00 ,$4.00 ,$16.00 ,$3.00 ,$10.00 ,$30.00 ,3,0,0,0,0,0,1,1,3,1,2,7,,
4994,1943,Master,Single,"$77,598.00 ",0,0,1/10/13,83,56+,53,0,"$1,193.00 ",$33.00 ,$281.00 ,$129.00 ,$66.00 ,$33.00 ,1,0,0,0,0,1,0,1,7,5,13,3,,
4998,1962,Graduation,Together,"$76,081.00 ",0,0,5/23/14,64,56+,85,0,$292.00 ,$30.00 ,$415.00 ,$63.00 ,$33.00 ,$200.00 ,1,1,0,0,0,0,0,1,4,5,4,2,,
5010,1988,Graduation,Single,"$25,008.00 ",1,0,2/2/14,38,36-45,72,0,$2.00 ,$8.00 ,$8.00 ,$6.00 ,$1.00 ,$9.00 ,2,0,0,0,0,0,0,0,1,0,3,8,,
5011,1963,Graduation,Divorced,"$68,118.00 ",0,1,10/18/13,63,56+,51,0,$595.00 ,$23.00 ,$123.00 ,$10.00 ,$23.00 ,$154.00 ,2,0,0,0,0,0,0,0,8,9,4,6,,
5012,1989,Graduation,Married,"$28,691.00 ",1,0,4/7/13,37,36-45,56,0,$5.00 ,$4.00 ,$13.00 ,$8.00 , $-   ,$4.00 ,1,0,0,0,0,0,0,0,1,0,3,8,,
5015,1976,Master,Married,"$34,529.00 ",1,0,9/14/12,50,46-55,94,0,$68.00 ,$6.00 ,$38.00 ,$3.00 ,$6.00 ,$41.00 ,2,0,0,0,0,0,0,0,2,2,3,7,,
5025,1979,Graduation,Single,"$48,526.00 ",1,0,12/24/13,47,46-55,32,0,$23.00 ,$17.00 ,$23.00 ,$43.00 ,$20.00 ,$9.00 ,1,0,0,0,0,0,0,0,2,1,4,3,,
5029,1946,Graduation,Married,"$18,100.00 ",0,0,6/8/13,80,56+,14,0,$3.00 ,$1.00 ,$2.00 ,$4.00 ,$3.00 ,$1.00 ,1,0,0,0,0,0,0,0,0,0,3,5,,
5031,1974,Graduation,Together,"$83,145.00 ",0,0,9/22/12,52,46-55,14,0,$777.00 ,$35.00 ,$731.00 ,$39.00 ,$137.00 ,$114.00 ,1,0,0,0,0,1,1,2,5,9,11,2,,
5036,1984,PhD,Single,"$42,710.00 ",1,0,11/28/12,42,36-45,38,0,$252.00 ,$3.00 ,$42.00 ,$4.00 ,$3.00 ,$102.00 ,2,0,0,0,0,0,0,0,4,5,3,6,,
5043,1951,Basic,Married,"$26,997.00 ",0,0,5/11/12,75,56+,89,0,$7.00 ,$23.00 ,$78.00 ,$133.00 ,$49.00 ,$144.00 ,2,0,0,0,0,0,0,0,4,2,5,7,,
5046,1958,Graduation,Divorced,"$78,331.00 ",0,1,1/23/14,68,56+,97,0,$756.00 ,$138.00 ,$354.00 ,$160.00 ,$169.00 ,$61.00 ,2,0,0,0,0,0,0,0,10,6,7,4,,
5048,1971,PhD,Single,"$42,767.00 ",2,0,11/5/13,55,46-55,53,0,$20.00 ,$6.00 ,$43.00 ,$19.00 ,$5.00 ,$38.00 ,1,0,0,0,0,0,0,0,3,1,2,8,,
5049,1974,PhD,Together,"$30,351.00 ",1,0,6/6/13,52,46-55,19,0,$14.00 , $-   ,$24.00 ,$3.00 ,$3.00 ,$2.00 ,1,0,0,0,0,0,0,0,3,0,2,9,,
5057,1961,Master,Married,"$61,794.00 ",0,1,9/14/13,65,56+,74,0,$264.00 ,$47.00 ,$188.00 ,$54.00 ,$47.00 ,$11.00 ,2,0,0,0,0,0,0,0,4,4,10,2,,
5062,1963,PhD,Married,"$54,072.00 ",1,1,7/27/13,63,56+,71,0,$35.00 , $-   ,$4.00 , $-   , $-   , $-   ,1,0,0,0,0,0,0,0,2,0,2,8,,
5063,1977,Graduation,Single,"$28,769.00 ",1,0,12/18/12,49,46-55,76,0,$41.00 ,$5.00 ,$129.00 ,$10.00 ,$3.00 ,$3.00 ,3,0,0,0,0,0,0,0,4,1,4,9,,
5067,1994,Graduation,Together,"$80,134.00 ",0,0,2/14/14,32,26-35,11,0,$966.00 ,$26.00 ,$282.00 ,$52.00 ,$26.00 ,$26.00 ,1,1,1,0,1,1,0,4,2,7,11,5,,
5068,1971,Graduation,Single,"$22,804.00 ",1,0,7/31/13,55,46-55,75,0,$14.00 ,$1.00 ,$7.00 ,$2.00 ,$1.00 ,$1.00 ,1,0,0,0,0,0,0,0,2,0,2,9,,
5074,1986,Master,Married,"$28,072.00 ",1,0,8/7/13,40,36-45,10,0,$30.00 , $-   ,$10.00 ,$2.00 , $-   ,$5.00 ,1,0,0,0,0,0,0,0,1,0,3,7,,
5077,1979,Graduation,Together,"$77,298.00 ",0,1,2/11/13,47,46-55,46,0,$425.00 ,$115.00 ,$292.00 ,$23.00 ,$35.00 ,$79.00 ,1,0,0,0,0,0,0,0,6,6,11,3,,
5079,1971,Graduation,Married,,1,1,3/3/13,55,46-55,82,0,$71.00 ,$1.00 ,$16.00 , $-   , $-   ,$9.00 ,4,0,0,0,0,0,0,0,2,1,3,8,,
5080,1993,Graduation,Single,"$70,515.00 ",0,0,10/21/13,33,26-35,12,0,$420.00 , $-   ,$452.00 ,$182.00 ,$64.00 ,$140.00 ,1,0,0,0,0,0,1,1,6,6,4,2,,
5081,1967,2n Cycle,Together,"$47,821.00 ",1,1,10/20/13,59,56+,54,0,$9.00 , $-   ,$16.00 ,$6.00 ,$6.00 ,$10.00 ,1,0,0,0,0,0,0,0,1,0,3,8,,
5084,1975,Graduation,Widow,"$58,330.00 ",0,1,12/25/13,51,46-55,87,0,$445.00 ,$53.00 ,$213.00 ,$104.00 ,$98.00 ,$151.00 ,1,0,0,0,0,0,0,0,6,4,13,4,,
5092,1949,PhD,Widow,"$51,569.00 ",0,1,12/2/13,77,56+,39,0,$380.00 , $-   ,$47.00 ,$6.00 , $-   ,$34.00 ,4,0,0,0,1,0,1,2,7,1,7,8,,
5093,1974,PhD,Divorced,"$25,509.00 ",1,0,9/18/12,52,46-55,15,0,$40.00 ,$3.00 ,$30.00 ,$10.00 ,$7.00 ,$11.00 ,3,0,0,0,0,0,1,1,3,0,3,9,,
5107,1973,PhD,Divorced,"$35,860.00 ",1,1,5/19/14,53,46-55,37,0,$15.00 , $-   ,$8.00 ,$4.00 ,$2.00 ,$20.00 ,2,0,0,1,0,0,0,1,1,1,2,5,,
5113,1971,PhD,Divorced,"$86,979.00 ",0,0,7/11/13,55,46-55,67,0,$584.00 ,$100.00 ,$835.00 ,$65.00 ,$83.00 ,$35.00 ,1,0,0,1,0,0,1,2,5,5,5,2,,
5114,1965,Master,Married,"$74,806.00 ",0,1,12/19/12,61,56+,1,0,$670.00 ,$9.00 ,$249.00 , $-   ,$28.00 ,$9.00 ,2,0,0,0,0,0,0,0,5,4,5,4,,
5117,1963,2n Cycle,Married,"$32,632.00 ",0,0,2/8/12,63,56+,32,0,$63.00 ,$151.00 ,$137.00 ,$153.00 ,$19.00 ,$53.00 ,2,0,0,0,0,0,0,0,4,4,8,5,,
5120,1982,2n Cycle,Together,"$66,664.00 ",0,0,9/25/12,44,36-45,78,0,$398.00 ,$96.00 ,$447.00 ,$220.00 ,$96.00 ,$32.00 ,1,0,0,0,0,0,0,0,5,7,6,3,,
5121,1977,Graduation,Single,"$56,628.00 ",0,1,3/21/14,49,46-55,30,0,$479.00 ,$5.00 ,$82.00 ,$7.00 ,$17.00 ,$171.00 ,2,0,0,1,0,0,0,1,7,6,5,5,,
5123,1951,Master,Married,"$27,450.00 ",0,0,4/15/13,75,56+,57,0,$37.00 ,$12.00 ,$23.00 ,$8.00 ,$11.00 ,$52.00 ,1,0,0,0,0,0,0,0,2,1,3,7,,
5125,1960,Graduation,Married,"$79,530.00 ",0,0,5/17/13,66,56+,64,0,$333.00 , $-   ,$815.00 ,$129.00 ,$42.00 ,$29.00 ,1,0,0,0,0,0,0,0,4,10,11,2,,
5136,1973,Graduation,Single,"$65,333.00 ",0,1,1/17/14,53,46-55,58,0,$654.00 ,$7.00 ,$92.00 , $-   ,$15.00 ,$30.00 ,7,0,0,0,1,1,0,2,9,4,8,6,,
5138,1950,Graduation,Together,"$28,320.00 ",0,1,1/14/13,76,56+,68,0,$19.00 ,$1.00 ,$14.00 ,$3.00 ,$2.00 ,$4.00 ,1,0,0,0,0,0,0,0,1,0,3,8,,
5140,1985,PhD,Married,"$64,355.00 ",1,0,8/24/12,41,36-45,66,0,"$1,047.00 ", $-   ,$140.00 ,$67.00 ,$38.00 ,$153.00 ,2,0,0,0,0,0,0,0,4,3,12,8,,
5147,1948,Graduation,Single,"$90,842.00 ",0,0,7/29/13,78,56+,57,0,$774.00 ,$70.00 ,$118.00 ,$182.00 ,$187.00 ,$93.00 ,1,0,0,0,0,0,0,0,4,9,13,1,,
5150,1979,Basic,Single,"$20,194.00 ",1,0,12/17/12,47,46-55,64,0, $-   ,$4.00 ,$7.00 ,$11.00 ,$10.00 ,$15.00 ,2,0,0,0,0,0,0,0,2,0,3,6,,
5153,1967,PhD,Married,"$77,766.00 ",0,1,2/22/13,59,56+,97,0,"$1,004.00 ",$59.00 ,$265.00 ,$115.00 ,$59.00 ,$27.00 ,2,0,0,1,0,0,1,2,11,10,11,6,,
5154,1972,Master,Divorced,"$37,760.00 ",1,0,11/8/13,54,46-55,54,0,$26.00 ,$3.00 ,$13.00 ,$2.00 ,$10.00 , $-   ,1,0,0,0,0,0,0,0,2,0,3,6,,
5156,1970,2n Cycle,Married,"$62,466.00 ",0,1,1/15/14,56,56+,13,0,$129.00 ,$129.00 ,$259.00 ,$168.00 ,$121.00 ,$83.00 ,5,0,0,0,0,0,0,0,6,3,12,4,,
5172,1976,Master,Together,"$65,104.00 ",0,1,11/14/13,50,46-55,4,0,$738.00 , $-   ,$232.00 ,$13.00 ,$20.00 ,$50.00 ,2,0,0,0,0,0,0,0,3,5,7,7,,
5176,1988,Graduation,Together,"$29,604.00 ",1,0,8/12/13,38,36-45,88,0,$7.00 ,$6.00 ,$13.00 ,$7.00 ,$6.00 ,$14.00 ,1,0,0,1,0,0,0,1,1,0,3,9,,
5177,1974,Master,Married,"$58,494.00 ",0,1,12/12/13,52,46-55,56,0,$298.00 ,$7.00 ,$68.00 ,$4.00 , $-   ,$19.00 ,2,0,0,0,0,0,0,0,6,2,6,6,,
5180,1968,PhD,Divorced,"$50,616.00 ",0,1,4/18/14,58,56+,56,0,$128.00 , $-   ,$16.00 , $-   ,$1.00 ,$4.00 ,2,0,0,0,0,0,0,0,4,0,4,7,,
5181,1982,Basic,Single,"$24,367.00 ",1,0,3/20/13,44,36-45,58,0,$2.00 ,$4.00 ,$2.00 , $-   ,$11.00 ,$5.00 ,1,0,0,0,0,0,0,0,1,0,2,9,,
5184,1995,Graduation,Single,"$34,824.00 ",0,0,3/26/14,31,26-35,65,0,$4.00 ,$2.00 ,$11.00 ,$2.00 , $-   ,$4.00 ,1,0,0,0,0,0,0,0,1,0,2,6,,
5185,1955,Graduation,Married,"$74,268.00 ",0,0,2/14/13,71,56+,83,0,$199.00 ,$66.00 ,$315.00 ,$97.00 ,$174.00 ,$41.00 ,1,0,0,0,0,0,0,0,4,3,5,2,,
5186,1955,PhD,Married,"$58,482.00 ",0,1,12/3/14,71,56+,59,0,$576.00 ,$7.00 ,$115.00 ,$19.00 ,$7.00 ,$7.00 ,2,0,0,0,1,0,0,1,7,4,9,6,,
5204,1971,Graduation,Together,"$74,538.00 ",0,0,6/29/13,55,46-55,21,0,$380.00 ,$98.00 ,$733.00 ,$110.00 ,$112.00 ,$28.00 ,1,0,0,0,0,1,1,2,8,8,5,3,,
5207,1963,PhD,Married,"$53,378.00 ",1,1,9/24/12,63,56+,41,0,$489.00 ,$6.00 ,$152.00 ,$8.00 ,$6.00 ,$132.00 ,10,0,0,0,0,0,1,1,9,4,6,8,,
5209,1954,Graduation,Divorced,"$50,002.00 ",0,1,6/17/13,72,56+,21,0,$443.00 ,$5.00 ,$71.00 ,$21.00 ,$16.00 ,$82.00 ,2,0,0,0,0,0,0,0,8,2,7,7,,
5221,1957,Graduation,Married,"$52,852.00 ",0,1,1/12/12,69,56+,93,0,$714.00 ,$8.00 ,$99.00 ,$11.00 , $-   ,$47.00 ,4,0,0,1,0,0,0,1,10,7,5,8,,
5223,1966,Master,Together,"$45,903.00 ",0,1,4/23/14,60,56+,80,0,$33.00 ,$8.00 ,$10.00 ,$2.00 ,$10.00 ,$3.00 ,2,0,0,0,0,0,0,0,2,1,3,4,,
5229,1969,PhD,Together,"$54,132.00 ",0,1,2/16/14,57,56+,81,0,$30.00 ,$1.00 ,$8.00 , $-   , $-   ,$3.00 ,1,0,0,0,0,0,0,0,1,0,3,7,,
5231,1974,2n Cycle,Married,"$45,894.00 ",0,2,2/27/14,52,46-55,15,0,$27.00 ,$2.00 ,$7.00 , $-   ,$2.00 ,$13.00 ,1,0,0,0,0,0,0,0,1,0,3,5,,
5232,1965,Graduation,Married,"$69,139.00 ",0,1,1/27/14,61,56+,23,0,$86.00 ,$12.00 ,$75.00 ,$33.00 ,$15.00 ,$6.00 ,1,0,0,0,0,0,0,0,4,1,5,4,,
5234,1967,2n Cycle,Together,"$30,753.00 ",1,1,11/7/13,59,56+,85,0,$12.00 ,$5.00 ,$25.00 , $-   ,$9.00 ,$30.00 ,2,0,0,0,0,0,0,0,1,1,3,5,,
5236,1979,Graduation,Together,"$77,568.00 ",0,1,8/25/12,47,46-55,30,0,"$1,230.00 ", $-   ,$396.00 ,$232.00 ,$178.00 ,$158.00 ,1,1,0,0,1,1,0,3,10,2,8,5,,
5237,1950,PhD,Single,"$48,767.00 ",1,2,1/1/14,76,56+,79,0,$28.00 ,$1.00 ,$21.00 ,$3.00 , $-   ,$10.00 ,3,0,0,0,0,0,0,0,2,1,3,5,,
5247,1955,PhD,Married,"$38,725.00 ",1,1,10/5/14,71,56+,52,0,$31.00 , $-   ,$6.00 ,$2.00 ,$1.00 ,$5.00 ,2,0,0,0,0,0,0,0,1,0,4,4,,
5250,1943,Master,Widow,,0,0,10/30/13,83,56+,75,0,$532.00 ,$126.00 ,$490.00 ,$164.00 ,$126.00 ,$126.00 ,1,0,0,0,0,1,1,2,5,5,11,1,,
5252,1969,Graduation,Divorced,"$23,910.00 ",1,0,10/26/12,57,56+,80,0,$16.00 ,$12.00 ,$18.00 ,$7.00 ,$1.00 ,$13.00 ,1,0,0,0,0,0,0,0,2,0,3,7,,
5253,1956,Master,Together,"$54,603.00 ",1,1,9/7/13,70,56+,85,0,$145.00 ,$13.00 ,$46.00 ,$17.00 ,$2.00 ,$4.00 ,6,0,0,0,0,0,0,0,4,2,4,7,,
5255,1986,Graduation,Single,,1,0,2/20/13,40,36-45,19,0,$5.00 ,$1.00 ,$3.00 ,$3.00 ,$263.00 ,$362.00 ,0,0,0,0,0,0,0,0,27,0,0,1,,
5263,1977,2n Cycle,Married,"$31,056.00 ",1,0,1/22/13,49,46-55,99,0,$5.00 ,$10.00 ,$13.00 ,$3.00 ,$8.00 ,$16.00 ,1,0,0,0,0,0,0,0,1,0,3,8,,
5267,1970,Graduation,Divorced,"$33,986.00 ",1,0,3/14/13,56,56+,43,0,$16.00 ,$2.00 ,$18.00 ,$2.00 ,$1.00 ,$5.00 ,1,0,0,0,0,0,0,0,1,0,3,7,,
5268,1960,Graduation,Married,"$29,440.00 ",1,1,11/8/13,66,56+,95,0,$17.00 ,$8.00 ,$14.00 ,$10.00 ,$4.00 ,$3.00 ,2,0,0,0,0,0,0,0,1,0,4,7,,
5272,1965,Master,Married,"$53,843.00 ",0,1,6/27/13,61,56+,64,0,$378.00 , $-   ,$88.00 ,$19.00 ,$4.00 ,$73.00 ,4,0,0,0,0,0,0,0,8,5,3,7,,
5278,1964,Graduation,Married,"$82,224.00 ",0,0,1/25/14,62,56+,83,0,$307.00 ,$26.00 ,$360.00 ,$138.00 ,$31.00 ,$40.00 ,1,1,0,0,0,0,0,1,6,9,5,3,,
5283,1976,PhD,Single,"$42,473.00 ",1,1,2/17/14,50,46-55,72,0,$93.00 ,$1.00 ,$21.00 , $-   ,$4.00 ,$25.00 ,3,0,0,0,0,0,0,0,2,1,4,5,,
5286,1987,Master,Single,"$41,020.00 ",0,0,10/28/13,39,36-45,68,0,$112.00 ,$1.00 ,$54.00 ,$7.00 ,$7.00 ,$36.00 ,1,0,0,0,0,0,0,0,3,2,4,3,,
5287,1973,Graduation,Married,"$34,961.00 ",1,0,6/19/14,53,46-55,77,0,$45.00 ,$2.00 ,$26.00 ,$4.00 ,$1.00 ,$1.00 ,3,0,0,0,0,0,0,0,3,1,3,7,,
5289,1975,2n Cycle,Single,"$41,658.00 ",1,1,9/11/12,51,46-55,30,0,$8.00 ,$4.00 ,$12.00 ,$15.00 ,$4.00 ,$29.00 ,2,0,0,0,0,0,0,0,1,1,2,4,,
5290,1964,PhD,Married,"$41,551.00 ",1,1,8/14/13,62,56+,51,0,$220.00 , $-   ,$33.00 ,$3.00 , $-   ,$23.00 ,5,0,0,0,0,0,0,0,5,1,5,8,,
5294,1989,Graduation,Single,"$18,358.00 ",1,0,11/20/13,37,36-45,49,0,$6.00 ,$8.00 ,$19.00 ,$16.00 ,$4.00 ,$4.00 ,3,0,0,0,0,0,0,0,3,0,4,7,,
5299,1970,PhD,Married,"$69,084.00 ",1,0,11/19/13,56,56+,43,0,"$1,181.00 ",$107.00 ,$199.00 ,$39.00 ,$30.00 ,$30.00 ,2,0,0,0,0,0,0,0,7,3,13,8,,
5300,1973,Master,Married,"$38,961.00 ",1,0,12/30/13,53,46-55,60,0,$19.00 ,$7.00 ,$19.00 , $-   ,$1.00 ,$24.00 ,1,0,0,0,0,0,0,0,2,1,2,7,,
5302,1986,Graduation,Together,"$78,394.00 ",0,0,2/15/13,40,36-45,13,0,$298.00 ,$27.00 ,$697.00 ,$216.00 ,$24.00 ,$166.00 ,1,0,0,0,0,0,1,1,4,6,5,2,,
5303,1974,PhD,Together,"$79,632.00 ",0,0,8/4/14,52,46-55,42,0,$471.00 , $-   ,$510.00 ,$99.00 ,$21.00 ,$12.00 ,1,0,0,0,0,0,0,0,6,4,9,2,,
5304,1974,PhD,Single,"$30,899.00 ",1,0,10/13/12,52,46-55,35,0,$24.00 , $-   ,$8.00 , $-   , $-   ,$1.00 ,2,0,0,0,0,0,0,0,1,0,3,6,,
5313,1971,Master,Married,"$38,196.00 ",1,1,4/18/14,55,46-55,20,0,$30.00 , $-   ,$11.00 , $-   , $-   ,$3.00 ,3,0,0,0,0,0,0,0,2,0,4,5,,
5314,1951,Graduation,Together,"$40,689.00 ",0,1,3/18/13,75,56+,69,0,$270.00 ,$3.00 ,$27.00 ,$39.00 ,$6.00 ,$99.00 ,7,0,0,0,0,0,0,0,7,1,5,8,,
5316,1976,Master,Together,"$21,024.00 ",0,0,4/7/13,50,46-55,89,0,$36.00 ,$4.00 ,$18.00 ,$6.00 ,$2.00 ,$18.00 ,1,0,0,0,0,0,0,0,2,0,4,7,,
5320,1973,Master,Divorced,"$44,051.00 ",1,1,1/29/13,53,46-55,20,0,$79.00 ,$7.00 ,$58.00 ,$6.00 ,$3.00 ,$18.00 ,4,0,0,0,0,0,1,1,3,1,4,6,,
5324,1981,PhD,Married,"$58,293.00 ",1,0,1/19/14,45,36-45,94,0,$173.00 ,$43.00 ,$118.00 ,$46.00 ,$27.00 ,$15.00 ,5,0,0,0,0,0,0,0,5,3,6,5,,
5329,1949,PhD,Divorced,"$35,946.00 ",1,1,9/27/13,77,56+,24,0,$8.00 , $-   ,$3.00 , $-   , $-   , $-   ,1,0,0,0,0,0,0,0,0,0,3,5,,
5331,1977,Graduation,Married,"$74,985.00 ",0,0,11/9/12,49,46-55,8,0,$587.00 ,$51.00 ,$898.00 ,$247.00 , $-   ,$86.00 ,1,0,0,0,0,0,0,0,3,6,7,2,,
5332,1960,2n Cycle,Married,"$82,504.00 ",0,0,7/27/13,66,56+,2,0,$362.00 ,$50.00 ,$431.00 ,$134.00 ,$35.00 ,$54.00 ,1,0,0,0,0,0,0,0,3,6,7,1,,
5336,1971,Master,Together,"$157,733.00 ",1,0,4/6/13,55,46-55,37,0,$39.00 ,$1.00 ,$9.00 ,$2.00 , $-   ,$8.00 ,0,0,0,0,0,0,0,0,1,0,1,1,,
5341,1962,2n Cycle,Divorced,"$81,975.00 ",0,1,5/1/13,64,56+,2,0,$983.00 ,$76.00 ,$184.00 ,$180.00 ,$138.00 ,$27.00 ,1,0,0,0,0,1,0,1,6,3,4,7,,
5342,1976,Basic,Divorced,"$9,548.00 ",1,0,8/8/12,50,46-55,31,0, $-   ,$1.00 ,$3.00 ,$10.00 ,$6.00 ,$9.00 ,2,0,0,0,0,0,0,0,1,0,3,8,,
5346,1973,2n Cycle,Married,"$23,559.00 ",1,0,3/7/13,53,46-55,87,0,$25.00 ,$5.00 ,$19.00 ,$7.00 , $-   ,$23.00 ,3,0,0,0,0,0,0,0,3,0,3,7,,
5350,1991,Master,Single,"$90,638.00 ",0,0,2/13/14,35,26-35,29,0,"$1,156.00 ",$120.00 ,$915.00 ,$94.00 ,$144.00 ,$96.00 ,1,0,0,0,0,1,1,2,3,4,10,1,,
5370,1973,PhD,Married,"$32,644.00 ",1,0,1/16/13,53,46-55,38,0,$239.00 ,$3.00 ,$141.00 , $-   ,$7.00 ,$23.00 ,4,0,0,1,0,0,0,1,7,1,6,8,,
5371,1989,Graduation,Single,"$21,474.00 ",1,0,8/4/14,37,36-45,0,0,$6.00 ,$16.00 ,$24.00 ,$11.00 , $-   ,$34.00 ,2,0,0,1,0,0,1,2,3,1,2,7,,
5376,1979,Graduation,Married,"$2,447.00 ",1,0,6/1/13,47,46-55,42,0,$1.00 ,$1.00 ,"$1,725.00 ",$1.00 ,$1.00 ,$1.00 ,15,0,0,0,0,0,0,0,0,28,0,1,,
5386,1953,Graduation,Together,"$94,384.00 ",0,0,4/3/13,73,56+,62,0,"$1,111.00 ",$24.00 ,$790.00 ,$160.00 ,$45.00 ,$172.00 ,0,1,0,0,1,1,1,4,5,8,5,2,,
5389,1964,Graduation,Married,"$48,920.00 ",0,2,10/20/13,62,56+,93,0,$238.00 ,$17.00 ,$68.00 ,$8.00 ,$10.00 ,$6.00 ,3,0,0,0,1,0,0,1,6,2,5,7,,
5393,1977,Graduation,Single,"$23,763.00 ",1,0,7/8/12,49,46-55,64,0,$22.00 , $-   ,$6.00 ,$6.00 ,$2.00 ,$6.00 ,1,0,0,0,0,0,0,0,1,0,3,7,,
5394,1979,Basic,Single,"$16,014.00 ",1,1,3/17/13,47,46-55,42,0,$3.00 ,$9.00 ,$4.00 ,$7.00 ,$8.00 ,$7.00 ,4,0,0,0,0,0,0,0,1,1,4,3,,
5396,1988,Graduation,Married,"$68,487.00 ",0,0,1/13/13,38,36-45,48,0,$758.00 ,$12.00 ,$385.00 ,$33.00 ,$89.00 ,$89.00 ,1,0,0,0,0,0,0,0,9,7,13,4,,
5407,1954,Graduation,Together,"$53,103.00 ",0,1,12/9/13,72,56+,70,0,$729.00 ,$17.00 ,$133.00 ,$11.00 , $-   ,$195.00 ,5,0,0,1,0,0,0,1,10,6,7,7,,
5423,1983,Graduation,Together,"$28,359.00 ",1,0,10/27/13,43,36-45,35,0,$6.00 , $-   ,$5.00 ,$2.00 ,$1.00 ,$2.00 ,1,0,0,0,0,0,0,0,1,0,2,7,,
5424,1983,Graduation,Married,"$39,922.00 ",1,0,2/14/13,43,36-45,30,0,$29.00 ,$12.00 ,$59.00 ,$19.00 ,$1.00 ,$36.00 ,2,0,0,0,0,0,0,0,3,0,4,8,,
5429,1948,PhD,Married,"$45,579.00 ",0,1,8/20/13,78,56+,10,0,$145.00 ,$1.00 ,$33.00 ,$2.00 ,$1.00 ,$1.00 ,1,0,0,0,0,0,0,0,4,1,4,6,,
5430,1956,Graduation,Together,"$54,450.00 ",1,1,9/14/12,70,56+,0,0,$454.00 , $-   ,$171.00 ,$8.00 ,$19.00 ,$32.00 ,12,0,0,0,0,0,0,0,9,2,8,8,,
5441,1965,PhD,Widow,"$54,111.00 ",0,1,8/25/13,61,56+,97,0,$267.00 ,$6.00 ,$54.00 ,$8.00 ,$3.00 ,$50.00 ,2,0,0,0,0,0,0,0,5,2,6,5,,
5453,1956,Master,Married,"$90,226.00 ",0,0,9/26/12,70,56+,26,0,"$1,083.00 ",$108.00 ,$649.00 ,$253.00 ,$151.00 ,$108.00 ,1,1,0,0,0,0,0,1,4,7,12,2,,
5454,1979,Master,Married,"$45,057.00 ",1,0,1/12/13,47,46-55,80,0,$37.00 , $-   ,$7.00 ,$3.00 , $-   ,$3.00 ,1,0,0,0,0,0,0,0,2,0,3,5,,
5455,1971,PhD,Married,"$32,011.00 ",1,0,8/22/13,55,46-55,89,0,$99.00 , $-   ,$15.00 ,$2.00 ,$1.00 ,$5.00 ,3,0,0,0,0,0,0,0,2,1,4,7,,
5462,1974,Graduation,Married,"$67,445.00 ",0,1,12/8/12,52,46-55,63,0,$757.00 ,$80.00 ,$217.00 ,$29.00 ,$80.00 ,$11.00 ,5,0,0,0,0,0,0,0,9,6,12,6,,
5474,1970,Graduation,Single,"$43,020.00 ",1,0,11/30/13,56,56+,79,0,$45.00 ,$7.00 ,$99.00 ,$4.00 ,$25.00 ,$43.00 ,3,0,0,0,0,0,0,0,4,1,4,6,,
5491,1951,Master,Together,"$47,352.00 ",0,1,11/4/13,75,56+,70,0,$172.00 ,$12.00 ,$112.00 ,$8.00 , $-   ,$15.00 ,4,0,0,0,0,0,0,0,6,1,5,7,,
5493,1976,Graduation,Married,"$39,356.00 ",1,1,3/19/14,50,46-55,21,0,$15.00 , $-   ,$2.00 , $-   , $-   ,$6.00 ,1,0,0,1,0,0,0,1,1,0,2,6,,
5510,1977,Master,Married,"$43,263.00 ",0,1,11/21/12,49,46-55,2,0,$262.00 ,$6.00 ,$61.00 , $-   ,$10.00 ,$102.00 ,3,0,0,0,0,0,0,0,5,2,6,5,,
5512,1977,Master,Married,"$55,842.00 ",0,1,5/23/14,49,46-55,19,0,$451.00 , $-   ,$39.00 , $-   ,$4.00 ,$24.00 ,1,0,0,0,0,0,0,0,7,1,8,5,,
5513,1966,Graduation,Together,"$37,758.00 ",1,1,4/10/12,60,56+,49,0,$27.00 ,$2.00 ,$10.00 , $-   , $-   ,$1.00 ,2,0,0,0,0,0,0,0,1,0,3,8,,
5517,1969,Graduation,Married,"$25,293.00 ",1,0,9/15/13,57,56+,51,0,$15.00 , $-   ,$11.00 , $-   ,$2.00 ,$9.00 ,1,0,0,0,0,0,0,0,1,1,2,8,,
5519,1956,Graduation,Together,"$64,090.00 ",0,1,7/8/13,70,56+,8,0,$316.00 ,$58.00 ,$161.00 ,$76.00 ,$51.00 ,$135.00 ,1,0,0,0,0,0,1,1,6,9,4,5,,
5524,1957,Graduation,Single,"$58,138.00 ",0,0,4/9/12,69,56+,58,0,$635.00 ,$88.00 ,$546.00 ,$172.00 ,$88.00 ,$88.00 ,3,0,0,0,0,0,1,1,8,10,4,7,,
5527,1987,Graduation,Together,"$22,434.00 ",1,0,2/13/13,39,36-45,25,0,$4.00 ,$12.00 ,$11.00 ,$3.00 ,$13.00 ,$15.00 ,2,0,0,0,0,0,0,0,2,0,3,8,,
5529,1946,PhD,Together,"$64,014.00 ",2,1,10/6/14,80,56+,56,0,$406.00 , $-   ,$30.00 , $-   , $-   ,$8.00 ,7,1,0,0,0,0,0,1,8,2,5,7,,
5534,1975,Master,Married,"$47,808.00 ",0,1,10/20/13,51,46-55,30,0,$123.00 ,$1.00 ,$26.00 ,$2.00 , $-   ,$72.00 ,2,0,0,1,0,0,0,1,3,2,3,7,,
5536,1959,Graduation,Together,"$87,771.00 ",0,1,5/22/13,67,56+,61,0,"$1,492.00 ",$38.00 ,$287.00 ,$50.00 ,$57.00 ,$33.00 ,1,1,1,0,1,1,1,5,5,10,4,6,,
5538,1975,Graduation,Divorced,"$83,829.00 ",0,0,8/10/13,51,46-55,78,0,$897.00 ,$161.00 ,$430.00 ,$186.00 ,$161.00 ,$27.00 ,0,1,0,1,0,1,1,4,4,7,6,1,,
5543,1966,Graduation,Together,"$57,811.00 ",0,1,6/24/13,60,56+,49,0,$545.00 ,$7.00 ,$114.00 ,$37.00 ,$21.00 ,$78.00 ,5,0,0,0,1,0,0,1,7,2,11,5,,
5544,1970,Graduation,Single,"$67,384.00 ",0,1,10/11/12,56,56+,32,0,$957.00 ,$40.00 ,$175.00 ,$158.00 ,$53.00 ,$107.00 ,2,0,0,0,1,0,0,1,7,8,5,5,,
5545,1972,PhD,Married,"$78,075.00 ",0,0,5/4/14,54,46-55,72,0,$572.00 ,$8.00 ,$259.00 ,$34.00 ,$35.00 ,$80.00 ,1,0,0,0,0,0,0,0,3,5,5,1,,
5547,1982,PhD,Married,"$84,169.00 ",0,0,7/8/13,44,36-45,9,0,"$1,478.00 ",$19.00 ,$403.00 , $-   ,$19.00 , $-   ,1,0,0,0,1,1,1,3,7,6,6,3,,
5552,1963,Master,Divorced,"$48,721.00 ",1,1,5/13/13,63,56+,50,0,$81.00 ,$18.00 ,$113.00 ,$47.00 ,$13.00 ,$21.00 ,6,0,0,0,0,0,0,0,4,2,5,6,,
5555,1975,Graduation,Divorced,"$153,924.00 ",0,0,7/2/14,51,46-55,81,0,$1.00 ,$1.00 ,$1.00 ,$1.00 ,$1.00 ,$1.00 ,0,0,0,0,0,0,0,0,0,0,0,0,,
5558,1954,PhD,Single,"$90,933.00 ",0,0,3/31/14,72,56+,90,0,"$1,020.00 ",$31.00 ,$430.00 ,$62.00 ,$63.00 ,$79.00 ,1,0,0,0,0,1,0,1,4,6,4,1,,
5562,1974,Graduation,Married,"$60,093.00 ",0,1,6/26/13,52,46-55,92,0,$502.00 ,$12.00 ,$109.00 ,$16.00 ,$6.00 ,$90.00 ,2,0,0,0,0,0,0,0,7,2,10,6,,
5564,1969,Graduation,Together,"$62,882.00 ",0,1,9/8/12,57,56+,26,0,$509.00 ,$133.00 ,$497.00 ,$78.00 ,$24.00 ,$97.00 ,2,0,0,0,0,0,0,0,7,5,6,4,,
5577,1983,Graduation,Together,"$43,776.00 ",1,0,3/5/14,43,36-45,77,0,$8.00 , $-   ,$9.00 ,$2.00 ,$1.00 ,$3.00 ,1,0,0,0,0,0,0,0,1,0,2,6,,
5585,1972,Graduation,Single,"$21,359.00 ",1,0,4/20/13,54,46-55,1,0,$12.00 ,$2.00 ,$17.00 ,$6.00 ,$1.00 ,$10.00 ,2,0,0,0,0,0,1,1,2,0,3,8,,
5589,1964,Graduation,Divorced,"$51,983.00 ",0,1,8/31/12,62,56+,95,0,$631.00 , $-   ,$115.00 ,$10.00 ,$7.00 ,$30.00 ,3,0,0,0,0,0,0,0,9,2,10,7,,
5596,1956,2n Cycle,Together,"$58,821.00 ",0,1,12/10/13,70,56+,44,0,$513.00 ,$14.00 ,$154.00 ,$19.00 , $-   ,$28.00 ,1,0,0,0,0,0,0,0,9,2,9,6,,
5602,1989,PhD,Together,"$66,973.00 ",0,0,5/17/13,37,36-45,98,0,$466.00 ,$22.00 ,$432.00 ,$147.00 ,$113.00 ,$102.00 ,1,0,0,0,0,0,0,0,8,7,12,3,,
5610,1965,Graduation,Together,"$33,456.00 ",1,1,4/21/14,61,56+,58,0,$7.00 ,$3.00 ,$10.00 ,$8.00 ,$1.00 ,$7.00 ,2,0,0,0,0,0,0,0,1,0,3,7,,
5621,1969,Graduation,Married,"$48,752.00 ",1,1,12/12/12,57,56+,8,0,$73.00 ,$57.00 ,$100.00 ,$71.00 ,$15.00 , $-   ,5,0,0,0,0,0,1,1,6,1,5,9,,
5623,1980,Master,Married,"$31,535.00 ",1,0,9/26/13,46,46-55,95,0,$15.00 ,$4.00 ,$13.00 , $-   , $-   ,$19.00 ,1,0,0,1,0,0,0,1,1,1,2,7,,
5626,1964,PhD,Single,"$61,798.00 ",0,0,11/23/13,62,56+,13,0,$338.00 ,$4.00 ,$89.00 ,$11.00 ,$8.00 ,$13.00 ,1,0,0,0,0,0,0,0,4,2,9,4,,
5628,1982,Graduation,Together,"$61,416.00 ",0,0,8/2/13,44,36-45,25,0,$848.00 ,$154.00 ,$323.00 ,$201.00 ,$61.00 ,$78.00 ,1,0,0,1,0,0,0,1,10,3,10,6,,
5631,1991,Graduation,Single,"$49,767.00 ",0,0,2/5/13,35,26-35,92,0,$202.00 ,$47.00 ,$197.00 ,$55.00 ,$42.00 ,$149.00 ,1,0,0,0,0,0,0,0,5,4,8,4,,
5633,1980,Graduation,Married,"$50,183.00 ",1,1,6/25/14,46,46-55,47,0,$97.00 ,$12.00 ,$84.00 ,$13.00 ,$10.00 ,$15.00 ,7,0,0,0,0,0,0,0,3,1,6,5,,
5636,1963,Graduation,Single,"$30,983.00 ",0,0,9/11/12,63,56+,50,0,$51.00 ,$4.00 ,$50.00 ,$12.00 ,$1.00 ,$49.00 ,1,0,0,0,0,0,1,1,4,0,3,8,,
5642,1979,Master,Together,"$62,499.00 ",1,0,9/12/13,47,46-55,0,0,$140.00 ,$4.00 ,$61.00 , $-   ,$13.00 ,$4.00 ,2,0,0,0,0,0,0,0,3,1,6,4,,
5644,1957,Graduation,Together,"$42,213.00 ",0,1,12/10/13,69,56+,96,0,$309.00 ,$3.00 ,$24.00 ,$4.00 ,$3.00 ,$20.00 ,2,0,0,0,1,0,0,1,5,1,7,7,,
5654,1972,Graduation,Married,"$36,026.00 ",2,1,3/16/14,54,46-55,34,0,$20.00 ,$4.00 ,$10.00 ,$6.00 ,$4.00 ,$17.00 ,2,0,0,0,0,0,0,0,2,0,3,6,,
5667,1964,PhD,Married,"$60,896.00 ",0,1,11/10/12,62,56+,90,0,"$1,013.00 ",$30.00 ,$399.00 ,$60.00 ,$46.00 ,$153.00 ,3,0,0,0,0,0,1,1,9,10,4,6,,
5675,1960,PhD,Divorced,"$50,611.00 ",0,1,4/10/12,66,56+,98,0,$459.00 , $-   ,$24.00 ,$6.00 , $-   ,$4.00 ,6,0,0,0,1,0,0,1,4,5,7,6,,
5680,1984,2n Cycle,Married,"$35,684.00 ",1,0,4/22/14,42,36-45,66,0,$10.00 ,$4.00 ,$7.00 , $-   ,$6.00 ,$3.00 ,1,0,0,0,0,0,0,0,1,0,3,6,,
5682,1953,PhD,Single,"$64,108.00 ",0,1,3/23/13,73,56+,8,0,$948.00 ,$10.00 ,$86.00 ,$13.00 ,$21.00 ,$21.00 ,4,0,0,0,0,0,0,0,6,9,11,5,,
5684,1971,Master,Divorced,"$44,635.00 ",1,1,11/10/13,55,46-55,25,0,$56.00 , $-   ,$9.00 , $-   , $-   ,$3.00 ,2,0,0,0,0,0,0,0,2,0,3,7,,
5687,1980,Graduation,Divorced,"$81,702.00 ",0,0,9/23/12,46,46-55,98,0,$563.00 ,$50.00 ,$774.00 ,$28.00 ,$31.00 ,$187.00 ,1,0,0,0,0,0,0,0,7,7,12,3,,
5692,1989,Basic,Married,"$25,443.00 ",1,0,12/22/12,37,36-45,82,0,$1.00 ,$4.00 ,$3.00 ,$8.00 ,$9.00 ,$7.00 ,1,0,0,0,0,0,0,0,1,0,3,8,,
5710,1970,Graduation,Together,"$40,548.00 ",0,1,10/10/12,56,56+,31,0,$110.00 , $-   ,$5.00 ,$2.00 , $-   ,$3.00 ,2,0,0,0,1,0,0,1,2,1,4,5,,
5718,1950,Graduation,Married,"$80,763.00 ",0,0,8/15/13,76,56+,17,0,$674.00 ,$168.00 ,$108.00 ,$192.00 ,$42.00 ,$231.00 ,1,1,0,0,0,1,1,3,5,11,6,3,,
5721,1956,PhD,Married,"$84,117.00 ",0,0,11/5/14,70,56+,60,0,$611.00 ,$76.00 ,$749.00 ,$59.00 ,$45.00 ,$26.00 ,1,0,0,0,0,1,0,1,7,10,6,2,,
5723,1976,PhD,Together,"$49,187.00 ",0,1,11/1/14,50,46-55,63,0,$81.00 ,$1.00 ,$31.00 ,$2.00 ,$1.00 , $-   ,1,0,0,0,0,0,0,0,1,1,5,2,,
5726,1983,Master,Single,"$31,788.00 ",1,0,3/20/14,43,36-45,15,1,$16.00 ,$7.00 ,$23.00 , $-   ,$8.00 ,$6.00 ,3,0,0,0,0,0,0,0,3,0,4,5,,
5731,1983,Master,Married,"$27,100.00 ",1,0,5/4/13,43,36-45,64,0,$12.00 , $-   ,$13.00 ,$2.00 , $-   ,$10.00 ,1,0,0,0,0,0,0,0,1,0,3,7,,
5734,1974,PhD,Married,"$61,917.00 ",1,1,11/20/13,52,46-55,83,0,$46.00 ,$4.00 ,$36.00 ,$2.00 ,$2.00 ,$1.00 ,1,0,0,0,0,0,0,0,2,0,4,5,,
5735,1991,Master,Single,"$90,638.00 ",0,0,2/13/14,35,26-35,29,0,"$1,156.00 ",$120.00 ,$915.00 ,$94.00 ,$144.00 ,$96.00 ,1,0,0,0,0,1,0,1,3,4,10,1,,
5740,1970,2n Cycle,Divorced,"$25,959.00 ",1,1,2/14/13,56,56+,1,0,$4.00 ,$2.00 ,$12.00 ,$7.00 ,$5.00 ,$26.00 ,2,0,0,0,0,0,1,1,1,2,2,6,,
5748,1965,Graduation,Married,"$59,754.00 ",0,1,1/12/12,61,56+,96,0,$115.00 ,$27.00 ,$44.00 ,$4.00 ,$146.00 ,$139.00 ,3,0,0,0,0,0,1,1,5,2,6,5,,
5751,1973,2n Cycle,Divorced,"$31,163.00 ",1,0,2/13/14,53,46-55,54,0,$2.00 ,$3.00 ,$10.00 ,$11.00 ,$2.00 ,$10.00 ,1,0,0,0,0,0,0,0,1,0,3,6,,
5756,1983,Graduation,Together,"$39,453.00 ",1,0,3/4/14,43,36-45,64,0,$46.00 , $-   ,$7.00 , $-   , $-   ,$2.00 ,2,0,0,0,0,0,0,0,2,0,3,6,,
5758,1982,Graduation,Married,"$65,169.00 ",0,0,1/14/14,44,36-45,23,0,"$1,074.00 ", $-   ,$69.00 , $-   , $-   ,$46.00 ,1,1,1,1,0,1,1,5,10,4,13,6,,
5763,1972,Master,Together,"$49,854.00 ",1,0,10/11/13,54,46-55,63,0,$123.00 ,$17.00 ,$171.00 ,$39.00 , $-   ,$30.00 ,5,0,0,0,0,0,0,0,6,2,5,6,,
5782,1982,2n Cycle,Together,"$58,582.00 ",0,1,9/28/13,44,36-45,15,0,$402.00 ,$35.00 ,$106.00 ,$101.00 ,$77.00 ,$42.00 ,2,0,0,0,1,0,0,1,9,2,9,5,,
5788,1972,Graduation,Together,"$46,053.00 ",1,0,2/17/13,54,46-55,46,0,$56.00 ,$10.00 ,$92.00 ,$19.00 ,$7.00 ,$25.00 ,3,0,0,0,0,0,0,0,3,2,4,5,,
5790,1985,Graduation,Married,"$31,158.00 ",1,0,1/27/13,41,36-45,62,0,$25.00 ,$6.00 ,$16.00 ,$20.00 , $-   ,$5.00 ,2,0,0,0,0,0,0,0,2,0,3,8,,
5794,1974,PhD,Married,"$46,374.00 ",0,1,3/17/14,52,46-55,1,0,$408.00 , $-   ,$21.00 , $-   , $-   ,$17.00 ,3,1,0,0,1,0,1,3,7,1,7,8,,
5796,1963,Graduation,Married,"$77,437.00 ",0,0,11/26/13,63,56+,70,0,$560.00 ,$21.00 ,$442.00 ,$29.00 ,$44.00 ,$29.00 ,1,0,0,0,0,1,0,1,4,5,13,1,,
5798,1973,Master,Together,,0,0,11/23/13,53,46-55,87,0,$445.00 ,$37.00 ,$359.00 ,$98.00 ,$28.00 ,$18.00 ,1,0,0,0,0,0,0,0,2,4,8,1,,
5802,1972,Basic,Married,"$14,188.00 ",0,0,2/28/13,54,46-55,40,0,$2.00 ,$7.00 ,$11.00 ,$16.00 ,$12.00 ,$27.00 ,1,0,0,0,0,0,0,0,2,0,4,6,,
5823,1970,PhD,Single,"$32,303.00 ",0,1,8/3/14,56,56+,63,0,$35.00 , $-   ,$2.00 , $-   , $-   ,$2.00 ,2,0,0,0,0,0,0,0,1,0,4,5,,
5824,1972,PhD,Together,"$34,578.00 ",2,1,11/4/14,54,46-55,1,0,$7.00 , $-   ,$1.00 , $-   , $-   , $-   ,1,0,0,0,0,0,0,0,1,0,2,6,,
5827,1958,Graduation,Divorced,"$35,246.00 ",1,1,4/16/14,68,56+,53,0,$36.00 , $-   ,$12.00 ,$2.00 ,$2.00 ,$10.00 ,4,0,0,0,0,0,0,0,3,1,3,5,,
5830,1972,PhD,Single,"$86,857.00 ",0,0,12/9/12,54,46-55,96,0,$899.00 ,$102.00 ,$838.00 ,$133.00 ,$102.00 ,$40.00 ,1,0,0,0,0,0,1,1,5,6,10,2,,
5831,1967,Graduation,Married,"$77,870.00 ",0,1,8/22/12,59,56+,93,0,"$1,017.00 ",$50.00 ,$500.00 ,$65.00 ,$50.00 ,$133.00 ,3,1,0,0,1,0,1,3,5,5,5,8,,
5832,1960,2n Cycle,Together,"$92,556.00 ",0,0,4/20/14,66,56+,32,0,$493.00 ,$183.00 ,$352.00 ,$184.00 ,$23.00 ,$28.00 ,0,0,0,0,0,0,0,0,3,5,13,0,,
5835,1976,PhD,Divorced,"$14,849.00 ",1,0,2/7/13,50,46-55,39,0,$21.00 ,$2.00 ,$28.00 ,$3.00 ,$2.00 ,$9.00 ,3,0,0,0,0,0,0,0,2,0,4,8,,
5837,1967,Graduation,Married,"$51,479.00 ",1,1,12/28/12,59,56+,67,0,$247.00 ,$8.00 ,$160.00 ,$6.00 ,$8.00 ,$65.00 ,7,0,0,0,0,0,0,0,6,3,6,7,,
5841,1966,Graduation,Together,"$60,894.00 ",0,1,6/28/13,60,56+,61,0,$606.00 ,$7.00 ,$155.00 ,$10.00 , $-   ,$54.00 ,5,0,0,0,0,0,0,0,10,3,8,7,,
5846,1977,Graduation,Divorced,"$40,246.00 ",1,0,12/19/12,49,46-55,68,0,$2.00 ,$1.00 ,$6.00 ,$2.00 ,$1.00 ,$1.00 ,1,0,0,0,0,0,0,0,1,0,2,6,,
5847,1969,Graduation,Divorced,"$69,901.00 ",0,1,5/29/13,57,56+,95,0,$312.00 ,$21.00 ,$206.00 ,$102.00 ,$92.00 ,$149.00 ,3,0,0,0,0,0,0,0,7,3,10,5,,
5848,1970,Graduation,Together,"$81,205.00 ",0,0,1/13/14,56,56+,43,0,$724.00 ,$74.00 ,$929.00 ,$97.00 ,$55.00 ,$130.00 ,1,0,1,1,0,1,1,4,5,6,7,2,,
5863,1953,Graduation,Married,"$47,703.00 ",0,1,5/29/13,73,56+,95,0,$359.00 , $-   ,$134.00 ,$13.00 ,$26.00 ,$123.00 ,4,0,0,0,0,0,0,0,6,3,8,5,,
5866,1974,Graduation,Together,"$48,186.00 ",1,0,3/20/14,52,46-55,39,0,$97.00 ,$3.00 ,$66.00 ,$12.00 ,$7.00 ,$34.00 ,3,0,0,0,0,0,0,0,4,1,4,7,,
5868,1980,Graduation,Married,"$19,107.00 ",1,0,8/22/13,46,46-55,49,0,$2.00 ,$4.00 ,$9.00 ,$10.00 ,$5.00 ,$16.00 ,2,0,0,0,0,0,0,0,1,0,3,7,,
5871,1979,Master,Together,"$24,401.00 ",0,0,8/31/12,47,46-55,98,0,$73.00 ,$28.00 ,$217.00 ,$10.00 ,$24.00 ,$115.00 ,3,0,0,0,0,0,0,0,6,1,6,8,,
5872,1951,Graduation,Single,"$60,689.00 ",0,1,1/6/13,75,56+,23,0,$240.00 ,$90.00 ,$216.00 ,$63.00 ,$6.00 ,$24.00 ,4,0,0,0,0,0,0,0,4,4,10,3,,
5883,1972,Graduation,Married,"$77,981.00 ",1,0,5/26/13,54,46-55,78,0,$138.00 ,$120.00 ,$204.00 ,$16.00 ,$126.00 ,$60.00 ,3,0,0,0,0,0,0,0,7,4,7,5,,
5885,1973,2n Cycle,Married,"$35,688.00 ",2,1,8/22/12,53,46-55,94,0,$73.00 ,$3.00 ,$90.00 ,$12.00 ,$1.00 ,$32.00 ,7,0,0,0,0,0,0,0,4,1,4,8,,
5892,1980,Graduation,Married,"$34,968.00 ",1,0,10/4/13,46,46-55,11,0,$158.00 ,$6.00 ,$45.00 ,$8.00 ,$2.00 ,$2.00 ,7,0,0,0,0,0,0,0,3,2,5,7,,
5896,1987,Master,Married,"$73,395.00 ",0,0,3/18/14,39,36-45,94,0,$272.00 ,$7.00 ,$80.00 ,$20.00 ,$7.00 ,$11.00 ,1,0,0,0,0,0,0,0,4,4,6,2,,
5899,1950,PhD,Together,"$5,648.00 ",1,1,3/13/14,76,56+,68,0,$28.00 , $-   ,$6.00 ,$1.00 ,$1.00 ,$13.00 ,1,0,0,1,0,0,0,1,1,0,0,20,,
5907,1952,Master,Married,"$33,444.00 ",1,1,3/11/12,74,56+,24,0,$8.00 , $-   ,$8.00 , $-   , $-   ,$2.00 ,1,0,0,0,0,0,0,0,1,0,2,8,,
5909,1964,Graduation,Married,"$58,512.00 ",0,1,9/19/13,62,56+,25,0,$895.00 ,$10.00 ,$101.00 ,$13.00 , $-   ,$152.00 ,5,0,0,0,0,0,0,0,3,4,8,8,,
5922,1974,PhD,Married,"$40,344.00 ",0,1,10/13/13,52,46-55,48,0,$210.00 , $-   ,$6.00 , $-   , $-   ,$2.00 ,2,0,0,0,0,0,0,0,4,1,5,7,,
5929,1973,PhD,Married,"$37,401.00 ",1,0,6/5/14,53,46-55,14,0,$19.00 ,$3.00 ,$19.00 ,$3.00 ,$1.00 ,$3.00 ,2,0,0,0,0,0,0,0,2,0,3,7,,
5935,1956,Master,Single,"$55,284.00 ",0,1,12/24/12,70,56+,60,0,$547.00 ,$7.00 ,$140.00 , $-   ,$7.00 ,$63.00 ,3,0,0,0,0,0,0,0,7,5,8,5,,
5939,1971,Graduation,Together,"$38,232.00 ",1,1,1/17/14,55,46-55,84,0,$43.00 ,$5.00 ,$28.00 ,$7.00 ,$6.00 ,$33.00 ,4,0,0,0,0,0,0,0,3,1,3,5,,
5948,1975,Graduation,Single,"$57,338.00 ",0,1,4/29/14,51,46-55,96,0,$143.00 ,$6.00 ,$52.00 ,$11.00 ,$8.00 ,$17.00 ,2,0,0,0,0,0,0,0,4,1,5,5,,
5954,1972,Master,Divorced,"$42,618.00 ",1,0,9/10/13,54,46-55,92,0,$76.00 ,$14.00 ,$74.00 ,$13.00 ,$5.00 ,$10.00 ,2,0,0,0,0,0,0,0,5,0,4,8,,
5955,1962,Graduation,Together,"$72,025.00 ",0,0,11/17/12,64,56+,27,0,$833.00 ,$33.00 ,$549.00 ,$151.00 ,$133.00 ,$233.00 ,1,0,0,0,0,0,0,0,4,3,8,3,,
5956,1948,PhD,Divorced,"$45,072.00 ",1,2,10/16/13,78,56+,74,0,$144.00 ,$2.00 ,$99.00 ,$7.00 ,$2.00 ,$30.00 ,5,0,0,0,0,0,0,0,6,1,4,8,,
5959,1968,Graduation,Single,"$35,893.00 ",1,1,10/15/12,58,56+,80,0,$158.00 , $-   ,$23.00 , $-   , $-   ,$18.00 ,6,0,0,0,0,0,0,0,3,1,5,8,,
5961,1978,Graduation,Married,"$42,693.00 ",1,0,7/6/14,48,46-55,29,0,$8.00 ,$4.00 ,$20.00 ,$6.00 ,$3.00 ,$16.00 ,1,0,0,0,0,0,0,0,1,0,3,5,,
5966,1974,PhD,Married,"$45,207.00 ",1,1,10/11/12,52,46-55,64,0,$203.00 , $-   ,$10.00 , $-   , $-   ,$2.00 ,5,0,0,0,1,0,0,1,3,1,6,6,,
5967,1952,Graduation,Together,"$33,402.00 ",1,1,7/18/13,74,56+,60,0,$26.00 ,$2.00 ,$19.00 ,$10.00 ,$5.00 ,$8.00 ,3,0,0,0,0,0,0,0,2,1,3,8,,
5975,1967,PhD,Single,"$40,304.00 ",1,0,9/30/13,59,56+,82,0,$37.00 , $-   ,$17.00 , $-   , $-   ,$3.00 ,1,0,0,0,0,0,0,0,2,0,3,7,,
5985,1965,Master,Single,"$33,168.00 ",0,1,10/13/12,61,56+,0,0,$80.00 ,$1.00 ,$37.00 , $-   ,$1.00 ,$3.00 ,3,0,0,0,0,0,0,0,2,1,4,7,,
5987,1989,2n Cycle,Together,"$10,404.00 ",1,0,4/5/14,37,36-45,52,0,$2.00 ,$2.00 ,$11.00 ,$10.00 ,$6.00 ,$12.00 ,2,0,0,0,0,0,0,0,1,0,4,5,,
5989,1959,2n Cycle,Divorced,"$78,353.00 ",0,1,4/16/13,67,56+,51,0,$752.00 ,$122.00 ,$476.00 ,$39.00 ,$153.00 ,$34.00 ,1,0,0,0,0,0,0,0,10,2,11,8,,
5991,1949,Master,Married,"$48,150.00 ",0,1,8/6/13,77,56+,24,0,$173.00 ,$2.00 ,$39.00 ,$3.00 ,$2.00 ,$47.00 ,3,0,0,0,0,0,0,0,5,1,4,7,,
5995,1962,Graduation,Divorced,"$39,552.00 ",1,1,12/18/12,64,56+,54,0,$165.00 ,$3.00 ,$147.00 ,$4.00 ,$24.00 ,$41.00 ,7,0,0,0,0,0,1,1,6,2,5,8,,
6001,1979,Graduation,Married,"$56,775.00 ",0,1,2/1/13,47,46-55,62,0,$614.00 ,$35.00 ,$160.00 ,$58.00 ,$35.00 ,$35.00 ,2,0,0,0,0,0,0,0,5,8,10,5,,
6019,1971,PhD,Married,"$37,126.00 ",1,0,3/30/14,55,46-55,9,0,$45.00 ,$3.00 ,$9.00 ,$4.00 ,$4.00 ,$7.00 ,1,0,0,1,0,0,1,2,1,2,2,6,,
6024,1953,Graduation,Together,"$94,384.00 ",0,0,4/3/13,73,56+,62,0,"$1,111.00 ",$24.00 ,$790.00 ,$160.00 ,$45.00 ,$172.00 ,0,1,0,0,1,1,1,4,5,8,5,2,,
6036,1959,Master,Together,"$89,120.00 ",0,0,3/17/14,67,56+,78,0,"$1,168.00 ",$92.00 ,$408.00 ,$72.00 ,$129.00 ,$55.00 ,1,0,0,0,0,1,0,1,5,6,7,1,,
6049,1982,Master,Together,"$73,450.00 ",0,0,5/12/13,44,36-45,85,0,"$1,142.00 ",$51.00 ,$415.00 ,$90.00 ,$69.00 ,$37.00 ,1,1,0,1,0,0,0,2,7,8,11,3,,
6050,1975,2n Cycle,Married,"$57,036.00 ",0,1,11/12/12,51,46-55,33,0,"$1,171.00 ",$43.00 ,$219.00 ,$19.00 ,$14.00 ,$47.00 ,4,0,0,1,0,0,0,1,6,3,13,9,,
6055,1979,Graduation,Married,"$71,626.00 ",0,0,1/11/12,47,46-55,94,0,$546.00 ,$72.00 ,$376.00 ,$94.00 ,$145.00 ,$72.00 ,1,0,0,0,1,0,0,1,5,5,8,3,,
6059,1953,PhD,Together,"$64,504.00 ",1,2,4/3/13,73,56+,81,0,$986.00 ,$36.00 ,$168.00 ,$16.00 , $-   ,$108.00 ,7,0,0,0,0,0,1,1,11,3,4,7,,
6071,1989,Graduation,Single,"$81,217.00 ",0,0,7/19/13,37,36-45,77,0,$493.00 ,$70.00 ,$324.00 ,$146.00 ,$40.00 ,$84.00 ,1,0,0,0,0,0,0,0,3,7,11,1,,
6072,1970,Master,Single,"$75,345.00 ",0,0,2/2/13,56,56+,16,0,$918.00 ,$57.00 ,$842.00 ,$99.00 ,$38.00 ,$133.00 ,1,1,0,0,0,0,1,2,5,8,6,3,,
6086,1955,Graduation,Married,"$80,395.00 ",0,0,11/23/13,71,56+,62,0,$445.00 ,$25.00 ,$706.00 ,$80.00 ,$76.00 ,$48.00 ,1,1,0,0,0,0,0,1,6,5,12,2,,
6097,1959,Graduation,Single,"$50,664.00 ",1,1,1/16/13,67,56+,64,0,$313.00 ,$8.00 ,$104.00 ,$6.00 ,$4.00 ,$126.00 ,9,0,0,0,0,0,0,0,8,1,6,9,,
6103,1948,Graduation,Married,"$42,192.00 ",0,0,6/9/13,78,56+,40,0,$40.00 ,$15.00 ,$15.00 ,$17.00 ,$6.00 ,$7.00 ,1,0,0,0,0,0,0,0,2,1,3,4,,
6116,1968,2n Cycle,Married,"$48,985.00 ",0,1,5/7/13,58,56+,13,0,$19.00 ,$13.00 ,$18.00 ,$10.00 ,$7.00 ,$8.00 ,1,0,0,0,0,0,0,0,1,1,3,3,,
6119,1963,PhD,Single,"$36,736.00 ",1,1,10/5/13,63,56+,52,0,$10.00 , $-   ,$3.00 , $-   , $-   ,$4.00 ,1,0,0,0,0,0,0,0,1,0,2,6,,
6131,1980,2n Cycle,Married,"$70,829.00 ",1,1,1/12/13,46,46-55,87,0,$141.00 ,$70.00 ,$106.00 ,$72.00 ,$19.00 ,$23.00 ,2,0,0,0,0,0,0,0,4,2,8,3,,
6141,1972,Master,Single,"$49,494.00 ",1,0,4/25/13,54,46-55,46,0,$191.00 ,$9.00 ,$97.00 , $-   ,$6.00 ,$82.00 ,2,0,0,0,0,0,0,0,6,1,5,7,,
6142,1943,Master,Married,"$65,073.00 ",0,0,8/20/13,83,56+,65,1,$629.00 ,$17.00 ,$177.00 ,$69.00 , $-   ,$8.00 ,1,0,0,0,0,0,0,0,5,3,5,2,,
6147,1971,Graduation,Divorced,"$25,818.00 ",1,0,10/18/12,55,46-55,51,0,$5.00 ,$2.00 ,$8.00 ,$2.00 ,$2.00 ,$9.00 ,1,0,0,0,0,0,0,0,0,1,2,7,,
6168,1963,Graduation,Divorced,"$45,146.00 ",1,1,7/15/13,63,56+,28,0,$33.00 , $-   ,$5.00 , $-   , $-   ,$15.00 ,2,0,0,0,0,0,0,0,1,1,2,4,,
6173,1979,Graduation,Together,"$77,298.00 ",0,1,2/11/13,47,46-55,46,0,$425.00 ,$115.00 ,$292.00 ,$23.00 ,$35.00 ,$79.00 ,1,0,0,0,0,0,0,0,6,6,11,3,,
6177,1985,PhD,Married,"$33,454.00 ",1,0,8/5/13,41,36-45,32,0,$76.00 ,$10.00 ,$56.00 ,$3.00 ,$1.00 ,$23.00 ,2,0,0,0,0,0,0,0,4,0,4,8,,
6181,1950,2n Cycle,Together,"$52,203.00 ",0,0,7/31/12,76,56+,36,0,$488.00 ,$21.00 ,$238.00 ,$56.00 ,$108.00 ,$28.00 ,1,0,0,0,0,0,0,0,8,7,11,6,,
6182,1984,Graduation,Together,"$26,646.00 ",1,0,10/2/14,42,36-45,26,0,$11.00 ,$4.00 ,$20.00 ,$10.00 ,$3.00 ,$5.00 ,2,0,0,0,0,0,0,0,2,0,4,6,,
6183,1962,Master,Married,"$58,646.00 ",0,1,10/6/13,64,56+,3,0,$62.00 ,$1.00 ,$44.00 ,$6.00 ,$5.00 ,$22.00 ,1,0,0,0,0,0,0,0,2,1,4,4,,
6184,1969,PhD,Married,"$68,462.00 ",0,0,12/12/12,57,56+,6,0,$561.00 ,$64.00 ,$785.00 ,$84.00 ,$128.00 ,$48.00 ,1,0,0,0,0,0,0,0,3,3,8,1,,
6197,1962,PhD,Single,"$27,238.00 ",1,1,4/20/13,64,56+,39,0,$37.00 , $-   ,$17.00 , $-   , $-   ,$3.00 ,3,0,0,0,0,0,0,0,3,0,3,9,,
6200,1951,Graduation,Married,"$75,903.00 ",0,1,8/4/13,75,56+,50,0,$340.00 ,$108.00 ,$185.00 ,$130.00 ,$38.00 ,$100.00 ,2,0,0,0,0,0,0,0,6,6,9,3,,
6201,1978,Graduation,Single,"$38,643.00 ",1,1,11/29/13,48,46-55,45,1,$22.00 ,$2.00 ,$14.00 , $-   ,$1.00 ,$10.00 ,2,0,0,0,0,0,0,0,2,0,3,7,,
6202,1960,Graduation,Together,"$63,381.00 ",0,1,5/10/12,66,56+,78,0,$571.00 ,$50.00 ,$142.00 ,$33.00 ,$50.00 ,$159.00 ,4,0,0,0,0,0,0,0,4,5,13,2,,
6203,1947,Graduation,Together,"$74,485.00 ",0,0,8/24/13,79,56+,58,0,$499.00 ,$149.00 ,$815.00 ,$173.00 ,$49.00 ,$49.00 ,1,0,0,0,0,0,0,0,6,7,12,3,,
6205,1967,Master,Single,"$32,557.00 ",1,0,2/24/14,59,56+,13,0,$34.00 ,$3.00 ,$29.00 , $-   ,$4.00 ,$10.00 ,3,0,0,0,0,0,1,1,2,1,3,5,,
6211,1976,PhD,Together,"$37,395.00 ",1,0,2/5/14,50,46-55,47,0,$18.00 , $-   ,$9.00 , $-   ,$1.00 ,$11.00 ,1,0,0,0,0,0,0,0,1,0,3,6,,
6214,1982,Master,Married,"$43,815.00 ",1,0,5/4/13,44,36-45,53,0,$14.00 ,$10.00 ,$29.00 ,$4.00 ,$7.00 ,$15.00 ,1,0,0,0,0,0,0,0,2,0,3,6,,
6215,1977,Graduation,Married,"$31,353.00 ",1,1,12/29/13,49,46-55,24,0,$10.00 , $-   ,$10.00 ,$3.00 ,$1.00 ,$7.00 ,2,0,0,0,0,0,1,1,1,1,2,8,,
6218,1965,Graduation,Married,"$59,594.00 ",0,1,10/20/12,61,56+,74,0,$457.00 ,$4.00 ,$29.00 , $-   , $-   ,$9.00 ,1,0,0,0,1,0,0,1,8,1,7,7,,
6222,1967,Graduation,Married,"$22,574.00 ",2,1,10/28/13,59,56+,28,0,$25.00 , $-   ,$8.00 ,$2.00 , $-   ,$2.00 ,2,0,0,0,0,0,0,0,2,0,3,7,,
6230,1971,Graduation,Divorced,"$44,421.00 ",1,1,2/15/13,55,46-55,53,0,$110.00 ,$5.00 ,$59.00 ,$7.00 ,$1.00 ,$7.00 ,5,0,0,0,0,0,0,0,5,0,4,8,,
6233,1976,Graduation,Married,"$65,991.00 ",0,1,7/9/12,50,46-55,21,0,$507.00 ,$19.00 ,$364.00 ,$25.00 ,$47.00 ,$9.00 ,3,0,0,0,0,0,0,0,9,5,10,7,,
6237,1966,PhD,Single,"$7,144.00 ",0,2,7/12/13,60,56+,92,0,$81.00 ,$4.00 ,$33.00 ,$5.00 ,$2.00 ,$291.00 ,0,0,0,0,0,0,0,0,23,1,1,0,,
6245,1950,PhD,Together,"$59,292.00 ",0,1,6/13/13,76,56+,71,0,$378.00 ,$14.00 ,$68.00 ,$19.00 ,$14.00 ,$14.00 ,2,0,0,0,0,0,0,0,3,5,8,3,,
6246,1953,Graduation,Single,"$73,892.00 ",0,0,11/13/13,73,56+,40,0,$703.00 ,$102.00 ,$601.00 , $-   ,$58.00 ,$43.00 ,1,0,0,0,0,0,1,1,3,11,8,1,,
6248,1947,Master,Single,"$91,712.00 ",0,0,10/17/13,79,56+,47,0,"$1,276.00 ",$24.00 ,$746.00 ,$94.00 ,$29.00 ,$48.00 ,0,0,0,0,0,1,1,2,9,7,11,3,,
6250,1949,PhD,Widow,"$54,356.00 ",0,1,11/19/12,77,56+,62,0,$710.00 ,$15.00 ,$30.00 ,$20.00 , $-   , $-   ,3,0,0,0,0,0,1,1,11,2,8,8,,
6255,1952,Master,Together,"$70,545.00 ",0,1,3/6/14,74,56+,29,0,$138.00 ,$39.00 ,$63.00 ,$55.00 ,$18.00 ,$21.00 ,1,0,0,0,0,0,0,0,4,1,7,2,,
6257,1976,Master,Single,"$60,482.00 ",0,1,1/23/13,50,46-55,81,0,$255.00 ,$43.00 ,$134.00 ,$37.00 ,$14.00 ,$24.00 ,1,0,0,0,0,0,0,0,7,2,7,7,,
6260,1955,Master,Together,"$82,384.00 ",0,0,11/19/12,71,56+,55,0,$984.00 ,$51.00 ,$432.00 ,$180.00 ,$120.00 ,$190.00 ,1,0,0,0,0,1,1,2,3,10,13,1,,
6261,1979,Graduation,Married,"$58,025.00 ",0,1,11/26/13,47,46-55,81,0,$270.00 ,$31.00 ,$88.00 ,$11.00 ,$48.00 ,$22.00 ,3,0,0,0,0,0,0,0,3,2,10,4,,
6262,1962,Master,Single,"$72,217.00 ",0,0,10/4/13,64,56+,93,0,$816.00 ,$42.00 ,$450.00 ,$55.00 ,$56.00 ,$154.00 ,1,0,0,0,0,0,0,0,3,10,8,2,,
6263,1968,Graduation,Together,"$35,322.00 ",1,2,8/22/12,58,56+,34,0,$28.00 ,$9.00 ,$37.00 ,$12.00 ,$7.00 ,$13.00 ,3,0,0,0,0,0,0,0,2,0,4,8,,
6271,1952,PhD,Married,"$50,870.00 ",0,1,6/19/14,74,56+,13,0,$53.00 , $-   ,$8.00 , $-   , $-   ,$2.00 ,1,0,0,0,0,0,0,0,2,0,3,5,,
6274,1948,Master,Married,"$83,790.00 ",0,0,11/15/13,78,56+,81,0,"$1,076.00 ",$16.00 ,$417.00 ,$42.00 ,$48.00 ,$16.00 ,1,0,0,0,1,1,0,2,8,10,6,3,,
6281,1966,Graduation,Divorced,"$55,686.00 ",0,1,2/14/13,60,56+,27,0,$673.00 , $-   ,$199.00 ,$37.00 ,$47.00 ,$26.00 ,2,0,0,1,0,0,0,1,6,3,5,4,,
6283,1968,Master,Divorced,"$63,841.00 ",0,1,4/21/13,58,56+,64,0,$635.00 ,$15.00 ,$100.00 ,$20.00 ,$7.00 ,$131.00 ,1,0,0,0,0,0,0,0,9,3,9,6,,
6287,1986,Graduation,Together,"$34,728.00 ",1,0,7/30/13,40,36-45,2,0,$14.00 , $-   ,$16.00 , $-   , $-   ,$6.00 ,1,0,0,0,0,0,1,1,1,1,2,6,,
6289,1951,Master,Together,"$59,385.00 ",1,1,4/28/13,75,56+,85,0,$135.00 , $-   ,$10.00 , $-   ,$4.00 ,$36.00 ,2,0,0,0,0,0,0,0,3,1,4,5,,
6292,1986,PhD,Married,"$82,333.00 ",0,0,3/30/13,40,36-45,60,0,"$1,311.00 ", $-   ,$359.00 ,$46.00 ,$89.00 ,$17.00 ,1,0,0,0,0,1,1,2,4,3,10,2,,
6295,1977,Graduation,Married,"$54,233.00 ",0,1,4/2/13,49,46-55,46,0,$652.00 ,$8.00 ,$158.00 ,$21.00 , $-   ,$142.00 ,4,0,0,0,0,0,0,0,11,6,5,8,,
6299,1968,PhD,Divorced,"$42,564.00 ",0,1,2/1/13,58,56+,28,0,$324.00 ,$48.00 ,$186.00 ,$39.00 ,$18.00 ,$198.00 ,6,0,0,1,0,0,1,2,6,8,4,7,,
6303,1986,PhD,Together,"$91,820.00 ",0,0,11/23/13,40,36-45,72,0,$410.00 ,$73.00 ,$747.00 ,$76.00 ,$161.00 ,$30.00 ,0,0,0,0,0,0,0,0,5,5,12,1,,
6310,1978,Graduation,Married,"$33,039.00 ",1,0,9/9/13,48,46-55,4,0,$30.00 ,$8.00 ,$12.00 ,$8.00 ,$8.00 ,$12.00 ,1,0,0,0,0,0,0,0,2,0,4,5,,
6312,1959,Graduation,Married,"$65,031.00 ",0,1,3/17/13,67,56+,29,0,$258.00 ,$107.00 ,$291.00 ,$84.00 ,$37.00 ,$86.00 ,4,0,0,0,0,0,0,0,10,3,13,7,,
6318,1988,Graduation,Married,"$68,487.00 ",0,0,1/13/13,38,36-45,48,0,$758.00 ,$12.00 ,$385.00 ,$33.00 ,$89.00 ,$89.00 ,1,0,0,0,0,0,0,0,9,7,13,4,,
6320,1976,Master,Single,"$70,893.00 ",0,0,6/2/13,50,46-55,42,0,$768.00 ,$44.00 ,$561.00 ,$77.00 ,$44.00 ,$14.00 ,1,0,0,0,0,0,0,0,6,6,10,3,,
6327,1967,Graduation,Together,"$65,777.00 ",0,0,12/19/13,59,56+,87,0,$565.00 ,$32.00 ,$435.00 ,$28.00 ,$32.00 ,$54.00 ,1,0,0,0,0,0,0,0,2,8,6,1,,
6336,1960,Graduation,Married,"$29,315.00 ",1,1,6/4/14,66,56+,55,0,$13.00 ,$2.00 ,$14.00 ,$8.00 ,$7.00 ,$4.00 ,4,0,0,0,0,0,0,0,2,0,4,6,,
6340,1985,Graduation,Single,"$29,938.00 ",1,0,10/27/13,41,36-45,52,0,$3.00 ,$3.00 ,$7.00 , $-   ,$2.00 ,$11.00 ,2,0,0,0,0,0,0,0,1,0,3,6,,
6343,1959,Graduation,Married,"$79,823.00 ",0,1,3/31/14,67,56+,6,0,$835.00 ,$73.00 ,$380.00 ,$114.00 ,$73.00 ,$43.00 ,1,0,0,0,1,0,0,1,6,9,7,2,,
6347,1979,Basic,Single,"$15,862.00 ",1,0,6/27/13,47,46-55,26,0,$1.00 ,$1.00 ,$4.00 ,$11.00 ,$9.00 ,$10.00 ,1,0,0,0,0,0,0,0,1,0,3,8,,
6349,1987,Master,Divorced,"$61,787.00 ",0,0,6/7/13,39,36-45,71,0,$621.00 ,$73.00 ,$414.00 ,$78.00 ,$48.00 ,$85.00 ,1,0,0,0,0,0,0,0,8,4,6,5,,
6354,1984,Graduation,Together,"$15,345.00 ",1,0,8/31/12,42,36-45,51,0,$5.00 ,$2.00 ,$16.00 ,$3.00 ,$2.00 ,$19.00 ,2,0,0,0,0,0,1,1,1,1,2,8,,
6355,1978,Graduation,Married,"$44,359.00 ",1,1,6/17/14,48,46-55,19,0,$20.00 , $-   ,$14.00 ,$7.00 ,$3.00 ,$1.00 ,3,0,0,0,0,0,0,0,2,0,4,3,,
6357,1959,2n Cycle,Divorced,"$59,052.00 ",0,1,11/17/13,67,56+,29,0,$230.00 ,$35.00 ,$75.00 ,$63.00 ,$57.00 ,$31.00 ,3,0,0,0,0,0,0,0,7,1,7,5,,
6365,1987,2n Cycle,Married,"$30,390.00 ",0,0,2/9/13,39,36-45,5,0,$10.00 ,$12.00 ,$12.00 ,$25.00 ,$1.00 ,$20.00 ,1,0,0,0,0,0,0,0,2,0,3,6,,
6374,1954,PhD,Married,"$36,930.00 ",0,1,5/17/13,72,56+,50,0,$223.00 ,$2.00 ,$31.00 , $-   ,$2.00 ,$39.00 ,5,0,0,0,0,0,0,0,5,2,4,8,,
6376,1979,Graduation,Single,"$57,537.00 ",1,0,10/6/13,47,46-55,83,0,$191.00 ,$56.00 ,$139.00 ,$51.00 ,$8.00 ,$100.00 ,4,0,0,0,0,0,0,0,4,3,8,4,,
6379,1949,Master,Widow,"$47,570.00 ",1,1,5/29/13,77,56+,3,0,$67.00 ,$1.00 ,$20.00 , $-   ,$2.00 ,$31.00 ,3,0,0,0,0,0,1,1,2,2,2,7,,
6382,1953,Graduation,Together,"$48,794.00 ",1,1,6/26/14,73,56+,97,0,$25.00 , $-   ,$11.00 ,$3.00 , $-   ,$15.00 ,1,0,0,0,0,0,0,0,1,0,3,4,,
6383,1971,PhD,Together,"$32,892.00 ",1,0,5/25/14,55,46-55,78,0,$26.00 , $-   ,$15.00 ,$2.00 ,$1.00 ,$2.00 ,2,0,0,0,0,0,0,0,3,0,3,8,,
6384,1978,Graduation,Divorced,"$71,022.00 ",0,1,11/2/14,48,46-55,30,0,$909.00 ,$12.00 ,$278.00 , $-   ,$12.00 ,$242.00 ,3,0,0,1,0,0,0,1,5,2,11,8,,
6387,1976,PhD,Together,"$52,190.00 ",1,1,8/5/14,50,46-55,39,0,$42.00 , $-   ,$17.00 , $-   , $-   ,$18.00 ,3,0,0,1,0,0,0,1,2,1,3,5,,
6398,1974,Basic,Married,"$18,393.00 ",1,0,3/29/14,52,46-55,2,0,$7.00 ,$10.00 ,$13.00 ,$16.00 , $-   ,$4.00 ,2,0,0,0,0,0,0,0,3,0,3,8,,
6404,1969,Graduation,Together,"$58,917.00 ",1,2,3/24/13,57,56+,10,0,$151.00 ,$7.00 ,$89.00 , $-   ,$7.00 ,$28.00 ,5,0,0,0,0,0,0,0,4,1,6,5,,
6406,1988,Master,Married,"$78,285.00 ",0,0,10/28/13,38,36-45,13,0,$647.00 ,$107.00 ,$391.00 ,$175.00 ,$67.00 ,$40.00 ,1,0,0,0,0,0,0,0,6,4,10,3,,
6409,1967,Graduation,Divorced,"$57,136.00 ",0,0,5/18/13,59,56+,18,0,$267.00 ,$140.00 ,$599.00 ,$34.00 ,$12.00 ,$127.00 ,1,0,0,0,0,0,1,1,7,5,7,6,,
6417,1971,Master,Together,"$80,573.00 ",0,0,10/14/12,55,46-55,85,0,$829.00 ,$138.00 ,$430.00 ,$60.00 ,$92.00 ,$15.00 ,1,0,0,0,0,0,0,0,4,6,13,2,,
6421,1961,Graduation,Together,"$88,347.00 ",0,0,3/7/13,65,56+,32,0,"$1,050.00 ",$178.00 ,$555.00 ,$77.00 ,$138.00 ,$118.00 ,1,1,0,0,0,0,0,1,4,7,9,1,,
6422,1954,Graduation,Married,"$86,718.00 ",0,0,1/17/13,72,56+,20,0,$344.00 ,$189.00 ,$482.00 ,$50.00 ,$33.00 ,$172.00 ,1,0,0,0,0,0,0,0,5,6,5,2,,
6424,1977,Graduation,Together,"$33,178.00 ",1,0,1/30/14,49,46-55,9,0,$12.00 ,$6.00 ,$2.00 ,$11.00 ,$2.00 ,$16.00 ,1,0,0,0,0,0,0,0,1,0,3,4,,
6428,1950,PhD,Widow,"$76,842.00 ",0,0,3/5/14,76,56+,37,0,$605.00 ,$10.00 ,$345.00 ,$84.00 ,$54.00 ,$32.00 ,1,0,0,0,0,0,0,0,1,8,7,0,,
6431,1964,PhD,Married,"$45,759.00 ",1,1,2/23/13,62,56+,13,0,$42.00 ,$1.00 ,$18.00 ,$3.00 , $-   ,$4.00 ,2,0,0,0,0,0,0,0,2,0,3,7,,
6437,1985,2n Cycle,Single,"$41,473.00 ",1,0,6/19/13,41,36-45,80,0,$21.00 ,$8.00 ,$20.00 ,$15.00 ,$3.00 ,$9.00 ,1,0,0,0,0,0,0,0,2,0,3,7,,
6439,1958,Graduation,Married,"$61,074.00 ",0,1,8/17/12,68,56+,37,0,$789.00 , $-   ,$133.00 , $-   ,$28.00 ,$152.00 ,7,0,0,0,0,0,0,0,11,5,8,7,,
6445,1967,Graduation,Together,"$66,825.00 ",0,0,7/14/13,59,56+,73,0,$243.00 ,$101.00 ,$405.00 ,$29.00 ,$40.00 ,$40.00 ,1,0,0,0,0,0,0,0,4,5,6,2,,
6457,1976,Graduation,Divorced,"$64,892.00 ",0,1,5/29/14,50,46-55,77,0,$527.00 ,$24.00 ,$230.00 ,$32.00 ,$24.00 ,$65.00 ,2,0,0,0,0,0,0,0,6,4,12,4,,
6460,1982,Graduation,Married,"$28,718.00 ",1,0,7/13/13,44,36-45,78,0,$12.00 ,$4.00 ,$6.00 ,$11.00 ,$8.00 ,$16.00 ,2,0,0,0,0,0,0,0,2,0,3,8,,
6461,1969,Master,Single,"$62,772.00 ",0,1,5/19/13,57,56+,74,0,$581.00 ,$49.00 ,$157.00 ,$43.00 ,$8.00 ,$108.00 ,1,0,0,0,1,0,0,1,5,6,11,2,,
6466,1965,PhD,Married,"$57,236.00 ",1,1,12/3/14,61,56+,22,0,$105.00 , $-   ,$9.00 ,$2.00 ,$1.00 ,$4.00 ,3,0,0,0,0,0,0,0,2,1,4,3,,
6471,1971,Master,Single,"$36,230.00 ",1,0,10/17/13,55,46-55,17,0,$14.00 ,$2.00 ,$30.00 ,$8.00 ,$2.00 ,$3.00 ,1,0,0,0,0,0,0,0,2,0,4,5,,
6488,1959,PhD,Married,"$38,829.00 ",0,1,6/4/14,67,56+,86,0,$76.00 , $-   ,$7.00 , $-   , $-   ,$16.00 ,1,0,0,0,0,0,0,0,3,2,2,5,,
6497,1960,Graduation,Married,"$51,651.00 ",0,1,7/11/12,66,56+,32,0,$293.00 ,$6.00 ,$23.00 ,$13.00 ,$6.00 ,$92.00 ,4,0,0,0,0,0,0,0,6,2,5,8,,
6504,1975,2n Cycle,Together,"$19,789.00 ",1,0,11/20/13,51,46-55,24,0,$2.00 ,$5.00 ,$9.00 ,$28.00 ,$6.00 ,$28.00 ,3,0,0,1,0,0,0,1,2,1,3,5,,
6507,1980,Graduation,Single,"$30,828.00 ",1,0,4/10/13,46,46-55,16,0,$16.00 ,$11.00 ,$15.00 ,$2.00 , $-   ,$12.00 ,2,0,0,0,0,0,0,0,1,1,4,3,,
6515,1977,Graduation,Together,"$39,771.00 ",1,0,6/12/13,49,46-55,92,0,$6.00 ,$2.00 ,$18.00 ,$2.00 ,$8.00 ,$14.00 ,1,0,0,0,0,0,0,0,2,0,3,4,,
6516,1989,Basic,Married,"$17,487.00 ",1,0,3/18/13,37,36-45,37,0, $-   , $-   ,$1.00 ,$7.00 ,$4.00 ,$6.00 ,1,0,0,0,0,0,0,0,1,0,2,7,,
6518,1951,PhD,Widow,"$67,680.00 ",0,1,11/6/13,75,56+,8,0,$546.00 , $-   ,$48.00 , $-   ,$6.00 ,$6.00 ,1,0,0,0,0,0,0,0,7,3,8,5,,
6521,1954,Graduation,Together,"$77,972.00 ",0,0,3/18/14,72,56+,18,0,$613.00 ,$22.00 ,$319.00 ,$33.00 ,$102.00 ,$12.00 ,1,0,0,0,0,0,0,0,4,6,9,1,,
6528,1982,Master,Together,"$18,492.00 ",1,0,5/6/14,44,36-45,75,0,$2.00 ,$2.00 ,$2.00 ,$2.00 ,$1.00 ,$1.00 ,1,0,0,0,0,0,0,0,1,0,2,8,,
6534,1974,Graduation,Together,"$47,889.00 ",1,0,4/1/14,52,46-55,94,0,$29.00 , $-   ,$29.00 , $-   ,$5.00 ,$4.00 ,1,0,0,0,0,0,0,0,2,0,3,5,,
6543,1945,Master,Together,"$62,847.00 ",0,0,1/15/13,81,56+,45,0,$521.00 ,$168.00 ,$706.00 ,$80.00 ,$76.00 ,$61.00 ,1,0,0,0,0,0,0,0,3,6,4,2,,
6544,1949,PhD,Together,"$67,911.00 ",0,1,5/22/14,77,56+,63,0,$529.00 , $-   ,$356.00 ,$63.00 ,$28.00 , $-   ,3,0,0,0,0,0,0,0,6,7,11,3,,
6565,1949,Master,Married,"$76,995.00 ",0,1,3/28/13,77,56+,91,0,"$1,012.00 ",$80.00 ,$498.00 , $-   ,$16.00 ,$176.00 ,2,1,0,0,0,0,0,1,11,4,9,5,,
6566,1954,PhD,Married,"$72,550.00 ",1,1,8/11/12,72,56+,39,0,$826.00 ,$50.00 ,$317.00 ,$50.00 ,$38.00 ,$38.00 ,9,0,0,0,0,0,0,0,5,2,12,8,,
6568,1984,Graduation,Married,"$38,680.00 ",1,0,3/28/13,42,36-45,97,0,$11.00 , $-   ,$36.00 ,$15.00 ,$5.00 ,$12.00 ,1,0,0,0,0,0,0,0,2,0,3,7,,
6575,1981,Graduation,Together,"$56,386.00 ",1,1,10/27/12,45,36-45,51,0,$230.00 ,$48.00 ,$214.00 ,$13.00 ,$32.00 ,$75.00 ,8,0,0,0,0,0,0,0,9,1,7,9,,
6583,1955,2n Cycle,Married,"$72,635.00 ",0,0,3/6/13,71,56+,54,0,$390.00 ,$22.00 ,$323.00 ,$104.00 ,$35.00 ,$107.00 ,1,1,0,0,0,0,0,1,6,8,6,3,,
6605,1944,PhD,Divorced,"$55,614.00 ",0,0,11/27/13,82,56+,85,0,$504.00 ,$13.00 ,$131.00 ,$8.00 , $-   ,$26.00 ,1,0,0,0,1,0,0,1,9,4,6,7,,
6606,1969,Master,Married,"$70,091.00 ",1,0,3/31/13,57,56+,11,0,$964.00 ,$34.00 ,$137.00 ,$15.00 , $-   ,$11.00 ,2,0,0,0,1,0,0,1,5,2,10,8,,
6609,1966,Graduation,Widow,"$27,038.00 ",0,0,9/18/12,60,56+,64,0,$1.00 ,$26.00 ,$25.00 ,$17.00 ,$23.00 ,$15.00 ,1,0,0,0,0,0,1,1,3,0,3,9,,
6613,1970,Master,Married,"$44,511.00 ",1,0,12/10/12,56,56+,39,0,$513.00 ,$7.00 ,$133.00 ,$46.00 ,$14.00 ,$14.00 ,6,0,0,0,0,0,0,0,8,4,8,8,,
6616,1975,Graduation,Together,"$59,481.00 ",0,1,10/23/13,51,46-55,47,0,$178.00 ,$3.00 ,$85.00 ,$71.00 ,$66.00 ,$58.00 ,2,0,0,0,0,0,0,0,3,3,8,2,,
6619,1978,Graduation,Married,"$38,415.00 ",1,1,2/1/13,48,46-55,91,0,$22.00 ,$1.00 ,$13.00 ,$4.00 , $-   ,$4.00 ,2,0,0,0,0,0,0,0,1,0,3,7,,
6634,1979,Master,Divorced,"$33,462.00 ",1,0,7/8/13,47,46-55,78,0,$22.00 ,$3.00 ,$18.00 , $-   , $-   ,$11.00 ,1,0,0,0,0,0,0,0,2,0,3,7,,
6637,1988,Graduation,Single,"$66,951.00 ",0,0,2/11/13,38,36-45,46,0,$277.00 ,$162.00 ,$305.00 ,$173.00 ,$76.00 ,$124.00 ,1,0,0,0,0,0,0,0,3,4,7,1,,
6642,1961,Graduation,Divorced,"$27,215.00 ",2,1,1/23/13,65,56+,50,0,$30.00 ,$5.00 ,$22.00 ,$8.00 ,$9.00 ,$28.00 ,4,0,0,0,0,0,0,0,2,1,4,6,,
6646,1984,Graduation,Together,"$16,529.00 ",1,0,1/3/14,42,36-45,23,0,$3.00 , $-   ,$5.00 ,$13.00 , $-   ,$1.00 ,1,0,0,0,0,0,0,0,1,0,3,6,,
6652,1965,Graduation,Married,"$77,343.00 ",0,0,9/6/14,61,56+,28,0,$227.00 ,$151.00 ,$573.00 ,$98.00 ,$54.00 ,$31.00 ,1,0,0,0,0,0,0,0,3,4,9,1,,
6653,1970,PhD,Married,"$55,158.00 ",1,1,7/30/12,56,56+,72,0,$293.00 , $-   ,$87.00 ,$4.00 ,$11.00 ,$23.00 ,4,0,0,0,0,0,1,1,7,2,5,7,,
6658,1972,Graduation,Together,"$59,868.00 ",0,1,7/22/13,54,46-55,37,0,$771.00 ,$51.00 ,$154.00 ,$54.00 ,$10.00 ,$154.00 ,7,0,0,0,0,0,0,0,11,2,12,6,,
6661,1974,Graduation,Married,"$67,445.00 ",0,1,12/8/12,52,46-55,63,0,$757.00 ,$80.00 ,$217.00 ,$29.00 ,$80.00 ,$11.00 ,5,0,0,0,0,0,0,0,9,6,12,6,,
6663,1940,PhD,Single,"$51,141.00 ",0,0,8/7/13,86,56+,96,0,$144.00 , $-   ,$7.00 , $-   , $-   ,$6.00 ,1,0,0,0,0,0,0,0,3,1,4,5,,
6673,1965,Graduation,Single,"$23,478.00 ",0,0,3/19/13,61,56+,51,0,$28.00 ,$6.00 ,$27.00 ,$12.00 ,$17.00 ,$39.00 ,1,0,0,0,0,0,0,0,3,0,3,8,,
6678,1989,Graduation,Together,"$31,928.00 ",1,0,3/28/14,37,36-45,5,0,$33.00 ,$4.00 ,$24.00 ,$4.00 ,$2.00 ,$5.00 ,2,0,0,0,0,0,0,0,3,0,4,7,,
6679,1966,Graduation,Single,"$33,279.00 ",0,0,12/6/14,60,56+,29,0,$10.00 ,$3.00 ,$3.00 , $-   , $-   , $-   ,1,0,0,0,0,0,0,0,0,0,3,3,,
6682,1973,Basic,Married,"$18,978.00 ",1,0,11/12/12,53,46-55,41,0,$2.00 ,$8.00 ,$1.00 ,$4.00 ,$7.00 ,$15.00 ,1,0,0,0,0,0,0,0,1,0,3,8,,
6690,1966,Master,Married,"$38,179.00 ",1,1,3/14/13,60,56+,30,0,$38.00 ,$4.00 ,$22.00 ,$4.00 ,$2.00 ,$20.00 ,4,0,0,0,0,0,0,0,3,1,3,7,,
6694,1964,Graduation,Married,"$75,236.00 ",0,1,11/25/13,62,56+,27,0,$438.00 ,$66.00 ,$400.00 ,$12.00 ,$38.00 ,$114.00 ,1,0,0,0,0,0,0,0,8,3,13,4,,
6710,1951,Master,Single,"$58,217.00 ",2,1,11/17/12,75,56+,84,0,$68.00 ,$1.00 ,$13.00 ,$3.00 ,$5.00 ,$13.00 ,1,0,0,0,0,0,0,0,2,0,4,6,,
6715,1948,PhD,Single,"$60,200.00 ",0,1,2/1/13,78,56+,3,0,$502.00 ,$19.00 ,$132.00 , $-   ,$6.00 ,$26.00 ,6,0,0,0,0,0,0,0,6,2,11,6,,
6720,1968,Master,Together,"$43,795.00 ",0,1,10/16/13,58,56+,11,0,$314.00 ,$11.00 ,$53.00 ,$4.00 ,$3.00 ,$107.00 ,3,0,0,0,1,0,1,2,7,3,4,7,,
6721,1951,Graduation,Married,"$71,965.00 ",0,1,7/29/13,75,56+,21,0,$572.00 ,$19.00 ,$286.00 ,$50.00 ,$38.00 ,$248.00 ,3,0,0,0,0,0,0,0,6,3,5,3,,
6722,1954,PhD,Married,"$70,421.00 ",0,1,6/28/14,72,56+,98,0,$479.00 ,$28.00 ,$136.00 ,$75.00 ,$14.00 ,$35.00 ,3,0,0,0,0,0,0,0,10,3,7,6,,
6728,1985,Graduation,Together,"$29,103.00 ",1,0,8/27/12,41,36-45,38,0,$16.00 , $-   ,$17.00 ,$6.00 ,$3.00 ,$6.00 ,2,0,0,0,0,0,0,0,1,0,3,9,,
6729,1988,Graduation,Single,"$68,655.00 ",0,0,10/8/12,38,36-45,95,0,$456.00 ,$19.00 ,$832.00 ,$75.00 ,$118.00 ,$38.00 ,1,0,0,0,0,0,0,0,4,5,11,3,,
6730,1954,Graduation,Married,"$38,998.00 ",1,1,3/11/12,72,56+,92,1,$34.00 ,$1.00 ,$14.00 , $-   , $-   ,$5.00 ,3,0,0,0,0,0,0,0,2,0,3,8,,
6742,1979,Graduation,Married,"$17,688.00 ",1,0,1/13/13,47,46-55,82,1,$2.00 ,$2.00 ,$1.00 ,$3.00 ,$1.00 ,$2.00 ,1,0,0,0,0,0,0,0,1,0,2,8,,
6749,1966,Graduation,Single,"$86,358.00 ",1,1,8/8/12,60,56+,78,0,$957.00 ,$47.00 ,$494.00 ,$82.00 ,$47.00 ,$95.00 ,4,0,0,0,0,0,0,0,5,3,6,8,,
6768,1962,Graduation,Divorced,"$37,859.00 ",1,2,12/1/13,64,56+,75,0,$22.00 ,$1.00 ,$8.00 ,$2.00 ,$1.00 ,$2.00 ,2,0,0,0,0,0,0,0,1,0,3,8,,
6770,1985,Graduation,Married,"$21,355.00 ",1,0,8/20/13,41,36-45,5,0,$5.00 ,$13.00 ,$14.00 , $-   ,$5.00 ,$31.00 ,2,0,0,1,0,0,1,2,2,1,2,6,,
6798,1966,Graduation,Single,"$37,070.00 ",1,1,3/20/13,60,56+,30,0,$231.00 ,$7.00 ,$137.00 ,$4.00 ,$15.00 ,$39.00 ,9,0,0,0,0,0,1,1,5,1,8,7,,
6810,1983,Graduation,Divorced,"$82,025.00 ",0,0,5/28/13,43,36-45,76,0,$267.00 ,$98.00 ,$606.00 ,$48.00 ,$70.00 ,$98.00 ,1,0,0,0,0,1,1,2,3,2,6,1,,
6815,1980,2n Cycle,Married,"$96,547.00 ",0,0,5/23/14,46,46-55,4,0,$448.00 ,$21.00 ,$125.00 ,$52.00 ,$101.00 ,$62.00 ,0,1,0,1,0,1,1,4,7,6,8,2,,
6818,1974,Graduation,Married,"$44,989.00 ",0,1,12/9/12,52,46-55,26,0,$98.00 , $-   ,$106.00 ,$49.00 ,$10.00 ,$106.00 ,5,0,0,0,0,0,0,0,5,1,5,6,,
6825,1953,Graduation,Together,"$41,452.00 ",1,1,6/3/13,73,56+,86,0,$13.00 , $-   ,$3.00 , $-   , $-   , $-   ,1,0,0,0,0,0,0,0,1,0,2,7,,
6853,1982,Master,Single,"$75,777.00 ",0,0,4/7/13,44,36-45,12,0,$712.00 ,$26.00 ,$538.00 ,$69.00 ,$13.00 ,$80.00 ,1,0,0,0,1,1,1,3,3,6,11,1,,
6856,1979,Graduation,Together,"$21,645.00 ",1,0,3/9/12,47,46-55,75,0,$14.00 , $-   ,$23.00 ,$4.00 ,$5.00 ,$19.00 ,3,0,0,0,0,0,1,1,3,0,3,9,,
6859,1987,Graduation,Single,"$29,236.00 ",1,0,8/10/13,39,36-45,30,0,$37.00 ,$4.00 ,$24.00 ,$16.00 ,$9.00 ,$9.00 ,2,0,0,0,0,0,0,0,4,0,3,9,,
6862,1971,Graduation,Divorced,"$1,730.00 ",0,0,5/18/14,55,46-55,65,0,$1.00 ,$1.00 ,$3.00 ,$1.00 ,$1.00 ,$1.00 ,15,0,0,0,0,0,0,0,0,0,0,20,,
6864,1989,Master,Divorced,"$10,979.00 ",0,0,5/22/14,37,36-45,34,0,$8.00 ,$4.00 ,$10.00 ,$2.00 ,$2.00 ,$4.00 ,2,0,0,0,0,0,0,0,3,0,3,5,,
6866,1969,Master,Together,"$35,924.00 ",1,1,3/23/14,57,56+,56,0,$8.00 , $-   ,$14.00 ,$2.00 ,$3.00 ,$7.00 ,1,0,0,0,0,0,0,0,1,0,3,5,,
6870,1959,PhD,Divorced,"$68,805.00 ",0,1,9/17/13,67,56+,73,0,$182.00 ,$2.00 ,$49.00 ,$17.00 ,$13.00 ,$20.00 ,1,0,0,0,0,0,0,0,3,1,7,2,,
6872,1974,PhD,Married,"$65,352.00 ",0,1,8/21/13,52,46-55,43,0,$284.00 ,$3.00 ,$84.00 ,$4.00 ,$7.00 ,$23.00 ,2,0,0,0,0,0,0,0,4,2,8,4,,
6875,1965,PhD,Together,"$32,727.00 ",0,0,8/28/12,61,56+,38,0,$167.00 ,$13.00 ,$180.00 ,$86.00 ,$13.00 ,$70.00 ,2,0,0,0,0,0,0,0,7,3,5,8,,
6878,1954,Graduation,Widow,"$27,421.00 ",0,0,12/12/12,72,56+,14,0,$43.00 ,$12.00 ,$96.00 ,$78.00 ,$40.00 ,$55.00 ,3,0,0,0,0,0,0,0,4,1,6,7,,
6885,1977,Graduation,Divorced,"$32,952.00 ",1,0,1/12/13,49,46-55,36,0,$38.00 , $-   ,$12.00 ,$3.00 ,$1.00 ,$1.00 ,1,0,0,0,0,0,0,0,2,0,3,7,,
6887,1967,Graduation,Single,"$79,146.00 ",1,1,4/24/14,59,56+,33,0,$245.00 ,$16.00 ,$223.00 ,$21.00 ,$43.00 ,$16.00 ,2,0,0,0,0,0,0,0,8,1,8,6,,
6892,1968,Graduation,Divorced,"$61,671.00 ",0,1,3/6/14,58,56+,23,0,$641.00 ,$7.00 ,$56.00 , $-   , $-   ,$28.00 ,8,1,0,0,1,0,0,2,10,4,6,8,,
6905,1994,Graduation,Together,"$80,685.00 ",0,0,8/22/12,32,26-35,55,0,$241.00 ,$45.00 ,$604.00 ,$34.00 ,$26.00 ,$54.00 ,1,0,0,0,0,0,0,0,6,4,10,2,,
6906,1953,Master,Widow,"$84,953.00 ",0,0,3/6/13,73,56+,73,0,$167.00 ,$48.00 ,$602.00 ,$63.00 ,$72.00 ,$72.00 ,1,1,0,0,1,1,1,4,3,10,4,2,,
6912,1967,PhD,Married,"$63,246.00 ",0,2,8/20/13,59,56+,60,0,$593.00 ,$30.00 ,$91.00 ,$29.00 ,$22.00 ,$7.00 ,1,0,0,0,0,0,0,0,6,3,12,4,,
6918,1989,Graduation,Married,"$28,691.00 ",1,0,4/7/13,37,36-45,56,0,$5.00 ,$4.00 ,$13.00 ,$8.00 , $-   ,$4.00 ,1,0,0,0,0,0,0,0,1,0,3,8,,
6919,1978,2n Cycle,Married,"$26,224.00 ",1,0,4/6/13,48,46-55,39,0,$4.00 ,$7.00 ,$15.00 ,$13.00 ,$9.00 ,$15.00 ,3,0,0,0,0,0,0,0,2,1,3,6,,
6927,1968,PhD,Married,"$44,377.00 ",1,1,5/10/12,58,56+,70,0,$224.00 , $-   ,$30.00 , $-   , $-   ,$10.00 ,8,0,0,0,0,0,0,0,5,1,5,8,,
6931,1967,Graduation,Divorced,"$76,982.00 ",0,0,2/15/14,59,56+,19,0,$464.00 ,$151.00 ,$292.00 ,$65.00 ,$60.00 ,$30.00 ,1,0,0,0,0,1,1,2,8,3,4,4,,
6932,1941,PhD,Married,"$93,027.00 ",0,0,4/13/13,85,56+,77,0,"$1,285.00 ",$42.00 ,$716.00 ,$55.00 , $-   ,$21.00 ,0,0,0,0,0,1,0,1,7,10,5,2,,
6935,1951,2n Cycle,Married,"$78,497.00 ",0,0,1/12/13,75,56+,44,0,$207.00 ,$26.00 ,$447.00 ,$75.00 , $-   ,$223.00 ,1,1,0,0,0,0,0,1,5,7,12,2,,
6940,1966,PhD,Single,"$46,734.00 ",1,2,10/21/13,60,56+,86,0,$100.00 ,$1.00 ,$39.00 ,$6.00 ,$1.00 ,$76.00 ,4,0,0,1,0,0,0,1,3,2,3,6,,
6941,1971,Graduation,Single,"$31,632.00 ",0,0,7/14/13,55,46-55,92,0,$17.00 ,$8.00 ,$12.00 ,$11.00 ,$15.00 ,$32.00 ,1,0,0,0,0,0,0,0,2,1,2,7,,
6945,1952,Graduation,Single,"$84,574.00 ",0,0,4/6/13,74,56+,72,0,$387.00 ,$20.00 ,$713.00 ,$38.00 ,$54.00 ,$163.00 ,1,0,0,0,0,0,0,0,9,11,11,5,,
6950,1958,Master,Married,"$49,572.00 ",1,1,12/15/13,68,56+,25,0,$35.00 ,$1.00 ,$16.00 , $-   ,$1.00 ,$1.00 ,2,0,0,0,0,0,0,0,2,0,3,7,,
6958,1977,Master,Married,"$27,889.00 ",1,0,5/7/13,49,46-55,42,0,$14.00 , $-   ,$4.00 , $-   , $-   ,$8.00 ,1,0,0,0,0,0,0,0,1,1,2,6,,
6961,1974,Graduation,Married,"$26,751.00 ",2,0,5/22/14,52,46-55,26,0,$1.00 ,$1.00 ,$5.00 , $-   ,$3.00 ,$1.00 ,1,0,0,0,0,0,0,0,1,0,2,8,,
6963,1947,Graduation,Single,"$77,457.00 ",0,0,5/3/14,79,56+,85,0,$675.00 ,$11.00 ,$400.00 ,$15.00 ,$45.00 ,$11.00 ,1,0,0,0,0,1,0,1,2,5,10,1,,
6969,1982,Graduation,Together,"$50,272.00 ",1,0,7/8/13,44,36-45,75,0,$99.00 ,$13.00 ,$66.00 ,$43.00 ,$8.00 ,$4.00 ,3,0,0,0,0,0,0,0,4,1,5,7,,
6974,1972,PhD,Together,"$83,443.00 ",0,0,12/31/13,54,46-55,89,0,$518.00 ,$42.00 ,$742.00 ,$55.00 ,$56.00 ,$84.00 ,1,0,0,0,0,0,0,0,6,10,5,2,,
6977,1974,Graduation,Together,"$75,702.00 ",0,1,10/14/12,52,46-55,87,0,"$1,073.00 ", $-   ,$629.00 ,$145.00 ,$37.00 ,$37.00 ,1,0,0,0,0,1,0,1,10,5,13,6,,
6982,1976,Graduation,Married,"$74,068.00 ",0,0,3/19/13,50,46-55,14,0,$783.00 ,$30.00 ,$537.00 ,$140.00 ,$76.00 ,$15.00 ,1,0,0,0,0,0,0,0,4,10,9,2,,
6983,1950,Master,Divorced,"$38,054.00 ",1,1,1/5/14,76,56+,24,0,$23.00 ,$2.00 ,$17.00 ,$2.00 ,$1.00 , $-   ,2,0,0,0,0,0,0,0,2,0,3,7,,
6988,1986,Graduation,Married,"$71,952.00 ",1,0,10/1/13,40,36-45,93,0,$656.00 ,$80.00 ,$455.00 ,$52.00 ,$107.00 ,$93.00 ,2,0,0,1,0,1,0,2,8,4,8,4,,
6991,1951,Graduation,Divorced,"$43,185.00 ",0,1,10/4/13,75,56+,88,0,$537.00 ,$6.00 ,$42.00 ,$16.00 ,$6.00 ,$30.00 ,2,0,0,0,0,0,0,0,9,3,6,8,,
6999,1980,Master,Married,"$69,661.00 ",0,0,5/13/14,46,46-55,80,0,$656.00 ,$16.00 ,$106.00 ,$32.00 ,$16.00 ,$8.00 ,1,0,0,0,0,0,0,0,7,3,12,3,,
7000,1972,2n Cycle,Single,"$65,704.00 ",0,0,10/13/13,54,46-55,18,0,$279.00 ,$172.00 ,$74.00 ,$38.00 ,$8.00 ,$246.00 ,1,0,0,0,0,0,0,0,2,10,10,1,,
7002,1955,Graduation,Single,"$62,535.00 ",0,1,3/10/13,71,56+,13,0,$163.00 ,$48.00 ,$90.00 , $-   ,$45.00 ,$52.00 ,1,0,0,0,0,0,0,0,3,2,8,3,,
7004,1984,Graduation,Single,"$11,012.00 ",1,0,3/16/13,42,36-45,82,0,$24.00 ,$3.00 ,$26.00 ,$7.00 ,$1.00 ,$23.00 ,3,0,0,1,0,0,0,1,3,1,2,9,,
7005,1981,Graduation,Single,"$58,684.00 ",0,0,6/16/14,45,36-45,71,0,$479.00 ,$35.00 ,$179.00 ,$28.00 ,$7.00 ,$85.00 ,1,0,0,0,1,0,0,1,5,3,12,2,,
7007,1968,Master,Married,"$29,543.00 ",2,0,1/4/14,58,56+,47,0,$17.00 ,$3.00 ,$18.00 ,$3.00 ,$4.00 ,$18.00 ,2,0,0,0,0,0,0,0,3,1,2,7,,
7010,1965,2n Cycle,Married,"$70,924.00 ",0,0,7/4/14,61,56+,41,0,$635.00 ,$114.00 ,$254.00 ,$132.00 ,$152.00 ,$76.00 ,1,0,0,0,0,1,0,1,6,6,7,3,,
7011,1973,Graduation,Married,"$33,471.00 ",1,0,12/10/12,53,46-55,47,0,$43.00 ,$2.00 ,$27.00 , $-   ,$9.00 ,$12.00 ,3,0,0,0,0,0,0,0,3,0,4,7,,
7019,1963,Graduation,Together,"$54,414.00 ",1,1,1/23/13,63,56+,49,0,$109.00 ,$18.00 ,$16.00 ,$24.00 ,$26.00 ,$18.00 ,4,0,0,0,0,0,0,0,3,1,5,4,,
7022,1971,Graduation,Married,"$76,445.00 ",1,0,9/28/12,55,46-55,2,0,$739.00 ,$107.00 ,$309.00 ,$140.00 ,$80.00 ,$35.00 ,1,0,0,0,0,0,0,0,2,5,13,6,,
7023,1953,PhD,Single,"$46,231.00 ",2,1,11/26/12,73,56+,87,0,$189.00 ,$2.00 ,$55.00 , $-   ,$5.00 ,$12.00 ,4,0,0,0,0,0,0,0,6,1,4,9,,
7030,1955,PhD,Married,"$66,465.00 ",0,1,3/30/13,71,56+,1,0,"$1,200.00 ", $-   ,$204.00 ,$38.00 ,$29.00 ,$14.00 ,3,1,0,0,0,0,0,1,11,9,12,6,,
7034,1978,2n Cycle,Married,"$25,804.00 ",1,0,1/9/13,48,46-55,34,0,$8.00 ,$7.00 ,$9.00 ,$13.00 ,$6.00 ,$12.00 ,2,0,0,0,0,0,0,0,2,0,3,8,,
7037,1974,PhD,Married,"$37,087.00 ",1,0,11/8/13,52,46-55,50,0,$194.00 ,$55.00 ,$134.00 ,$15.00 , $-   ,$3.00 ,3,0,0,0,0,0,0,0,4,2,8,6,,
7042,1983,Graduation,Married,"$36,790.00 ",0,0,1/3/13,43,36-45,14,0,$3.00 ,$3.00 ,$14.00 ,$15.00 ,$21.00 ,$10.00 ,1,0,0,0,0,0,1,1,2,1,2,9,,
7053,1966,PhD,Single,"$78,420.00 ",0,0,6/29/13,60,56+,75,0,$604.00 ,$28.00 ,$674.00 ,$91.00 ,$28.00 ,$28.00 ,1,0,0,0,0,0,0,0,3,10,8,1,,
7055,1952,PhD,Together,"$61,010.00 ",0,1,9/10/12,74,56+,57,0,$888.00 , $-   ,$57.00 , $-   , $-   ,$76.00 ,2,0,0,0,0,0,0,0,8,5,11,5,,
7059,1963,Graduation,Married,"$80,124.00 ",0,0,6/26/14,63,56+,47,0,$483.00 ,$84.00 ,$398.00 ,$205.00 ,$84.00 ,$241.00 ,1,0,0,1,0,0,0,1,3,7,8,1,,
7072,1973,Graduation,Married,"$67,432.00 ",0,1,3/29/13,53,46-55,69,0,$432.00 ,$79.00 ,$341.00 ,$177.00 ,$136.00 ,$170.00 ,2,0,0,0,0,0,0,0,8,5,4,4,,
7079,1962,Graduation,Divorced,"$63,887.00 ",0,1,8/9/12,64,56+,38,0,$897.00 ,$23.00 ,$207.00 ,$15.00 ,$11.00 ,$92.00 ,5,0,0,0,0,0,0,0,9,6,12,6,,
7093,1985,Graduation,Married,"$19,986.00 ",1,0,11/14/13,41,36-45,74,0,$3.00 ,$6.00 ,$5.00 , $-   ,$2.00 ,$6.00 ,1,0,0,0,0,0,0,0,0,0,3,7,,
7094,1975,Graduation,Widow,"$58,330.00 ",0,1,12/25/13,51,46-55,87,0,$445.00 ,$53.00 ,$213.00 ,$104.00 ,$98.00 ,$151.00 ,1,0,0,0,0,0,0,0,6,4,13,4,,
7101,1963,PhD,Widow,"$52,278.00 ",0,1,1/25/13,63,56+,24,0,$953.00 , $-   ,$71.00 , $-   , $-   ,$174.00 ,6,0,0,0,0,0,0,0,10,5,10,8,,
7106,1943,PhD,Married,"$75,865.00 ",0,0,3/31/14,83,56+,73,0,$483.00 , $-   ,$591.00 ,$156.00 , $-   ,$12.00 ,1,0,0,0,0,0,0,0,3,5,10,1,,
7108,1965,Master,Widow,"$51,390.00 ",1,1,8/9/12,61,56+,54,0,$205.00 ,$20.00 ,$47.00 ,$23.00 ,$2.00 ,$56.00 ,6,0,0,0,0,0,0,0,5,2,5,5,,
7118,1957,Graduation,Married,"$73,803.00 ",0,1,1/8/12,69,56+,61,0,$833.00 ,$80.00 ,$363.00 ,$52.00 ,$26.00 ,$174.00 ,2,0,0,1,0,0,1,2,9,5,6,6,,
7119,1982,Graduation,Single,"$68,627.00 ",0,0,12/1/13,44,36-45,45,0,$395.00 ,$15.00 ,$263.00 ,$60.00 ,$54.00 ,$38.00 ,1,0,0,0,0,0,0,0,2,3,6,1,,
7124,1968,Graduation,Divorced,"$36,997.00 ",1,1,1/2/13,58,56+,72,0,$43.00 ,$4.00 ,$12.00 ,$8.00 , $-   ,$27.00 ,5,0,0,0,0,0,0,0,2,1,4,5,,
7128,1977,PhD,Single,"$42,997.00 ",1,1,7/12/13,49,46-55,91,0,$4.00 , $-   ,$5.00 , $-   ,$1.00 ,$5.00 ,1,0,0,0,0,0,0,0,1,0,2,7,,
7129,1962,PhD,Married,"$54,693.00 ",0,1,2/17/13,64,56+,72,0,$686.00 ,$17.00 ,$142.00 ,$23.00 ,$26.00 ,$35.00 ,8,0,0,0,0,0,0,0,6,4,13,6,,
7141,1986,Master,Single,"$21,888.00 ",1,0,12/29/12,40,36-45,15,0,$88.00 ,$10.00 ,$46.00 ,$2.00 ,$3.00 ,$64.00 ,4,0,0,0,0,0,1,1,5,1,2,10,,
7143,1955,2n Cycle,Together,"$74,805.00 ",0,1,6/11/13,71,56+,14,0,$209.00 ,$162.00 ,$209.00 ,$41.00 ,$162.00 ,$37.00 ,5,0,0,0,0,0,0,0,4,7,10,2,,
7152,1983,Master,Married,"$27,100.00 ",1,0,5/4/13,43,36-45,64,0,$12.00 , $-   ,$13.00 ,$2.00 , $-   ,$10.00 ,1,0,0,0,0,0,0,0,1,0,3,7,,
7165,1972,Graduation,Together,"$64,474.00 ",0,1,10/22/13,54,46-55,59,0,$381.00 ,$35.00 ,$172.00 ,$56.00 ,$86.00 ,$93.00 ,2,0,0,0,0,0,0,0,8,2,10,5,,
7181,1977,Graduation,Married,"$30,368.00 ",0,1,7/11/13,49,46-55,97,0,$35.00 , $-   ,$13.00 ,$2.00 , $-   ,$2.00 ,2,0,0,0,0,0,0,0,2,0,3,8,,
7186,1966,PhD,Together,"$30,843.00 ",1,1,5/26/14,60,56+,43,0,$24.00 , $-   ,$2.00 , $-   , $-   ,$9.00 ,2,0,0,1,0,0,0,1,1,1,2,5,,
7187,1969,Master,Together,,1,1,5/18/13,57,56+,52,0,$375.00 ,$42.00 ,$48.00 ,$94.00 ,$66.00 ,$96.00 ,7,0,0,0,0,0,0,0,4,10,4,3,,
7192,1955,Graduation,Together,"$65,748.00 ",0,1,4/15/13,71,56+,58,1,$172.00 ,$73.00 ,$93.00 ,$95.00 ,$78.00 ,$34.00 ,2,0,0,0,0,0,0,0,2,4,10,1,,
7196,1950,PhD,Married,"$41,145.00 ",1,1,8/2/14,76,56+,20,0,$9.00 , $-   ,$3.00 , $-   , $-   ,$1.00 ,1,0,0,0,0,0,0,0,0,0,3,3,,
7212,1966,Graduation,Married,"$44,794.00 ",0,1,8/6/14,60,56+,99,0,$54.00 , $-   ,$7.00 , $-   , $-   ,$4.00 ,1,0,0,0,0,0,0,0,2,0,3,6,,
7214,1957,Graduation,Married,"$62,187.00 ",0,0,5/7/13,69,56+,49,0,$792.00 , $-   ,$275.00 ,$45.00 ,$45.00 ,$126.00 ,1,0,0,0,0,0,0,0,4,8,5,3,,
7215,1983,Graduation,Single,"$101,970.00 ",0,0,12/3/13,43,36-45,69,0,$722.00 ,$27.00 ,$102.00 ,$44.00 ,$72.00 ,$168.00 ,0,1,0,0,1,1,1,4,6,8,13,2,,
7224,1977,Graduation,Married,"$31,353.00 ",1,1,12/29/13,49,46-55,24,0,$10.00 , $-   ,$10.00 ,$3.00 ,$1.00 ,$7.00 ,2,0,0,0,0,0,0,0,1,1,2,8,,
7230,1960,PhD,Divorced,"$50,611.00 ",0,1,4/10/12,66,56+,98,0,$459.00 , $-   ,$24.00 ,$6.00 , $-   ,$4.00 ,6,0,0,0,1,0,1,2,4,5,7,6,,
7232,1973,Graduation,Widow,"$42,429.00 ",0,1,11/2/14,53,46-55,99,0,$55.00 , $-   ,$6.00 ,$2.00 , $-   ,$4.00 ,2,0,0,0,0,0,0,0,1,1,3,5,,
7233,1972,Graduation,Married,"$69,209.00 ",0,0,9/17/12,54,46-55,4,0,$496.00 ,$32.00 ,$849.00 ,$229.00 ,$48.00 ,$128.00 ,2,1,0,0,0,0,0,1,5,3,6,4,,
7235,1975,2n Cycle,Married,"$17,003.00 ",1,0,9/12/13,51,46-55,37,0,$2.00 ,$5.00 ,$12.00 ,$4.00 ,$8.00 ,$7.00 ,3,0,0,0,0,0,0,0,2,0,4,5,,
7244,1951,Graduation,Single,,2,1,1/1/14,75,56+,96,0,$48.00 ,$5.00 ,$48.00 ,$6.00 ,$10.00 ,$7.00 ,3,0,0,0,0,0,0,0,2,1,4,6,,
7247,1960,Graduation,Widow,"$47,916.00 ",0,1,11/22/12,66,56+,72,0,$505.00 , $-   ,$26.00 , $-   , $-   ,$75.00 ,5,0,0,0,1,0,0,1,7,4,6,6,,
7250,1978,Graduation,Together,"$57,867.00 ",1,0,1/10/13,48,46-55,48,0,$344.00 ,$35.00 ,$178.00 ,$15.00 ,$23.00 ,$17.00 ,7,0,0,0,0,0,0,0,7,2,9,6,,
7254,1969,Graduation,Together,"$38,361.00 ",1,0,12/27/13,57,56+,74,0,$39.00 , $-   ,$56.00 ,$20.00 ,$8.00 ,$14.00 ,3,0,0,0,0,0,0,0,3,1,3,7,,
7261,1971,Graduation,Together,"$34,600.00 ",1,1,1/1/13,55,46-55,8,0,$199.00 ,$33.00 ,$60.00 ,$8.00 ,$3.00 ,$15.00 ,5,0,0,0,0,0,1,1,5,2,5,8,,
7264,1978,2n Cycle,Single,"$52,195.00 ",2,1,12/5/14,48,46-55,2,0,$12.00 , $-   ,$4.00 , $-   , $-   ,$1.00 ,1,0,0,0,0,0,0,0,1,0,2,8,,
7270,1981,Graduation,Divorced,"$56,981.00 ",0,0,1/25/14,45,36-45,91,0,$908.00 ,$48.00 ,$217.00 ,$32.00 ,$12.00 ,$24.00 ,1,0,0,0,1,0,0,1,2,3,13,6,,
7274,1957,Graduation,Married,"$78,618.00 ",0,0,9/28/12,69,56+,87,0,$736.00 ,$163.00 ,$818.00 ,$212.00 ,$163.00 ,$61.00 ,1,0,0,0,1,0,0,1,4,7,10,2,,
7275,1971,Master,Single,"$33,316.00 ",1,1,4/10/13,55,46-55,34,0,$79.00 ,$1.00 ,$31.00 ,$4.00 ,$4.00 ,$12.00 ,3,0,0,0,0,0,0,0,2,1,4,6,,
7279,1969,PhD,Together,"$69,476.00 ",0,0,9/30/13,57,56+,3,0,$260.00 ,$86.00 ,$559.00 ,$63.00 ,$9.00 ,$67.00 ,1,0,0,0,0,0,0,0,4,6,4,2,,
7281,1959,PhD,Single,,0,0,5/11/13,67,56+,80,0,$81.00 ,$11.00 ,$50.00 ,$3.00 ,$2.00 ,$39.00 ,1,0,0,0,0,0,0,0,1,3,4,2,,
7284,1953,Graduation,Married,"$48,686.00 ",1,2,4/12/13,73,56+,8,0,$10.00 , $-   ,$7.00 ,$2.00 , $-   ,$1.00 ,1,0,0,0,0,0,0,0,1,0,2,8,,
7286,1968,Graduation,Together,"$41,728.00 ",1,0,5/24/13,58,56+,92,0,$13.00 ,$6.00 ,$15.00 ,$3.00 ,$5.00 ,$13.00 ,1,0,0,0,0,0,0,0,2,0,2,10,,
7290,1985,Graduation,Single,"$70,596.00 ",0,0,5/10/12,41,36-45,68,0,$347.00 ,$44.00 ,$534.00 ,$17.00 , $-   ,$26.00 ,1,0,0,0,0,0,0,0,3,5,12,2,,
7297,1973,Graduation,Single,"$7,500.00 ",1,0,12/26/13,53,46-55,54,0,$5.00 ,$3.00 ,$10.00 ,$12.00 ,$7.00 ,$20.00 ,4,0,0,0,0,0,0,0,3,1,3,7,,
7300,1952,Graduation,Divorced,"$69,142.00 ",0,1,6/29/14,74,56+,50,0,$448.00 ,$4.00 ,$34.00 ,$6.00 ,$4.00 ,$39.00 ,3,0,0,0,1,0,0,1,8,1,7,5,,
7301,1982,2n Cycle,Single,"$23,616.00 ",1,0,11/17/12,44,36-45,76,0,$4.00 ,$22.00 ,$11.00 ,$3.00 ,$7.00 ,$32.00 ,2,0,0,0,0,0,1,1,3,0,3,8,,
7313,1949,2n Cycle,Widow,"$74,859.00 ",0,0,3/6/13,77,56+,63,0,$570.00 ,$73.00 ,$614.00 ,$133.00 ,$102.00 ,$73.00 ,1,1,0,0,0,0,0,1,6,5,11,3,,
7321,1962,Graduation,Together,"$76,081.00 ",0,0,5/23/14,64,56+,85,0,$292.00 ,$30.00 ,$415.00 ,$63.00 ,$33.00 ,$200.00 ,1,1,0,0,0,0,0,1,4,5,4,2,,
7325,1986,PhD,Together,"$38,197.00 ",1,0,6/29/13,40,36-45,86,0,$23.00 , $-   ,$11.00 ,$2.00 ,$1.00 ,$3.00 ,1,0,0,0,0,0,0,0,1,0,3,5,,
7326,1971,Master,Married,"$56,850.00 ",0,1,3/23/14,55,46-55,83,0,$34.00 ,$1.00 ,$19.00 ,$2.00 ,$7.00 , $-   ,1,0,0,0,0,0,0,0,1,1,3,2,,
7327,1959,PhD,Married,"$36,732.00 ",1,1,12/29/13,67,56+,71,0,$21.00 ,$5.00 ,$3.00 ,$10.00 ,$1.00 ,$7.00 ,3,0,0,0,0,0,0,0,1,1,4,2,,
7342,1961,2n Cycle,Widow,"$59,184.00 ",0,1,9/9/12,65,56+,6,0,$341.00 ,$142.00 ,$113.00 ,$259.00 ,$151.00 ,$66.00 ,3,0,0,0,0,0,0,0,6,6,12,5,,
7348,1958,PhD,Single,"$71,691.00 ",0,0,3/17/14,68,56+,0,0,$336.00 ,$130.00 ,$411.00 ,$240.00 ,$32.00 ,$43.00 ,1,0,0,0,0,0,1,1,4,7,5,2,,
7349,1973,Basic,Together,"$9,722.00 ",1,0,2/10/12,53,46-55,7,0,$6.00 ,$17.00 ,$16.00 ,$6.00 ,$16.00 ,$42.00 ,4,0,0,0,0,0,1,1,3,1,3,8,,
7352,1957,Graduation,Married,"$55,267.00 ",0,1,10/21/13,69,56+,28,0,$161.00 ,$28.00 ,$136.00 ,$32.00 ,$3.00 ,$45.00 ,4,0,0,0,0,0,0,0,3,4,6,3,,
7366,1982,Master,Single,"$75,777.00 ",0,0,4/7/13,44,36-45,12,0,$712.00 ,$26.00 ,$538.00 ,$69.00 ,$13.00 ,$80.00 ,1,0,0,0,1,1,1,3,3,6,11,1,,
7369,1981,Master,Married,"$36,959.00 ",1,0,2/10/13,45,36-45,56,0,$25.00 ,$6.00 ,$25.00 ,$6.00 , $-   , $-   ,2,0,0,0,0,0,0,0,2,0,3,8,,
7373,1952,PhD,Divorced,"$46,610.00 ",0,2,10/29/12,74,56+,8,0,$96.00 ,$12.00 ,$96.00 ,$33.00 ,$22.00 ,$43.00 ,6,0,0,0,0,0,1,1,4,1,6,6,,
7375,1976,Graduation,Together,"$51,369.00 ",0,1,10/25/12,50,46-55,84,0,$297.00 ,$7.00 ,$79.00 , $-   ,$11.00 ,$182.00 ,2,0,0,0,0,0,0,0,8,2,4,8,,
7378,1981,Master,Together,"$42,021.00 ",1,0,8/31/12,45,36-45,34,0,$393.00 ,$5.00 ,$136.00 ,$7.00 ,$5.00 ,$27.00 ,5,0,0,1,0,0,0,1,10,1,6,9,,
7381,1968,Graduation,Divorced,"$75,693.00 ",0,0,6/12/12,58,56+,10,0,$797.00 ,$153.00 ,$293.00 ,$72.00 ,$97.00 ,$30.00 ,1,1,0,0,1,1,1,4,11,4,6,4,,
7384,1951,Master,Together,"$39,767.00 ",0,0,7/21/13,75,56+,18,0,$113.00 ,$61.00 ,$204.00 ,$34.00 ,$26.00 ,$47.00 ,2,0,0,0,0,0,0,0,7,1,7,8,,
7386,1976,Graduation,Divorced,"$30,992.00 ",1,0,4/22/13,50,46-55,83,0,$17.00 , $-   ,$14.00 ,$7.00 ,$3.00 ,$2.00 ,1,0,0,0,0,0,0,0,1,0,3,7,,
7393,1978,Graduation,Together,"$41,580.00 ",1,1,10/12/12,48,46-55,15,0,$56.00 ,$5.00 ,$24.00 ,$4.00 , $-   ,$3.00 ,3,0,0,0,0,0,0,0,2,1,3,5,,
7396,1966,Graduation,Married,"$80,398.00 ",0,0,10/11/12,60,56+,92,0,$342.00 ,$51.00 ,$936.00 ,$207.00 ,$35.00 ,$26.00 ,1,0,0,0,0,1,0,1,5,8,12,3,,
7397,1951,Graduation,Single,"$49,090.00 ",0,1,7/19/13,75,56+,45,0,$494.00 ,$5.00 ,$82.00 ,$7.00 , $-   ,$100.00 ,3,0,0,0,0,0,0,0,7,2,9,7,,
7408,1952,PhD,Married,"$54,549.00 ",0,1,3/3/14,74,56+,8,0,$216.00 ,$2.00 ,$6.00 , $-   , $-   ,$9.00 ,2,0,0,0,0,0,0,0,5,1,4,7,,
7409,1970,Graduation,Together,"$53,187.00 ",1,0,10/26/13,56,56+,66,0,$211.00 ,$2.00 ,$30.00 ,$7.00 ,$7.00 ,$10.00 ,2,0,0,0,0,0,0,0,4,1,6,5,,
7411,1964,PhD,Married,"$31,686.00 ",1,1,5/6/14,62,56+,31,0,$11.00 , $-   ,$5.00 , $-   , $-   ,$1.00 ,2,0,0,0,0,0,0,0,1,0,3,6,,
7414,1971,Graduation,Married,"$43,824.00 ",1,1,9/15/12,55,46-55,18,0,$96.00 ,$1.00 ,$42.00 ,$12.00 ,$3.00 ,$32.00 ,4,0,0,0,0,0,0,0,3,1,4,8,,
7419,1968,Master,Divorced,"$27,071.00 ",1,0,4/23/14,58,56+,90,0,$8.00 ,$3.00 ,$19.00 , $-   ,$2.00 ,$3.00 ,2,0,0,0,0,0,0,0,2,0,3,6,,
7422,1987,Graduation,Single,"$46,923.00 ",1,0,8/22/12,39,36-45,90,0,$85.00 ,$44.00 ,$54.00 ,$102.00 ,$78.00 ,$6.00 ,3,0,0,0,0,0,0,0,5,1,7,7,,
7426,1971,2n Cycle,Married,"$54,690.00 ",1,1,7/11/13,55,46-55,76,0,$111.00 ,$16.00 ,$37.00 ,$7.00 ,$9.00 ,$18.00 ,3,0,0,0,0,0,0,0,3,1,5,3,,
7428,1975,Graduation,Together,"$80,144.00 ",0,0,9/30/13,51,46-55,47,0,$240.00 ,$132.00 ,$445.00 ,$250.00 ,$192.00 ,$108.00 ,1,0,0,0,0,0,0,0,3,7,8,1,,
7431,1991,PhD,Single,"$68,126.00 ",0,0,10/11/12,35,26-35,40,0,"$1,332.00 ",$17.00 ,$311.00 ,$23.00 ,$51.00 ,$86.00 ,1,0,0,0,1,0,1,2,7,4,5,9,,
7433,1985,Graduation,Single,"$29,760.00 ",1,0,8/29/12,41,36-45,87,0,$64.00 ,$4.00 ,$68.00 ,$7.00 ,$5.00 ,$17.00 ,4,0,0,0,0,0,0,0,3,1,4,8,,
7437,1988,Graduation,Single,"$27,938.00 ",1,0,4/28/14,38,36-45,31,0,$13.00 , $-   ,$8.00 ,$2.00 ,$1.00 ,$5.00 ,1,0,0,0,0,0,0,0,1,0,4,3,,
7441,1973,Graduation,Divorced,"$71,128.00 ",1,0,6/10/12,53,46-55,80,0,$958.00 ,$159.00 ,$447.00 ,$20.00 , $-   ,$31.00 ,3,0,0,0,0,0,0,0,2,10,12,7,,
7444,1969,Master,Married,"$42,169.00 ",1,1,10/19/13,57,56+,20,0,$19.00 , $-   ,$9.00 , $-   , $-   ,$2.00 ,2,0,0,0,0,0,0,0,1,0,3,8,,
7446,1967,Master,Together,"$62,513.00 ",0,1,9/9/13,59,56+,16,0,$520.00 ,$42.00 ,$98.00 , $-   ,$42.00 ,$14.00 ,2,0,0,0,0,0,0,0,6,4,10,6,,
7451,1960,Master,Single,"$98,777.00 ",0,0,2/17/14,66,56+,23,0,"$1,000.00 ",$19.00 ,$711.00 ,$125.00 ,$115.00 ,$38.00 ,0,0,0,0,1,0,0,1,4,6,9,1,,
7453,1954,Graduation,Single,"$36,130.00 ",0,1,2/2/13,72,56+,46,0,$157.00 ,$43.00 ,$127.00 ,$68.00 ,$56.00 ,$37.00 ,6,0,0,1,0,0,1,2,3,8,4,4,,
7458,1956,Master,Together,"$34,941.00 ",1,1,6/3/13,70,56+,26,0,$39.00 ,$2.00 ,$25.00 ,$4.00 ,$3.00 ,$24.00 ,2,0,0,0,0,0,0,0,3,0,3,8,,
7462,1954,Graduation,Single,"$22,507.00 ",0,0,11/24/12,72,56+,67,0,$68.00 , $-   ,$226.00 ,$51.00 ,$157.00 ,$68.00 ,3,0,0,0,0,0,0,0,10,2,4,9,,
7476,1964,Master,Single,"$63,972.00 ",0,1,2/12/12,62,56+,93,0,$928.00 ,$63.00 ,$254.00 , $-   ,$12.00 ,$12.00 ,4,0,0,0,1,0,0,1,5,4,10,4,,
7485,1950,PhD,Widow,"$56,551.00 ",1,1,7/5/14,76,56+,48,0,$67.00 ,$4.00 ,$32.00 ,$17.00 ,$2.00 ,$16.00 ,3,0,0,0,0,0,0,0,2,1,4,4,,
7488,1963,Master,Single,"$64,191.00 ",0,1,1/22/13,63,56+,30,0,$420.00 ,$15.00 ,$186.00 ,$151.00 ,$38.00 ,$15.00 ,3,0,0,0,0,0,0,0,5,3,13,3,,
7494,1950,PhD,Divorced,"$42,873.00 ",1,1,1/21/13,76,56+,11,0,$209.00 , $-   ,$40.00 ,$3.00 ,$2.00 ,$15.00 ,4,0,0,0,0,0,0,0,6,1,4,8,,
7495,1948,PhD,Married,"$56,223.00 ",0,1,12/20/13,78,56+,72,0,$77.00 ,$28.00 ,$31.00 ,$16.00 , $-   ,$4.00 ,2,0,0,0,0,0,0,0,2,1,5,4,,
7500,1967,Graduation,Single,"$79,146.00 ",1,1,4/24/14,59,56+,33,0,$245.00 ,$16.00 ,$223.00 ,$21.00 ,$43.00 ,$16.00 ,2,0,0,0,0,0,0,0,8,1,8,6,,
7503,1976,Graduation,Single,"$75,825.00 ",0,0,12/10/12,50,46-55,40,0,"$1,032.00 ",$105.00 ,$779.00 ,$137.00 ,$105.00 ,$51.00 ,0,0,0,1,0,0,1,2,5,8,9,4,,
7505,1957,PhD,Married,"$44,155.00 ",1,1,1/19/14,69,56+,24,0,$22.00 ,$1.00 ,$9.00 , $-   , $-   ,$14.00 ,1,0,0,0,0,0,0,0,1,1,2,4,,
7514,1956,2n Cycle,Together,"$54,342.00 ",1,1,3/7/13,70,56+,74,0,$84.00 ,$10.00 ,$34.00 ,$11.00 ,$10.00 ,$28.00 ,4,0,0,0,0,0,0,0,3,1,4,6,,
7516,1983,Graduation,Married,"$30,096.00 ",1,0,5/22/14,43,36-45,30,0,$5.00 ,$3.00 ,$11.00 ,$12.00 ,$5.00 ,$9.00 ,1,0,0,0,0,0,0,0,2,0,3,6,,
7521,1952,Graduation,Together,"$83,844.00 ",0,0,12/5/13,74,56+,57,0,$901.00 ,$31.00 ,$345.00 ,$75.00 ,$31.00 ,$191.00 ,1,0,0,0,0,1,0,1,4,4,11,1,,
7527,1968,Master,Divorced,"$23,748.00 ",1,0,11/21/12,58,56+,97,0,$6.00 ,$6.00 ,$29.00 ,$12.00 ,$15.00 ,$8.00 ,3,0,0,0,0,0,0,0,2,1,3,8,,
7530,1950,PhD,Widow,"$56,551.00 ",1,1,7/5/14,76,56+,48,0,$67.00 ,$4.00 ,$32.00 ,$17.00 ,$2.00 ,$16.00 ,3,0,0,0,0,0,0,0,2,1,4,4,,
7532,1980,Graduation,Married,"$43,586.00 ",0,1,8/30/12,46,46-55,26,0,$99.00 ,$2.00 ,$11.00 ,$4.00 , $-   ,$16.00 ,3,0,0,0,0,0,0,0,3,0,4,8,,
7533,1964,Graduation,Married,"$49,096.00 ",1,1,9/24/13,62,56+,15,0,$144.00 ,$1.00 ,$32.00 ,$2.00 ,$1.00 ,$7.00 ,4,0,0,0,0,0,0,0,4,1,4,7,,
7540,1952,Graduation,Married,"$50,300.00 ",0,1,5/25/14,74,56+,52,0,$143.00 ,$15.00 ,$60.00 ,$24.00 ,$23.00 ,$5.00 ,2,0,0,0,0,0,0,0,2,1,8,2,,
7573,1978,PhD,Single,"$31,626.00 ",1,0,10/5/13,48,46-55,12,0,$39.00 ,$1.00 ,$9.00 ,$2.00 ,$1.00 ,$34.00 ,1,0,0,1,0,0,1,2,2,1,2,7,,
7574,1979,PhD,Together,"$27,922.00 ",1,0,10/5/14,47,46-55,80,0,$11.00 , $-   ,$13.00 ,$2.00 ,$4.00 ,$11.00 ,1,0,0,0,0,0,0,0,2,0,3,4,,
7592,1946,PhD,Married,"$51,012.00 ",0,0,4/18/13,80,56+,86,0,$102.00 ,$9.00 ,$63.00 ,$2.00 ,$9.00 ,$24.00 ,1,0,0,0,0,0,0,0,4,1,4,6,,
7600,1992,Basic,Single,"$15,253.00 ",1,0,10/28/13,34,26-35,13,0,$1.00 ,$3.00 ,$3.00 ,$8.00 ,$1.00 ,$13.00 ,2,0,0,0,0,0,0,0,1,0,3,7,,
7610,1983,Graduation,Together,"$37,292.00 ",1,0,4/18/13,43,36-45,32,0,$275.00 , $-   ,$86.00 ,$10.00 ,$23.00 ,$66.00 ,5,0,0,0,0,0,0,0,6,3,5,8,,
7613,1974,2n Cycle,Together,"$49,669.00 ",1,0,5/24/14,52,46-55,97,0,$166.00 ,$5.00 ,$107.00 ,$11.00 ,$8.00 ,$29.00 ,2,0,0,0,0,0,0,0,5,1,6,6,,
7617,1974,Graduation,Single,"$42,373.00 ",1,1,8/15/13,52,46-55,83,0,$67.00 ,$5.00 ,$61.00 ,$3.00 ,$8.00 ,$19.00 ,5,0,0,0,0,0,0,0,2,1,5,5,,
7620,1990,Basic,Single,"$16,185.00 ",1,0,5/8/13,36,36-45,71,0,$5.00 ,$11.00 ,$16.00 ,$21.00 ,$8.00 ,$45.00 ,2,0,0,0,0,0,0,0,2,2,2,8,,
7627,1975,Master,Married,"$92,163.00 ",0,0,12/12/12,51,46-55,25,0,$817.00 ,$183.00 ,$797.00 ,$106.00 ,$163.00 ,$20.00 ,0,1,0,0,0,1,1,3,5,11,5,2,,
7628,1973,2n Cycle,Married,"$43,050.00 ",1,0,3/18/14,53,46-55,10,0,$30.00 ,$5.00 ,$24.00 ,$6.00 ,$3.00 ,$8.00 ,2,0,0,0,0,0,0,0,2,0,4,5,,
7629,1977,Graduation,Married,"$22,108.00 ",1,1,8/5/14,49,46-55,46,0,$5.00 ,$3.00 ,$9.00 ,$6.00 ,$2.00 ,$6.00 ,2,0,0,0,0,0,0,0,2,0,3,7,,
7631,1978,Master,Together,"$61,346.00 ",1,0,6/10/13,48,46-55,34,0,$562.00 ,$58.00 ,$168.00 ,$43.00 ,$16.00 ,$142.00 ,1,0,0,0,0,0,0,0,5,7,10,3,,
7646,1989,Graduation,Single,"$64,449.00 ",1,0,2/18/14,37,36-45,70,0,$218.00 ,$63.00 ,$282.00 ,$137.00 ,$35.00 ,$70.00 ,4,0,0,0,0,0,0,0,5,3,12,4,,
7660,1973,PhD,Single,"$35,860.00 ",1,1,5/19/14,53,46-55,37,0,$15.00 , $-   ,$8.00 ,$4.00 ,$2.00 ,$20.00 ,2,0,0,1,0,0,1,2,1,1,2,5,,
7679,1985,PhD,Single,"$30,298.00 ",0,0,5/19/14,41,36-45,48,0,$6.00 ,$3.00 ,$12.00 ,$6.00 ,$1.00 , $-   ,1,0,0,0,0,0,0,0,1,1,3,3,,
7683,1968,Master,Married,"$70,777.00 ",0,1,2/25/14,58,56+,80,0,$554.00 ,$35.00 ,$113.00 , $-   ,$7.00 ,$78.00 ,3,0,0,0,0,0,0,0,5,3,12,3,,
7685,1978,Graduation,Married,"$33,039.00 ",1,0,9/9/13,48,46-55,4,0,$30.00 ,$8.00 ,$12.00 ,$8.00 ,$8.00 ,$12.00 ,1,0,0,0,0,0,0,0,2,0,4,5,,
7698,1976,PhD,Married,"$51,650.00 ",0,1,11/5/14,50,46-55,81,0,$152.00 ,$3.00 ,$22.00 ,$2.00 ,$5.00 ,$7.00 ,1,0,0,0,0,0,0,0,4,1,4,5,,
7699,1969,Graduation,Widow,"$40,590.00 ",1,1,2/10/13,57,56+,30,0,$154.00 , $-   ,$50.00 ,$6.00 ,$11.00 ,$37.00 ,5,0,0,1,0,0,0,1,3,4,3,6,,
7706,1975,2n Cycle,Together,"$46,772.00 ",0,1,7/11/12,51,46-55,88,0,$350.00 ,$104.00 ,$189.00 ,$197.00 ,$151.00 ,$57.00 ,6,0,0,1,0,0,0,1,11,8,5,8,,
7712,1946,PhD,Single,"$62,159.00 ",0,0,4/28/14,80,56+,68,0,$182.00 ,$17.00 ,$259.00 ,$77.00 ,$70.00 ,$29.00 ,1,0,0,0,0,0,0,0,6,2,10,4,,
7718,1947,Master,Together,"$66,000.00 ",0,0,4/20/14,79,56+,36,0,$244.00 ,$51.00 ,$270.00 ,$101.00 , $-   ,$45.00 ,1,0,0,0,0,0,0,0,1,3,5,1,,
7723,1979,Graduation,Together,"$75,507.00 ",0,0,2/5/14,47,46-55,56,0,$709.00 ,$93.00 ,$374.00 ,$104.00 ,$80.00 ,$80.00 ,1,0,0,0,0,0,0,0,8,6,6,3,,
7725,1965,2n Cycle,Married,"$76,800.00 ",0,0,8/3/14,61,56+,33,0,$173.00 ,$26.00 ,$255.00 ,$35.00 ,$71.00 ,$81.00 ,1,0,0,0,0,0,0,0,4,4,7,1,,
7732,1978,Graduation,Married,"$64,813.00 ",1,0,2/1/14,48,46-55,81,0,$293.00 , $-   ,$124.00 ,$179.00 ,$97.00 ,$52.00 ,1,0,0,0,0,0,0,0,7,2,10,5,,
7736,1986,Graduation,Married,"$22,518.00 ",1,0,10/22/12,40,36-45,36,0,$11.00 ,$7.00 ,$12.00 ,$2.00 ,$2.00 ,$27.00 ,2,0,0,1,0,0,1,2,2,1,2,5,,
7755,1954,PhD,Married,"$57,744.00 ",0,1,12/11/13,72,56+,91,0,$350.00 ,$3.00 ,$39.00 , $-   , $-   ,$19.00 ,2,0,0,0,0,0,0,0,9,1,4,8,,
7761,1978,2n Cycle,Together,"$38,702.00 ",1,0,1/8/13,48,46-55,71,0,$13.00 ,$11.00 ,$24.00 ,$13.00 ,$8.00 ,$40.00 ,2,0,0,0,0,0,0,0,3,0,4,6,,
7786,1986,PhD,Single,"$29,999.00 ",1,0,2/13/13,40,36-45,22,0,$68.00 ,$7.00 ,$59.00 ,$10.00 ,$5.00 ,$11.00 ,4,0,0,0,0,0,0,0,3,1,4,8,,
7787,1960,Graduation,Together,"$62,807.00 ",0,1,8/31/12,66,56+,83,0,$526.00 ,$28.00 ,$135.00 ,$10.00 ,$21.00 ,$99.00 ,3,0,0,0,0,0,0,0,5,3,12,5,,
7788,1983,PhD,Married,"$23,536.00 ",1,0,4/6/14,43,36-45,53,0,$6.00 , $-   ,$3.00 , $-   , $-   ,$1.00 ,1,0,0,0,0,0,0,0,0,0,3,3,,
7789,1965,PhD,Married,"$84,618.00 ",0,0,11/22/13,61,56+,96,0,$684.00 ,$100.00 ,$801.00 ,$21.00 ,$66.00 , $-   ,1,0,0,0,0,1,0,1,6,9,10,2,,
7791,1967,Master,Married,"$37,054.00 ",1,1,9/15/13,59,56+,89,0,$12.00 ,$1.00 ,$6.00 , $-   ,$1.00 ,$5.00 ,2,0,0,0,0,0,0,0,1,0,3,7,,
7793,1976,Graduation,Together,"$62,061.00 ",0,1,8/31/13,50,46-55,12,0,$641.00 ,$7.00 ,$84.00 , $-   ,$30.00 ,$38.00 ,3,0,0,0,1,0,0,1,10,4,7,6,,
7798,1972,2n Cycle,Together,"$46,344.00 ",0,1,12/14/12,54,46-55,28,0,$233.00 ,$20.00 ,$57.00 ,$8.00 ,$20.00 ,$91.00 ,4,0,0,0,0,0,0,0,7,1,5,7,,
7801,1959,Graduation,Together,"$54,753.00 ",0,1,12/9/13,67,56+,87,0,$197.00 ,$107.00 ,$227.00 ,$7.00 ,$59.00 ,$131.00 ,3,0,0,0,0,0,0,0,5,2,11,4,,
7807,1974,Graduation,Married,"$44,989.00 ",0,1,12/9/12,52,46-55,26,0,$98.00 , $-   ,$106.00 ,$49.00 ,$10.00 ,$106.00 ,5,0,0,0,0,0,0,0,5,1,5,6,,
7822,1976,Graduation,Together,"$54,058.00 ",0,1,4/6/13,50,46-55,56,0,$198.00 ,$18.00 ,$252.00 ,$32.00 ,$108.00 ,$54.00 ,2,0,0,0,0,0,0,0,4,6,8,3,,
7828,1981,Master,Together,"$77,882.00 ",0,0,4/30/14,45,36-45,29,0,$68.00 ,$129.00 ,$396.00 ,$188.00 ,$22.00 ,$15.00 ,1,0,0,0,0,0,0,0,3,3,5,1,,
7829,1900,2n Cycle,Divorced,"$36,640.00 ",1,0,9/26/13,126,56+,99,1,$15.00 ,$6.00 ,$8.00 ,$7.00 ,$4.00 ,$25.00 ,1,0,0,0,0,0,0,0,2,1,2,5,,
7832,1959,Master,Married,"$77,520.00 ",0,1,8/28/13,67,56+,30,0,$940.00 ,$44.00 ,$396.00 , $-   ,$88.00 ,$58.00 ,1,1,0,1,0,1,1,4,8,7,7,4,,
7842,1968,Graduation,Single,"$36,065.00 ",1,1,3/31/13,58,56+,54,0,$18.00 ,$7.00 ,$34.00 ,$10.00 ,$2.00 ,$3.00 ,3,0,0,0,0,0,0,0,3,0,3,8,,
7848,1974,Graduation,Single,"$49,166.00 ",0,1,6/13/13,52,46-55,17,0,$224.00 ,$2.00 ,$25.00 ,$7.00 , $-   ,$110.00 ,2,0,0,0,0,0,0,0,5,3,3,6,,
7849,1970,PhD,Married,"$80,336.00 ",0,0,9/9/13,56,56+,12,0,$209.00 ,$19.00 ,$456.00 ,$160.00 ,$142.00 ,$66.00 ,1,0,0,0,0,0,0,0,2,9,13,1,,
7851,1949,Graduation,Widow,"$70,165.00 ",0,0,9/22/13,77,56+,60,0,$161.00 , $-   ,$253.00 ,$199.00 ,$191.00 ,$122.00 ,1,0,0,0,0,0,0,0,3,7,11,1,,
7861,1952,Master,Married,"$77,027.00 ",0,1,5/2/14,74,56+,23,0,$820.00 ,$57.00 ,$242.00 ,$45.00 , $-   ,$11.00 ,2,0,0,0,0,0,0,0,8,3,6,4,,
7872,1975,PhD,Married,"$86,836.00 ",0,0,12/9/12,51,46-55,7,0,$179.00 ,$21.00 ,$273.00 , $-   ,$21.00 ,$63.00 ,1,1,0,1,0,1,1,4,6,10,6,5,,
7873,1973,PhD,Together,"$63,516.00 ",1,1,6/7/13,53,46-55,30,0,$141.00 ,$11.00 ,$114.00 ,$15.00 ,$14.00 ,$5.00 ,4,0,0,0,0,0,0,0,4,1,7,5,,
7875,1949,Graduation,Married,"$72,025.00 ",0,0,4/29/14,77,56+,46,0,$967.00 , $-   ,$617.00 ,$43.00 ,$50.00 , $-   ,1,1,0,0,1,1,1,4,4,8,13,2,,
7881,1946,Master,Married,"$66,835.00 ",0,0,9/28/13,80,56+,21,0,$620.00 ,$26.00 ,$195.00 ,$34.00 ,$17.00 ,$141.00 ,1,0,0,0,0,0,0,0,6,4,13,2,,
7892,1969,Graduation,Single,"$18,589.00 ",0,0,2/1/13,57,56+,89,0,$6.00 ,$4.00 ,$25.00 ,$15.00 ,$12.00 ,$13.00 ,2,0,0,0,0,0,0,0,2,1,3,7,,
7899,1952,PhD,Married,"$77,610.00 ",0,1,10/29/12,74,56+,70,0,"$1,245.00 ",$33.00 ,$332.00 ,$21.00 ,$33.00 ,$16.00 ,2,0,0,0,0,0,0,0,4,7,4,7,,
7901,1971,Master,Married,"$34,109.00 ",0,1,6/11/13,55,46-55,39,0,$9.00 ,$1.00 ,$5.00 ,$2.00 ,$1.00 ,$4.00 ,1,0,0,0,0,0,0,0,0,0,3,4,,
7912,1978,Graduation,Married,"$38,136.00 ",1,0,4/22/13,48,46-55,69,0,$8.00 ,$15.00 ,$27.00 , $-   ,$20.00 ,$33.00 ,2,0,0,1,0,0,0,1,3,1,2,8,,
7919,1976,PhD,Together,"$72,335.00 ",0,0,8/13/12,50,46-55,2,0,"$1,285.00 ",$105.00 ,$653.00 ,$28.00 ,$21.00 , $-   ,1,0,0,0,0,0,1,1,10,4,8,8,,
7922,1951,PhD,Single,"$64,950.00 ",0,1,12/8/12,75,56+,29,0,$819.00 , $-   ,$72.00 ,$12.00 , $-   ,$63.00 ,2,0,0,0,1,0,0,1,11,2,10,7,,
7930,1969,Master,Single,"$26,877.00 ",0,0,8/19/13,57,56+,74,0,$101.00 ,$13.00 ,$76.00 ,$20.00 ,$18.00 ,$40.00 ,2,0,0,0,0,0,0,0,3,1,6,6,,
7937,1982,Graduation,Married,"$24,711.00 ",0,0,4/18/14,44,36-45,86,0,$10.00 ,$7.00 ,$25.00 ,$6.00 ,$3.00 ,$7.00 ,1,0,0,0,0,0,0,0,3,0,3,7,,
7938,1958,PhD,Together,"$51,518.00 ",0,1,3/10/13,68,56+,92,0,$350.00 ,$8.00 ,$66.00 ,$17.00 ,$4.00 ,$4.00 ,2,0,0,0,0,0,0,0,3,2,10,3,,
7943,1975,PhD,Married,"$36,663.00 ",1,0,4/25/14,51,46-55,40,0,$18.00 , $-   ,$6.00 ,$3.00 ,$3.00 ,$5.00 ,1,0,0,0,0,0,0,0,1,1,3,2,,
7947,1969,Graduation,Married,"$42,231.00 ",1,1,3/25/14,57,56+,99,0,$24.00 , $-   ,$8.00 , $-   ,$1.00 ,$4.00 ,1,0,0,0,0,0,0,0,1,0,3,5,,
7959,1961,Graduation,Married,"$79,410.00 ",0,0,5/29/14,65,56+,19,0,$658.00 ,$80.00 ,$483.00 ,$123.00 ,$13.00 ,$13.00 ,1,0,0,0,0,0,0,0,3,2,5,1,,
7960,1962,2n Cycle,Together,"$82,122.00 ",0,0,8/15/13,64,56+,89,0,$734.00 ,$22.00 ,$350.00 ,$151.00 ,$25.00 ,$100.00 ,1,0,0,0,0,1,0,1,3,9,13,1,,
7962,1987,PhD,Single,"$95,169.00 ",0,0,9/10/13,39,36-45,1,0,"$1,285.00 ",$21.00 ,$449.00 ,$106.00 ,$20.00 ,$20.00 ,1,1,0,0,0,1,1,3,4,3,4,1,,
7966,1959,Graduation,Single,"$80,982.00 ",1,1,8/1/13,67,56+,48,1,$505.00 ,$137.00 ,$401.00 ,$104.00 ,$22.00 ,$22.00 ,3,0,0,0,0,0,0,0,11,5,11,5,,
7972,1955,Graduation,Single,"$72,906.00 ",0,0,9/17/13,71,56+,79,0,$400.00 ,$32.00 ,$519.00 ,$71.00 ,$75.00 ,$54.00 ,1,0,0,0,0,0,0,0,3,4,9,1,,
7987,1969,Graduation,Married,"$65,747.00 ",0,1,7/3/14,57,56+,96,0,$346.00 ,$17.00 ,$48.00 ,$23.00 ,$13.00 ,$13.00 ,4,0,0,0,1,0,0,1,8,1,6,6,,
7990,1947,Graduation,Married,"$27,469.00 ",0,0,2/8/12,79,56+,2,0,$9.00 ,$1.00 ,$2.00 ,$3.00 ,$2.00 , $-   ,1,0,0,0,0,0,0,0,0,0,3,6,,
7998,1958,Graduation,Together,"$28,087.00 ",1,1,11/12/12,68,56+,77,0,$53.00 ,$8.00 ,$17.00 ,$13.00 , $-   ,$21.00 ,3,0,0,0,0,0,0,0,2,2,2,7,,
7999,1955,PhD,Together,"$75,261.00 ",0,0,4/23/13,71,56+,17,0,"$1,239.00 ",$17.00 ,$413.00 ,$23.00 ,$34.00 ,$17.00 ,1,0,0,0,1,1,1,3,5,6,5,2,,
8008,1983,Graduation,Together,"$36,075.00 ",1,0,9/12/13,43,36-45,54,0,$46.00 , $-   ,$30.00 ,$12.00 ,$1.00 ,$30.00 ,1,0,0,0,0,0,0,0,2,0,4,6,,
8015,1962,PhD,Divorced,"$85,696.00 ",0,0,3/5/13,64,56+,88,0,$714.00 ,$76.00 ,$395.00 ,$116.00 , $-   ,$12.00 ,1,0,0,0,0,0,1,1,4,6,9,1,,
8017,1981,2n Cycle,Married,"$51,111.00 ",1,1,6/19/14,45,36-45,83,0,$22.00 , $-   ,$19.00 ,$6.00 ,$5.00 ,$3.00 ,2,0,0,0,0,0,0,0,2,0,3,6,,
8026,1952,Graduation,Married,"$62,998.00 ",0,1,9/30/13,74,56+,10,0,$120.00 ,$58.00 ,$73.00 ,$65.00 ,$89.00 ,$58.00 ,5,0,0,0,0,0,0,0,5,4,5,5,,
8029,1988,Master,Single,"$90,247.00 ",0,0,4/29/14,38,36-45,27,0,"$1,184.00 ",$32.00 ,$352.00 ,$21.00 ,$16.00 ,$16.00 ,1,1,0,0,1,1,1,4,3,4,7,1,,
8036,1971,2n Cycle,Together,"$26,850.00 ",1,1,4/18/14,55,46-55,10,0,$31.00 ,$1.00 ,$13.00 ,$7.00 ,$2.00 ,$9.00 ,4,0,0,0,0,0,0,0,2,1,4,4,,
8041,1971,PhD,Widow,"$47,111.00 ",0,1,8/9/12,55,46-55,35,0,$595.00 ,$71.00 ,$153.00 ,$120.00 ,$112.00 ,$41.00 ,6,0,0,0,0,0,0,0,3,2,10,9,,
8070,1973,PhD,Married,"$54,222.00 ",0,1,1/3/14,53,46-55,98,0,$199.00 ,$12.00 ,$31.00 ,$3.00 ,$12.00 ,$7.00 ,1,0,0,0,0,0,0,0,3,3,5,3,,
8079,1982,Graduation,Married,"$22,448.00 ",1,0,2/26/14,44,36-45,86,0,$3.00 ,$1.00 ,$8.00 ,$23.00 ,$2.00 ,$18.00 ,3,0,0,0,0,0,0,0,2,1,3,3,,
8080,1986,Graduation,Single,"$26,816.00 ",0,0,8/17/12,40,36-45,50,0,$5.00 ,$1.00 ,$6.00 ,$3.00 ,$4.00 ,$3.00 ,1,0,0,0,0,0,0,0,0,0,3,4,,
8082,1971,Graduation,Married,"$25,721.00 ",1,0,5/21/13,55,46-55,75,0,$1.00 ,$3.00 ,$6.00 ,$3.00 ,$6.00 ,$15.00 ,1,0,0,0,0,0,1,1,1,1,2,7,,
8086,1959,Graduation,Married,"$42,243.00 ",1,1,11/12/13,67,56+,34,0,$48.00 , $-   ,$2.00 , $-   , $-   ,$5.00 ,2,0,0,0,0,0,0,0,2,0,3,7,,
8091,1956,Graduation,Married,"$63,943.00 ",0,1,2/9/12,70,56+,50,0,$423.00 ,$184.00 ,$368.00 ,$13.00 ,$97.00 ,$21.00 ,1,0,0,0,0,0,0,0,6,4,6,5,,
8093,1969,Master,Married,"$79,734.00 ",0,0,6/28/14,57,56+,72,0,$572.00 ,$8.00 ,$232.00 ,$23.00 ,$62.00 ,$17.00 ,1,1,0,0,0,0,0,1,4,3,6,1,,
8104,1951,PhD,Married,"$53,312.00 ",0,0,9/8/13,75,56+,32,0,$241.00 , $-   ,$12.00 , $-   , $-   ,$25.00 ,1,0,0,0,0,0,0,0,5,1,5,7,,
8132,1975,PhD,Married,"$60,631.00 ",1,1,5/4/13,51,46-55,88,0,$565.00 ,$6.00 ,$65.00 , $-   ,$6.00 ,$19.00 ,5,0,0,0,1,0,0,1,9,2,8,7,,
8135,1986,Master,Married,"$27,161.00 ",1,0,10/28/13,40,36-45,41,0,$7.00 ,$4.00 ,$23.00 ,$7.00 , $-   ,$11.00 ,1,0,0,0,0,0,0,0,1,0,3,7,,
8140,1973,Graduation,Together,"$22,682.00 ",1,0,3/10/13,53,46-55,51,0,$10.00 ,$14.00 ,$29.00 ,$4.00 ,$2.00 ,$36.00 ,3,0,0,0,0,0,0,0,2,1,4,4,,
8143,1985,PhD,Single,"$37,929.00 ",0,0,7/30/13,41,36-45,49,0,$202.00 ,$2.00 ,$46.00 ,$3.00 ,$2.00 ,$10.00 ,2,1,0,0,1,0,1,3,4,2,5,7,,
8146,1976,Master,Together,"$46,106.00 ",1,1,11/5/14,50,46-55,84,0,$30.00 , $-   ,$8.00 ,$2.00 , $-   ,$14.00 ,1,0,0,0,0,0,0,0,1,1,2,6,,
8147,1960,Graduation,Married,"$31,454.00 ",1,1,6/7/13,66,56+,40,0,$28.00 , $-   ,$11.00 , $-   , $-   ,$9.00 ,3,0,0,0,0,0,0,0,2,0,3,8,,
8148,1956,Master,Together,"$50,898.00 ",1,1,8/1/13,70,56+,88,0,$285.00 ,$28.00 ,$242.00 ,$55.00 ,$114.00 ,$135.00 ,13,0,0,0,0,0,0,0,6,2,12,5,,
8151,1990,Basic,Married,"$24,279.00 ",0,0,12/29/12,36,36-45,6,0,$16.00 ,$36.00 ,$21.00 ,$20.00 ,$62.00 ,$108.00 ,1,0,0,0,0,0,0,0,4,1,3,8,,
8159,1968,Graduation,Married,"$51,287.00 ",1,1,1/4/14,58,56+,10,0,$117.00 , $-   ,$22.00 ,$13.00 , $-   ,$30.00 ,3,0,0,0,0,0,0,0,4,1,3,7,,
8162,1956,Master,Together,"$14,661.00 ",0,0,1/1/13,70,56+,88,0,$4.00 ,$1.00 ,$11.00 ,$6.00 ,$2.00 ,$2.00 ,1,0,0,0,0,0,0,0,1,0,3,6,,
8164,1978,PhD,Married,"$82,170.00 ",0,0,11/25/13,48,46-55,13,0,"$1,023.00 ",$93.00 ,$651.00 ,$49.00 ,$55.00 ,$37.00 ,1,0,0,0,0,0,0,0,5,6,7,2,,
8175,1992,Graduation,Married,"$34,935.00 ",0,0,6/21/13,34,26-35,71,0,$34.00 ,$4.00 ,$66.00 ,$3.00 ,$10.00 ,$20.00 ,1,0,0,0,0,0,0,0,2,1,4,7,,
8180,1952,Master,Divorced,"$59,354.00 ",1,1,11/15/13,74,56+,53,0,$233.00 ,$2.00 ,$53.00 ,$3.00 ,$5.00 ,$14.00 ,3,0,0,0,0,0,0,0,6,1,5,6,,
8181,1978,2n Cycle,Single,"$38,593.00 ",1,0,9/13/13,48,46-55,42,0,$51.00 ,$12.00 ,$49.00 ,$17.00 ,$24.00 ,$24.00 ,3,0,0,0,0,0,0,0,4,1,3,8,,
8182,1984,Graduation,Married,"$23,228.00 ",1,0,5/1/14,42,36-45,91,0,$53.00 ,$3.00 ,$49.00 ,$7.00 ,$4.00 ,$5.00 ,4,0,0,0,0,0,0,0,3,0,4,8,,
8204,1971,2n Cycle,Married,"$78,041.00 ",0,0,12/16/12,55,46-55,93,0,$482.00 ,$35.00 ,$553.00 ,$72.00 ,$160.00 ,$17.00 ,1,0,0,0,0,0,0,0,4,4,9,2,,
8207,1957,2n Cycle,Married,"$53,233.00 ",0,1,3/18/14,69,56+,18,0,$28.00 , $-   ,$9.00 ,$3.00 , $-   , $-   ,1,0,0,0,0,0,0,0,1,0,3,4,,
8210,1975,Master,Married,"$54,730.00 ",0,1,8/15/13,51,46-55,64,0,$318.00 ,$3.00 ,$17.00 ,$4.00 ,$7.00 ,$56.00 ,5,0,0,0,0,0,0,0,4,1,8,4,,
8212,1971,Master,Married,"$39,791.00 ",0,1,3/28/13,55,46-55,89,0,$85.00 ,$15.00 ,$27.00 ,$13.00 ,$13.00 ,$21.00 ,2,0,0,0,0,0,0,0,3,1,4,7,,
8213,1980,2n Cycle,Together,"$14,515.00 ",1,0,9/11/12,46,46-55,71,0,$6.00 ,$4.00 ,$9.00 ,$6.00 ,$36.00 ,$35.00 ,4,0,0,0,0,0,1,1,2,2,3,7,,
8216,1972,Master,Married,"$53,761.00 ",1,1,11/10/13,54,46-55,7,0,$158.00 , $-   ,$76.00 ,$13.00 ,$7.00 ,$71.00 ,6,0,0,0,0,0,0,0,4,4,3,5,,
8230,1980,Graduation,Married,"$33,228.00 ",1,0,1/23/14,46,46-55,28,0,$22.00 ,$2.00 ,$31.00 ,$7.00 ,$4.00 ,$5.00 ,1,0,0,0,0,0,0,0,2,0,3,7,,
8233,1950,Master,Widow,"$64,866.00 ",0,1,1/26/14,76,56+,9,0,$508.00 ,$5.00 ,$21.00 ,$7.00 ,$5.00 ,$10.00 ,4,0,0,0,1,0,0,1,7,3,7,5,,
8234,1973,Basic,Together,"$27,190.00 ",1,0,8/15/13,53,46-55,13,0,$1.00 ,$6.00 ,$7.00 , $-   ,$1.00 ,$3.00 ,1,0,0,1,0,0,1,2,1,0,2,8,,
8235,1956,Master,Together,"$69,245.00 ",0,1,1/24/14,70,56+,8,0,$428.00 ,$30.00 ,$214.00 ,$80.00 ,$30.00 ,$61.00 ,2,0,0,0,0,0,0,0,6,5,10,3,,
8254,1974,PhD,Married,"$34,596.00 ",1,0,4/13/13,52,46-55,48,0,$14.00 , $-   ,$2.00 , $-   , $-   ,$7.00 ,1,0,0,0,0,0,0,0,1,0,2,8,,
8268,1961,PhD,Married,,0,1,11/7/13,65,56+,23,0,$352.00 , $-   ,$27.00 ,$10.00 , $-   ,$15.00 ,3,0,0,0,0,0,0,0,6,1,7,6,,
8275,1965,PhD,Divorced,"$47,025.00 ",1,1,9/2/14,61,56+,6,0,$16.00 , $-   ,$3.00 , $-   , $-   ,$1.00 ,1,0,0,0,0,0,0,0,1,0,2,7,,
8278,1990,PhD,Married,"$74,214.00 ",0,0,8/26/12,36,36-45,3,0,$863.00 ,$83.00 ,$547.00 ,$86.00 ,$99.00 ,$33.00 ,1,0,0,0,0,0,0,0,8,2,5,5,,
8286,1965,PhD,Together,"$51,717.00 ",0,1,8/20/13,61,56+,55,0,$98.00 ,$1.00 ,$17.00 , $-   ,$1.00 ,$5.00 ,1,0,0,0,1,0,0,1,3,0,4,7,,
8299,1989,PhD,Single,"$33,996.00 ",0,0,11/9/13,37,36-45,46,0,$40.00 ,$2.00 ,$15.00 ,$8.00 , $-   ,$6.00 ,1,0,0,0,0,0,0,0,1,1,3,4,,
8310,1964,Graduation,Together,"$68,142.00 ",0,1,8/29/12,62,56+,96,0,$897.00 ,$126.00 ,$196.00 ,$91.00 ,$112.00 ,$37.00 ,3,0,0,0,0,0,0,0,10,4,7,6,,
8312,1961,Basic,Married,"$28,249.00 ",0,0,6/15/14,65,56+,80,0,$1.00 ,$9.00 ,$7.00 ,$2.00 ,$14.00 ,$10.00 ,1,0,0,0,0,0,0,0,2,0,3,6,,
8314,1982,Graduation,Married,"$79,908.00 ",0,0,5/4/13,44,36-45,30,0,$557.00 ,$129.00 ,$761.00 ,$29.00 ,$185.00 ,$111.00 ,1,0,0,0,0,1,0,1,5,6,7,2,,
8315,1995,Graduation,Single,"$34,824.00 ",0,0,3/26/14,31,26-35,65,0,$4.00 ,$2.00 ,$11.00 ,$2.00 , $-   ,$4.00 ,1,0,0,0,0,0,0,0,1,0,2,6,,
8318,1979,Graduation,Together,"$90,300.00 ",0,0,3/1/14,47,46-55,7,0,$594.00 ,$134.00 ,$786.00 ,$33.00 ,$134.00 ,$57.00 ,0,0,0,0,0,1,0,1,5,6,8,1,,
8334,1971,Master,Single,"$33,316.00 ",1,1,4/10/13,55,46-55,34,0,$79.00 ,$1.00 ,$31.00 ,$4.00 ,$4.00 ,$12.00 ,3,0,0,0,0,0,0,0,2,1,4,6,,
8341,1969,PhD,Married,"$30,396.00 ",1,0,4/30/14,57,56+,22,0,$15.00 , $-   ,$6.00 , $-   ,$1.00 ,$12.00 ,2,0,0,1,0,0,1,2,1,1,2,7,,
8346,1974,Graduation,Single,"$32,233.00 ",1,0,8/19/12,52,46-55,26,0,$138.00 ,$15.00 ,$35.00 ,$25.00 ,$11.00 ,$72.00 ,2,0,0,1,0,0,1,2,6,2,2,9,,
8360,1971,2n Cycle,Married,"$54,690.00 ",1,1,7/11/13,55,46-55,76,0,$111.00 ,$16.00 ,$37.00 ,$7.00 ,$9.00 ,$18.00 ,3,0,0,0,0,0,0,0,3,1,5,3,,
8362,1982,PhD,Married,"$84,169.00 ",0,0,7/8/13,44,36-45,9,0,"$1,478.00 ",$19.00 ,$403.00 , $-   ,$19.00 , $-   ,1,0,0,0,1,1,1,3,7,6,6,3,,
8369,1987,Graduation,Together,"$18,227.00 ",1,0,8/11/12,39,36-45,21,0,$1.00 ,$2.00 ,$7.00 ,$4.00 ,$3.00 ,$11.00 ,1,0,0,0,0,0,0,0,0,1,2,8,,
8370,1976,2n Cycle,Together,"$75,484.00 ",0,1,2/8/12,50,46-55,50,0,$378.00 ,$97.00 ,$259.00 ,$197.00 ,$194.00 ,$34.00 ,2,0,0,0,0,0,0,0,7,3,6,4,,
8372,1974,Graduation,Married,"$34,421.00 ",1,0,1/7/13,52,46-55,81,0,$3.00 ,$3.00 ,$7.00 ,$6.00 ,$2.00 ,$9.00 ,1,0,0,0,0,0,0,0,1,0,2,7,,
8373,1979,Basic,Together,"$24,594.00 ",1,0,10/12/13,47,46-55,94,0,$1.00 ,$3.00 ,$6.00 ,$10.00 , $-   ,$9.00 ,1,0,0,0,0,0,0,0,1,0,3,5,,
8375,1968,PhD,Married,"$55,954.00 ",0,1,3/3/14,58,56+,63,0,$447.00 , $-   ,$28.00 , $-   , $-   ,$43.00 ,3,0,0,0,0,0,0,0,8,2,6,7,,
8387,1957,Graduation,Married,"$43,140.00 ",0,1,5/1/13,69,56+,68,0,$134.00 ,$8.00 ,$76.00 ,$6.00 , $-   ,$11.00 ,1,0,0,0,0,0,0,0,4,1,5,6,,
8395,1961,Graduation,Single,"$82,014.00 ",0,0,8/20/12,65,56+,48,0,$980.00 ,$37.00 ,$265.00 ,$35.00 ,$163.00 ,$31.00 ,1,0,0,0,0,0,1,1,3,6,12,6,,
8397,1951,Graduation,Married,"$44,689.00 ",1,1,10/1/14,75,56+,82,0,$18.00 , $-   ,$5.00 , $-   , $-   ,$11.00 ,2,0,0,1,0,0,0,1,1,1,2,7,,
8402,1953,Master,Married,"$67,087.00 ",0,1,12/17/13,73,56+,40,0,$329.00 ,$35.00 ,$222.00 ,$130.00 ,$35.00 ,$43.00 ,2,0,0,0,0,0,0,0,7,5,8,4,,
8405,1979,Graduation,Divorced,"$68,274.00 ",1,1,9/30/13,47,46-55,83,0,$135.00 ,$25.00 ,$51.00 ,$23.00 ,$25.00 ,$46.00 ,2,0,0,0,0,0,0,0,4,2,5,3,,
8414,1962,PhD,Single,"$33,419.00 ",0,1,8/17/13,64,56+,76,0,$56.00 , $-   ,$12.00 , $-   , $-   ,$18.00 ,2,0,0,0,0,0,0,0,2,0,4,7,,
8416,1981,Graduation,Married,"$29,009.00 ",1,0,11/29/13,45,36-45,19,0,$6.00 ,$6.00 ,$15.00 ,$10.00 ,$5.00 ,$2.00 ,2,0,0,0,0,0,0,0,2,0,3,6,,
8418,1958,2n Cycle,Single,"$38,741.00 ",1,1,3/30/14,68,56+,60,0,$7.00 ,$10.00 ,$17.00 ,$8.00 ,$6.00 ,$13.00 ,2,0,0,0,0,0,0,0,2,0,3,7,,
8420,1970,2n Cycle,Married,"$15,315.00 ",0,0,3/8/13,56,56+,27,0,$7.00 ,$4.00 ,$13.00 ,$15.00 ,$8.00 ,$17.00 ,2,0,0,0,0,0,0,0,2,0,4,5,,
8427,1956,Master,Single,"$64,857.00 ",0,0,11/23/12,70,56+,78,0,$556.00 ,$14.00 ,$717.00 ,$210.00 , $-   ,$43.00 ,1,0,0,0,0,0,0,0,7,5,10,4,,
8430,1957,Graduation,Together,"$21,994.00 ",0,1,12/24/12,69,56+,4,0,$9.00 , $-   ,$6.00 ,$3.00 ,$1.00 ,$3.00 ,1,0,0,0,0,0,0,0,0,0,3,5,,
8432,1956,Graduation,Together,"$54,450.00 ",1,1,9/14/12,70,56+,0,0,$454.00 , $-   ,$171.00 ,$8.00 ,$19.00 ,$32.00 ,12,0,0,0,0,0,0,0,9,2,8,8,,
8439,1964,Graduation,Together,"$63,404.00 ",0,2,6/6/14,62,56+,97,0,$734.00 ,$26.00 ,$70.00 ,$11.00 ,$44.00 ,$17.00 ,2,1,0,0,0,0,0,1,6,3,4,4,,
8442,1985,Master,Married,"$19,510.00 ",2,0,4/9/13,41,36-45,63,0,$9.00 , $-   ,$7.00 ,$3.00 ,$4.00 ,$7.00 ,2,0,0,0,0,0,0,0,1,0,3,7,,
8443,1972,Graduation,Single,"$24,762.00 ",1,0,10/2/14,54,46-55,16,0,$6.00 ,$10.00 ,$12.00 ,$3.00 ,$15.00 ,$40.00 ,3,0,0,1,0,0,1,2,3,1,2,8,,
8461,1962,Graduation,Divorced,"$46,102.00 ",2,1,10/3/14,64,56+,3,0,$14.00 , $-   ,$1.00 , $-   , $-   ,$1.00 ,1,0,0,0,0,0,0,0,1,0,2,7,,
8462,1978,Basic,Together,"$24,882.00 ",1,0,9/9/12,48,46-55,52,0,$1.00 ,$4.00 ,$10.00 ,$29.00 , $-   ,$36.00 ,1,0,0,1,0,0,0,1,1,1,2,6,,
8475,1973,PhD,Married,"$157,243.00 ",0,1,1/3/14,53,46-55,98,0,$20.00 ,$2.00 ,"$1,582.00 ",$1.00 ,$2.00 ,$1.00 ,15,0,0,0,0,0,0,0,0,22,0,0,,
8477,1956,Graduation,Divorced,"$26,150.00 ",2,1,11/3/13,70,56+,61,0,$5.00 ,$1.00 ,$13.00 ,$3.00 ,$5.00 ,$1.00 ,1,0,0,0,0,0,0,0,1,0,3,7,,
8486,1971,Master,Together,"$30,538.00 ",1,0,1/10/12,55,46-55,27,0,$284.00 , $-   ,$52.00 ,$8.00 ,$3.00 ,$20.00 ,4,0,0,0,0,0,0,0,9,0,4,10,,
8492,1978,Graduation,Together,"$75,437.00 ",0,0,9/11/13,48,46-55,25,0,$795.00 , $-   ,$545.00 ,$95.00 ,$58.00 , $-   ,1,1,0,0,0,0,0,1,8,4,10,6,,
8504,1973,Graduation,Married,"$79,593.00 ",0,0,12/5/14,53,46-55,70,0,$350.00 ,$60.00 ,$568.00 ,$110.00 ,$133.00 ,$145.00 ,1,0,0,0,0,1,0,1,5,6,7,2,,
8514,1976,Graduation,Together,"$29,478.00 ",1,0,1/17/14,50,46-55,59,0,$8.00 , $-   ,$7.00 ,$3.00 ,$1.00 ,$1.00 ,1,0,0,0,0,0,0,0,1,0,3,6,,
8523,1968,Graduation,Married,"$19,329.00 ",1,0,12/14/13,58,56+,39,0,$24.00 ,$1.00 ,$16.00 ,$12.00 ,$2.00 ,$5.00 ,3,0,0,0,0,0,0,0,4,0,3,8,,
8524,1974,PhD,Divorced,"$25,509.00 ",1,0,9/18/12,52,46-55,15,0,$40.00 ,$3.00 ,$30.00 ,$10.00 ,$7.00 ,$11.00 ,3,0,0,0,0,0,1,1,3,0,3,9,,
8527,1965,Master,Together,"$65,735.00 ",1,1,7/12/13,61,56+,37,0,$239.00 ,$7.00 ,$119.00 ,$4.00 ,$15.00 ,$11.00 ,5,0,0,0,0,0,0,0,6,2,6,7,,
8534,1952,Graduation,Married,"$67,433.00 ",0,2,7/16/13,74,56+,51,0,$615.00 ,$28.00 ,$259.00 ,$12.00 ,$48.00 ,$30.00 ,4,0,0,0,1,0,0,1,6,5,13,4,,
8537,1949,Graduation,Widow,"$72,643.00 ",0,0,2/27/13,77,56+,60,0,$526.00 ,$80.00 ,$553.00 ,$123.00 ,$94.00 ,$53.00 ,1,1,0,0,0,0,1,2,3,10,7,2,,
8541,1990,2n Cycle,Married,"$24,683.00 ",1,0,8/3/14,36,36-45,98,0,$8.00 ,$4.00 ,$10.00 ,$6.00 ,$7.00 ,$6.00 ,2,0,0,0,0,0,0,0,2,0,4,5,,
8545,1954,Graduation,Divorced,"$85,683.00 ",0,0,3/21/14,72,56+,6,0,"$1,296.00 ",$17.00 ,$311.00 ,$45.00 ,$69.00 ,$51.00 ,1,1,1,0,1,1,1,5,2,4,10,1,,
8553,1965,Graduation,Married,"$44,300.00 ",1,1,6/23/13,61,56+,65,0,$30.00 , $-   ,$9.00 , $-   , $-   ,$3.00 ,2,0,0,0,0,0,0,0,1,0,3,6,,
8557,1982,Graduation,Single,,1,0,6/17/13,44,36-45,57,0,$11.00 ,$3.00 ,$22.00 ,$2.00 ,$2.00 ,$6.00 ,2,0,0,0,0,0,0,0,2,0,3,6,,
8560,1992,Graduation,Single,"$48,789.00 ",0,0,10/9/12,34,26-35,94,0,$351.00 ,$16.00 ,$156.00 ,$7.00 ,$5.00 ,$145.00 ,1,0,0,0,0,0,0,0,6,4,7,6,,
8562,1969,Graduation,Together,"$54,165.00 ",0,0,5/28/13,57,56+,72,0,$127.00 ,$4.00 ,$73.00 ,$15.00 ,$6.00 ,$11.00 ,1,0,0,0,0,0,0,0,2,1,7,2,,
8566,1961,PhD,Together,"$32,583.00 ",1,1,6/15/14,65,56+,10,0,$5.00 , $-   ,$3.00 , $-   , $-   ,$1.00 ,1,0,0,0,0,0,0,0,1,0,2,7,,
8581,1971,Master,Married,"$49,505.00 ",1,1,5/3/13,55,46-55,4,0,$604.00 , $-   ,$100.00 ,$19.00 , $-   ,$28.00 ,9,0,0,0,0,0,0,0,10,2,8,8,,
8584,1952,PhD,Together,"$85,431.00 ",0,0,8/6/13,74,56+,54,0,$376.00 ,$53.00 ,$462.00 ,$168.00 ,$53.00 ,$53.00 ,1,0,0,0,0,0,0,0,2,7,7,0,,
8588,1961,Graduation,Married,"$60,544.00 ",1,1,8/25/12,65,56+,92,0,$201.00 ,$2.00 ,$43.00 ,$3.00 ,$5.00 ,$35.00 ,4,0,0,0,0,0,0,0,5,1,5,6,,
8594,1958,PhD,Widow,"$50,520.00 ",0,1,1/28/14,68,56+,25,0,$112.00 , $-   ,$6.00 ,$2.00 ,$1.00 ,$14.00 ,2,0,0,0,0,0,0,0,3,1,3,6,,
8595,1973,Graduation,Widow,"$42,429.00 ",0,1,11/2/14,53,46-55,99,0,$55.00 , $-   ,$6.00 ,$2.00 , $-   ,$4.00 ,2,0,0,0,0,0,0,0,1,1,3,5,,
8601,1980,Graduation,Married,"$80,011.00 ",0,1,4/29/13,46,46-55,3,0,$421.00 ,$76.00 ,$536.00 ,$82.00 ,$178.00 ,$102.00 ,2,0,0,0,0,0,0,0,8,6,5,4,,
8602,1964,Graduation,Divorced,"$69,932.00 ",0,1,12/6/13,62,56+,97,0,$412.00 ,$172.00 ,$153.00 ,$150.00 ,$105.00 ,$57.00 ,2,0,0,0,0,0,0,0,7,6,11,4,,
8605,1964,PhD,Together,"$46,910.00 ",1,1,3/23/14,62,56+,36,0,$48.00 , $-   ,$14.00 , $-   , $-   ,$6.00 ,2,0,0,0,0,0,0,0,2,0,3,6,,
8614,1957,Graduation,Widow,"$65,486.00 ",0,1,12/5/14,69,56+,29,0,$245.00 ,$19.00 ,$125.00 ,$37.00 ,$67.00 ,$14.00 ,1,0,0,0,0,0,0,0,4,2,10,2,,
8619,1957,Graduation,Together,"$21,994.00 ",0,1,12/24/12,69,56+,4,0,$9.00 , $-   ,$6.00 ,$3.00 ,$1.00 ,$3.00 ,1,0,0,0,0,0,0,0,0,0,3,5,,
8624,1958,Graduation,Married,"$81,320.00 ",0,0,6/2/13,68,56+,61,0,$183.00 ,$33.00 ,$493.00 ,$59.00 ,$103.00 ,$57.00 ,1,0,0,0,0,0,0,0,4,3,10,2,,
8625,1976,Graduation,Married,"$17,649.00 ",1,0,12/11/13,50,46-55,70,0,$15.00 ,$1.00 ,$23.00 , $-   ,$5.00 ,$1.00 ,3,0,0,0,0,0,0,0,3,0,3,8,,
8629,1956,Graduation,Widow,"$46,984.00 ",1,1,3/26/13,70,56+,71,0,$19.00 ,$1.00 ,$10.00 ,$2.00 ,$1.00 ,$8.00 ,1,0,0,0,0,0,0,0,1,0,3,5,,
8643,1971,Graduation,Together,"$69,930.00 ",0,0,5/26/13,55,46-55,21,0,$252.00 ,$98.00 ,$827.00 ,$219.00 ,$70.00 ,$196.00 ,1,0,0,0,0,0,0,0,4,5,12,3,,
8650,1978,Graduation,Widow,"$54,162.00 ",1,1,3/18/13,48,46-55,31,0,$5.00 ,$6.00 ,$10.00 ,$6.00 ,$5.00 ,$10.00 ,1,0,0,0,0,0,0,0,1,0,3,4,,
8652,1946,Graduation,Together,"$37,760.00 ",0,0,8/31/12,80,56+,20,0,$84.00 ,$5.00 ,$38.00 ,$150.00 ,$12.00 ,$28.00 ,2,0,0,0,0,0,0,0,4,1,6,7,,
8659,1952,PhD,Together,"$69,805.00 ",0,1,1/21/14,74,56+,50,0,$750.00 ,$71.00 ,$174.00 ,$13.00 ,$10.00 ,$20.00 ,2,0,0,0,0,0,0,0,6,8,11,2,,
8663,1974,Graduation,Divorced,"$39,996.00 ",1,1,5/22/14,52,46-55,85,0,$11.00 , $-   ,$3.00 , $-   , $-   ,$1.00 ,1,0,0,0,0,0,0,0,1,0,2,6,,
8685,1977,Graduation,Married,"$42,014.00 ",1,0,8/17/12,49,46-55,56,0,$244.00 ,$15.00 ,$108.00 ,$4.00 ,$15.00 ,$50.00 ,6,0,0,0,0,0,1,1,7,1,6,8,,
8686,1979,Basic,Together,"$23,724.00 ",1,0,8/1/13,47,46-55,65,0,$5.00 ,$23.00 ,$15.00 , $-   ,$18.00 ,$14.00 ,2,0,0,0,0,0,0,0,2,0,3,8,,
8687,1978,Graduation,Together,"$53,172.00 ",0,1,6/5/13,48,46-55,54,0,$121.00 ,$62.00 ,$90.00 ,$68.00 ,$20.00 ,$125.00 ,3,0,0,0,0,0,0,0,2,3,8,3,,
8690,1962,Graduation,Married,"$86,111.00 ",0,0,4/19/13,64,56+,73,0,$399.00 ,$28.00 ,$756.00 ,$36.00 ,$40.00 ,$126.00 ,1,0,0,0,0,0,0,0,5,7,10,2,,
8692,1952,Graduation,Together,"$43,462.00 ",1,1,12/9/12,74,56+,50,0,$90.00 ,$17.00 ,$97.00 ,$15.00 ,$6.00 ,$15.00 ,6,0,0,0,0,0,0,0,4,1,5,8,,
8700,1986,Basic,Single,"$14,906.00 ",0,0,12/22/12,40,36-45,86,0,$7.00 ,$7.00 ,$14.00 ,$7.00 ,$16.00 ,$15.00 ,3,0,0,0,0,0,0,0,2,1,3,7,,
8702,1976,2n Cycle,Together,"$26,907.00 ",1,1,8/20/13,50,46-55,10,0,$9.00 ,$1.00 ,$7.00 , $-   ,$3.00 ,$2.00 ,2,0,0,0,0,0,0,0,1,0,3,7,,
8707,1956,Graduation,Married,"$79,456.00 ",0,0,8/22/12,70,56+,12,0,$565.00 ,$42.00 ,$548.00 ,$64.00 ,$83.00 ,$99.00 ,1,0,0,0,0,0,1,1,5,6,4,3,,
8717,1975,PhD,Married,"$80,427.00 ",0,1,12/9/12,51,46-55,56,0,"$1,149.00 ",$71.00 ,$449.00 ,$69.00 ,$71.00 ,$26.00 ,1,0,0,0,0,0,0,0,11,8,8,5,,
8720,1978,2n Cycle,Together,,0,0,12/8/12,48,46-55,53,0,$32.00 ,$2.00 ,"$1,607.00 ",$12.00 ,$4.00 ,$22.00 ,0,0,0,0,1,0,0,1,0,0,1,0,,
8722,1957,2n Cycle,Married,"$82,347.00 ",0,0,6/11/12,69,56+,38,0,$556.00 ,$54.00 ,$845.00 ,$202.00 ,$133.00 ,$63.00 ,1,1,0,1,0,0,1,3,7,7,10,3,,
8724,1982,Graduation,Single,"$28,567.00 ",1,0,6/17/13,44,36-45,57,0,$11.00 ,$3.00 ,$22.00 ,$2.00 ,$2.00 ,$6.00 ,2,0,0,0,0,0,0,0,2,0,3,6,,
8726,1964,2n Cycle,Divorced,"$41,713.00 ",1,1,4/29/14,62,56+,57,0,$77.00 ,$8.00 ,$44.00 ,$10.00 ,$10.00 ,$25.00 ,5,0,0,0,0,0,0,0,3,1,4,6,,
8727,1978,Graduation,Divorced,"$63,693.00 ",0,1,10/14/13,48,46-55,63,0,$587.00 ,$43.00 ,$337.00 ,$42.00 ,$87.00 ,$54.00 ,3,0,0,0,0,0,0,0,11,6,9,6,,
8732,1969,Master,Widow,"$67,369.00 ",0,1,11/17/12,57,56+,81,0,"$1,298.00 ", $-   ,$70.00 ,$37.00 ,$14.00 ,$42.00 ,4,0,0,0,1,1,1,3,7,4,10,4,,
8737,1978,Graduation,Divorced,"$55,563.00 ",0,1,5/4/14,48,46-55,22,0,$29.00 ,$1.00 ,$9.00 ,$2.00 , $-   ,$2.00 ,1,0,0,0,0,0,0,0,2,0,3,3,,
8746,1989,Graduation,Married,"$75,433.00 ",1,0,5/4/14,37,36-45,28,0,$800.00 , $-   ,$297.00 , $-   ,$34.00 ,$57.00 ,2,1,0,0,1,0,0,2,2,5,10,6,,
8749,1984,Graduation,Together,"$37,235.00 ",1,0,1/2/14,42,36-45,68,0,$20.00 ,$2.00 ,$9.00 ,$4.00 ,$6.00 ,$20.00 ,1,0,0,0,0,0,0,0,1,1,2,4,,
8754,1974,PhD,Together,"$45,068.00 ",0,1,5/16/13,52,46-55,25,0,$14.00 , $-   ,$3.00 , $-   , $-   ,$3.00 ,1,0,0,0,0,0,0,0,1,0,2,7,,
8755,1946,Master,Married,"$68,657.00 ",0,0,2/20/13,80,56+,4,0,$482.00 ,$34.00 ,$471.00 ,$119.00 ,$68.00 ,$22.00 ,1,0,0,0,0,0,0,0,3,5,9,7,,
8773,1971,Master,Together,"$57,420.00 ",0,1,6/25/13,55,46-55,22,0,$280.00 , $-   ,$18.00 , $-   , $-   ,$24.00 ,3,0,0,0,1,0,0,1,5,1,6,7,,
8775,1969,Graduation,Together,"$38,361.00 ",1,0,12/27/13,57,56+,74,0,$39.00 , $-   ,$56.00 ,$20.00 ,$8.00 ,$14.00 ,3,0,0,0,0,0,0,0,3,1,3,7,,
8779,1985,2n Cycle,Married,"$36,145.00 ",1,0,6/16/13,41,36-45,13,0,$56.00 ,$4.00 ,$76.00 ,$17.00 ,$1.00 ,$18.00 ,4,0,0,1,0,0,1,2,4,1,3,9,,
8780,1950,PhD,Together,"$59,292.00 ",0,1,6/13/13,76,56+,71,0,$378.00 ,$14.00 ,$68.00 ,$19.00 ,$14.00 ,$14.00 ,2,0,0,0,0,0,0,0,3,5,8,3,,
8783,1950,Graduation,Married,"$57,045.00 ",0,1,8/9/12,76,56+,40,0,$296.00 ,$13.00 ,$104.00 ,$11.00 ,$13.00 ,$17.00 ,3,0,0,0,0,0,0,0,4,2,9,3,,
8786,1956,Master,Married,"$62,058.00 ",0,1,5/26/13,70,56+,52,0,$301.00 ,$7.00 ,$74.00 ,$10.00 , $-   ,$58.00 ,4,0,0,0,0,0,0,0,6,1,7,6,,
8789,1989,2n Cycle,Married,"$59,060.00 ",1,0,11/1/14,37,36-45,77,0,$35.00 ,$40.00 ,$111.00 ,$36.00 ,$40.00 ,$12.00 ,3,0,0,0,0,0,0,0,3,1,7,4,,
8799,1984,PhD,Married,"$38,175.00 ",1,0,9/23/13,42,36-45,6,0,$70.00 ,$6.00 ,$69.00 ,$2.00 ,$3.00 ,$3.00 ,3,0,0,0,0,0,0,0,3,1,4,7,,
8800,1943,PhD,Divorced,"$48,948.00 ",0,0,1/2/13,83,56+,53,0,$437.00 ,$8.00 ,$206.00 ,$160.00 ,$49.00 ,$42.00 ,2,0,0,1,0,0,1,2,7,10,5,6,,
8805,1960,Graduation,Single,"$48,904.00 ",0,1,2/12/12,66,56+,1,0,$283.00 ,$10.00 ,$38.00 , $-   ,$13.00 ,$27.00 ,4,0,0,0,0,0,0,0,7,2,4,8,,
8812,1979,2n Cycle,Divorced,"$13,533.00 ",1,0,10/3/13,47,46-55,45,0,$12.00 ,$3.00 ,$8.00 ,$8.00 , $-   ,$17.00 ,2,0,0,0,0,0,0,0,2,0,3,7,,
8825,1962,Graduation,Together,"$51,195.00 ",1,1,1/4/13,64,56+,46,0,$230.00 ,$14.00 ,$156.00 ,$82.00 ,$24.00 ,$58.00 ,8,0,0,0,0,0,0,0,9,2,5,8,,
8832,1976,Master,Together,"$37,509.00 ",1,0,12/9/12,50,46-55,24,0,$37.00 ,$5.00 ,$56.00 ,$12.00 ,$8.00 ,$5.00 ,2,0,0,0,0,0,0,0,3,0,4,7,,
8842,1971,Graduation,Widow,"$30,372.00 ",1,1,12/25/12,55,46-55,33,0,$15.00 , $-   ,$12.00 ,$7.00 ,$3.00 ,$7.00 ,3,0,0,0,0,0,0,0,2,0,3,7,,
8852,1976,Graduation,Married,"$61,064.00 ",0,1,8/31/12,50,46-55,80,0,$387.00 ,$126.00 ,$342.00 , $-   ,$45.00 ,$180.00 ,5,0,0,0,0,0,0,0,8,4,11,6,,
8858,1972,PhD,Married,"$44,325.00 ",0,1,7/3/13,54,46-55,69,0,$516.00 , $-   ,$21.00 , $-   , $-   ,$5.00 ,4,0,0,0,1,0,0,1,8,2,7,8,,
8867,1988,PhD,Married,"$67,546.00 ",0,0,8/31/12,38,36-45,90,0,$864.00 ,$134.00 ,$768.00 ,$150.00 ,$38.00 ,$172.00 ,1,0,0,0,0,0,0,0,4,10,5,3,,
8870,1984,Graduation,Together,"$35,196.00 ",1,0,11/13/12,42,36-45,68,0,$75.00 ,$12.00 ,$141.00 ,$43.00 ,$39.00 ,$187.00 ,6,0,0,0,0,0,1,1,6,1,5,8,,
8876,1963,PhD,Together,"$33,629.00 ",1,1,8/8/12,63,56+,49,0,$132.00 , $-   ,$16.00 , $-   , $-   ,$4.00 ,5,0,0,0,0,0,0,0,3,1,4,9,,
8890,1971,PhD,Divorced,"$65,808.00 ",1,1,5/30/14,55,46-55,1,0,$155.00 ,$7.00 ,$80.00 ,$13.00 ,$7.00 ,$10.00 ,3,0,0,0,0,0,0,0,5,1,5,6,,
8895,1985,Graduation,Single,"$70,596.00 ",0,0,5/10/12,41,36-45,68,0,$347.00 ,$44.00 ,$534.00 ,$17.00 , $-   ,$26.00 ,1,0,0,0,0,0,0,0,3,5,12,2,,
8897,1965,Graduation,Single,"$42,720.00 ",1,1,4/24/13,61,56+,9,0,$392.00 ,$5.00 ,$91.00 ,$28.00 ,$26.00 ,$112.00 ,8,0,0,0,0,0,1,1,7,3,7,8,,
8908,1959,Graduation,Married,"$87,195.00 ",0,0,8/5/14,67,56+,35,0,$217.00 ,$76.00 ,$690.00 ,$50.00 ,$26.00 ,$38.00 ,1,0,0,0,0,0,1,1,3,11,5,1,,
8910,1955,Graduation,Together,"$42,586.00 ",1,1,10/29/12,71,56+,7,0,$194.00 ,$2.00 ,$56.00 , $-   , $-   , $-   ,5,0,0,0,0,0,1,1,4,1,6,8,,
8911,1967,PhD,Married,"$56,320.00 ",0,1,8/4/13,59,56+,11,0,$201.00 ,$53.00 ,$172.00 ,$116.00 ,$77.00 ,$83.00 ,3,0,0,0,0,0,0,0,5,4,9,4,,
8916,1975,Graduation,Divorced,"$36,627.00 ",2,0,7/23/13,51,46-55,78,0,$9.00 ,$1.00 ,$5.00 , $-   , $-   ,$1.00 ,1,0,0,0,0,0,0,0,0,0,3,5,,
8920,1967,Master,Single,"$59,235.00 ",1,0,12/1/13,59,56+,4,0,$448.00 ,$40.00 ,$469.00 ,$80.00 , $-   ,$91.00 ,3,0,0,0,0,0,0,0,11,2,12,7,,
8923,1973,Graduation,Single,"$83,917.00 ",0,0,4/18/13,53,46-55,12,0,$514.00 ,$22.00 ,$732.00 ,$42.00 ,$198.00 ,$79.00 ,1,0,0,0,0,0,1,1,6,7,7,3,,
8925,1965,Master,Married,"$70,053.00 ",0,1,3/7/13,61,56+,38,0,$512.00 ,$53.00 ,$98.00 ,$81.00 ,$179.00 ,$89.00 ,3,0,0,0,0,0,0,0,8,5,10,5,,
8931,1986,Graduation,Together,"$83,033.00 ",1,0,5/18/14,40,36-45,82,0,$812.00 ,$99.00 ,$431.00 ,$237.00 ,$149.00 ,$33.00 ,1,1,0,0,0,0,0,1,11,4,10,5,,
8932,1969,Master,Together,"$65,176.00 ",0,1,10/29/12,57,56+,57,0,$960.00 ,$28.00 ,$183.00 ,$220.00 ,$70.00 ,$70.00 ,4,0,0,0,0,0,0,0,9,6,6,6,,
8933,1983,2n Cycle,Married,"$32,146.00 ",1,0,12/5/14,43,36-45,16,0,$26.00 ,$3.00 ,$23.00 ,$4.00 ,$7.00 ,$3.00 ,2,0,0,0,0,0,0,0,2,0,4,6,,
8939,1959,Graduation,Divorced,"$61,250.00 ",0,1,12/16/12,67,56+,49,0,$382.00 ,$138.00 ,$65.00 ,$60.00 ,$26.00 ,$59.00 ,6,0,0,0,0,0,0,0,5,2,12,5,,
8945,1970,Graduation,Divorced,"$54,137.00 ",0,1,8/16/13,56,56+,46,0,$171.00 , $-   ,$11.00 , $-   ,$1.00 ,$20.00 ,2,0,0,0,0,0,0,0,4,1,4,6,,
8952,1953,Master,Married,"$65,569.00 ",0,1,5/11/12,73,56+,96,0,$397.00 ,$46.00 ,$288.00 ,$20.00 ,$38.00 ,$70.00 ,2,0,0,0,0,0,0,0,6,5,10,3,,
8953,1965,Master,Single,"$35,791.00 ",2,1,6/5/13,61,56+,94,0,$27.00 , $-   ,$5.00 , $-   , $-   ,$3.00 ,2,0,0,0,0,0,0,0,1,0,3,8,,
8955,1957,PhD,Together,"$40,451.00 ",0,2,2/16/14,69,56+,54,0,$35.00 , $-   ,$4.00 , $-   , $-   ,$10.00 ,1,0,0,1,0,0,0,1,1,1,2,5,,
8957,1952,2n Cycle,Single,"$64,831.00 ",1,1,10/6/13,74,56+,51,0,$480.00 ,$86.00 ,$249.00 ,$75.00 ,$86.00 ,$144.00 ,8,0,0,0,0,0,0,0,6,3,5,6,,
8962,1975,Master,Married,"$44,319.00 ",1,1,4/17/14,51,46-55,18,0,$26.00 , $-   ,$8.00 , $-   , $-   ,$3.00 ,2,0,0,0,0,0,0,0,2,0,3,5,,
8969,1977,Graduation,Married,"$71,855.00 ",0,1,1/16/13,49,46-55,59,0,$548.00 ,$31.00 ,$422.00 , $-   ,$112.00 ,$28.00 ,4,0,0,0,0,0,0,0,5,5,11,3,,
8970,1972,PhD,Married,"$62,010.00 ",0,1,10/23/12,54,46-55,93,0,$371.00 ,$22.00 ,$39.00 ,$6.00 , $-   ,$92.00 ,4,0,0,0,0,0,0,0,6,2,7,5,,
8975,1968,Graduation,Married,"$19,514.00 ",1,1,1/26/14,58,56+,47,0,$14.00 ,$3.00 ,$21.00 ,$2.00 ,$1.00 ,$28.00 ,4,0,0,1,0,0,0,1,3,1,2,8,,
8977,1985,Basic,Single,"$16,581.00 ",0,0,12/1/13,41,36-45,51,0,$1.00 ,$3.00 ,$4.00 ,$2.00 ,$3.00 ,$11.00 ,1,0,0,0,0,0,0,0,0,0,3,4,,
8985,1964,2n Cycle,Together,"$68,316.00 ",0,1,4/11/12,62,56+,54,0,$806.00 ,$80.00 ,$161.00 ,$120.00 ,$11.00 ,$33.00 ,5,0,0,0,0,0,0,0,10,7,10,6,,
8996,1957,PhD,Married,,2,1,11/19/12,69,56+,4,0,$230.00 ,$42.00 ,$192.00 ,$49.00 ,$37.00 ,$53.00 ,12,0,0,0,0,0,0,0,7,2,8,9,,
9010,1972,Master,Married,"$83,151.00 ",0,0,10/2/13,54,46-55,80,0,$968.00 ,$147.00 ,$842.00 ,$137.00 ,$42.00 ,$210.00 ,1,1,0,1,0,1,1,4,5,7,10,2,,
9014,1975,Graduation,Married,"$37,085.00 ",1,1,6/26/14,51,46-55,65,0,$39.00 ,$1.00 ,$16.00 ,$2.00 , $-   ,$3.00 ,4,0,0,0,0,0,0,0,3,0,3,8,,
9029,1972,PhD,Married,"$70,116.00 ",0,0,1/26/13,54,46-55,73,0,$707.00 ,$44.00 ,$603.00 ,$95.00 ,$58.00 ,$29.00 ,1,0,0,0,0,0,0,0,2,8,12,1,,
9058,1955,Graduation,Widow,"$79,800.00 ",0,0,9/23/12,71,56+,65,0,"$1,060.00 ",$21.00 ,$530.00 ,$32.00 , $-   ,$224.00 ,1,1,0,1,0,1,1,4,5,11,5,3,,
9064,1982,Graduation,Married,"$69,109.00 ",0,0,9/11/12,44,36-45,10,0,$823.00 ,$25.00 ,$459.00 ,$124.00 ,$29.00 ,$95.00 ,1,0,0,0,0,1,1,2,6,6,7,4,,
9076,1980,PhD,Married,"$30,732.00 ",1,0,5/1/13,46,46-55,44,0,$155.00 ,$1.00 ,$25.00 , $-   ,$1.00 ,$3.00 ,4,0,0,0,0,0,0,0,4,1,4,8,,
9080,1972,PhD,Single,"$38,578.00 ",1,1,6/22/13,54,46-55,2,0,$38.00 ,$4.00 ,$22.00 ,$3.00 ,$3.00 ,$3.00 ,3,0,0,0,0,0,0,0,3,0,3,8,,
9081,1988,Graduation,Single,"$20,518.00 ",1,0,5/18/14,38,36-45,58,0,$4.00 ,$1.00 ,$6.00 ,$4.00 ,$1.00 ,$9.00 ,1,0,0,0,0,0,0,0,1,1,2,5,,
9094,1955,2n Cycle,Married,"$62,972.00 ",0,1,3/8/12,71,56+,39,0,$313.00 ,$15.00 ,$47.00 ,$20.00 , $-   ,$192.00 ,2,0,0,0,0,0,1,1,7,4,3,6,,
9097,1956,Graduation,Divorced,"$46,086.00 ",0,1,3/11/13,70,56+,34,0,$244.00 ,$8.00 ,$32.00 ,$7.00 ,$2.00 ,$50.00 ,4,0,0,0,0,0,0,0,3,1,8,4,,
9119,1950,Graduation,Together,"$60,905.00 ",0,1,5/12/13,76,56+,27,0,$208.00 ,$17.00 ,$76.00 ,$36.00 ,$17.00 ,$38.00 ,2,0,0,0,0,0,0,0,3,3,7,2,,
9120,1962,Graduation,Single,"$66,565.00 ",0,1,5/12/12,64,56+,80,0,$747.00 ,$10.00 ,$161.00 ,$65.00 ,$40.00 ,$42.00 ,4,0,0,0,0,0,0,0,4,2,9,8,,
9121,1972,Graduation,Married,"$80,134.00 ",1,0,5/20/13,54,46-55,40,0,"$1,218.00 ",$16.00 ,$272.00 ,$104.00 , $-   ,$80.00 ,2,1,0,0,1,1,1,4,5,3,6,6,,
9135,1950,Graduation,Together,"$27,203.00 ",1,1,6/8/12,76,56+,92,0,$13.00 ,$2.00 ,$21.00 ,$4.00 , $-   ,$24.00 ,2,0,0,0,0,0,0,0,1,1,2,8,,
9140,1960,2n Cycle,Together,"$50,523.00 ",1,1,12/25/13,66,56+,89,0,$51.00 ,$4.00 ,$24.00 ,$4.00 ,$7.00 ,$1.00 ,2,0,0,0,0,0,0,0,2,0,4,6,,
9145,1972,Graduation,Single,"$72,504.00 ",0,1,6/4/13,54,46-55,43,0,$604.00 ,$26.00 ,$470.00 ,$123.00 ,$161.00 ,$94.00 ,2,0,0,0,0,0,0,0,5,9,6,2,,
9150,1963,PhD,Single,"$48,918.00 ",1,1,12/4/14,63,56+,21,0,$52.00 , $-   ,$9.00 , $-   , $-   ,$1.00 ,2,0,0,0,0,0,0,0,1,0,4,4,,
9153,1964,PhD,Married,"$59,304.00 ",0,1,7/29/13,62,56+,81,0,$418.00 ,$61.00 ,$428.00 ,$80.00 ,$51.00 ,$10.00 ,3,0,0,0,0,0,0,0,7,8,10,5,,
9166,1968,Graduation,Married,"$63,967.00 ",0,1,9/8/13,58,56+,57,0,$387.00 ,$84.00 ,$141.00 ,$73.00 ,$35.00 ,$162.00 ,3,0,0,0,0,0,0,0,4,4,12,2,,
9167,1956,Graduation,Married,"$67,131.00 ",0,1,3/26/13,70,56+,72,0,$465.00 ,$71.00 ,$250.00 ,$93.00 ,$35.00 ,$62.00 ,3,0,0,0,0,0,0,0,9,2,12,6,,
9185,1966,PhD,Single,"$69,759.00 ",0,0,10/28/13,60,56+,38,0,$452.00 ,$20.00 ,$514.00 ,$13.00 ,$30.00 , $-   ,3,0,0,0,0,0,1,1,4,6,5,3,,
9197,1953,Graduation,Married,"$39,722.00 ",0,1,2/24/14,73,56+,92,0,$32.00 , $-   ,$5.00 ,$2.00 , $-   ,$8.00 ,2,0,0,0,0,0,0,0,2,0,3,5,,
9204,1970,Graduation,Widow,"$66,731.00 ",0,1,12/9/12,56,56+,33,0,$371.00 ,$159.00 ,$194.00 ,$58.00 ,$106.00 ,$141.00 ,4,0,0,0,0,0,0,0,4,3,6,3,,
9206,1968,Graduation,Together,"$77,382.00 ",0,1,7/1/14,58,56+,36,0,$491.00 ,$48.00 ,$231.00 ,$112.00 ,$105.00 ,$134.00 ,2,0,0,0,0,1,0,1,5,7,12,1,,
9209,1971,Master,Together,"$80,573.00 ",0,0,10/14/12,55,46-55,85,0,$829.00 ,$138.00 ,$430.00 ,$60.00 ,$92.00 ,$15.00 ,1,0,0,0,0,0,0,0,4,6,13,2,,
9212,1962,Master,Married,"$72,828.00 ",0,1,2/14/13,64,56+,17,0,"$1,205.00 ", $-   ,$235.00 ,$19.00 ,$14.00 ,$205.00 ,6,0,0,0,0,0,0,0,6,3,13,7,,
9213,1970,Graduation,Widow,"$31,880.00 ",1,0,10/31/12,56,56+,13,0,$4.00 ,$1.00 ,$5.00 ,$2.00 , $-   ,$3.00 ,1,0,0,0,0,0,0,0,1,0,2,8,,
9214,1991,Graduation,Married,"$42,691.00 ",0,0,8/16/13,35,26-35,48,0,$179.00 ,$2.00 ,$64.00 ,$38.00 ,$17.00 ,$58.00 ,1,0,0,0,0,0,0,0,5,1,6,5,,
9215,1980,PhD,Married,"$43,974.00 ",1,0,12/12/12,46,46-55,19,0,$378.00 , $-   ,$101.00 , $-   , $-   ,$72.00 ,5,0,0,0,0,0,0,0,6,4,6,7,,
9216,1971,Graduation,Married,"$35,788.00 ",1,1,1/23/14,55,46-55,34,0,$23.00 ,$2.00 ,$11.00 ,$3.00 ,$1.00 ,$4.00 ,2,0,0,0,0,0,0,0,2,0,3,6,,
9220,1971,Graduation,Single,"$91,700.00 ",0,0,1/17/13,55,46-55,58,0,$576.00 ,$172.00 ,$961.00 ,$125.00 ,$115.00 ,$19.00 ,1,0,0,0,0,0,1,1,8,6,5,3,,
9224,1972,PhD,Single,"$55,260.00 ",0,1,12/12/12,54,46-55,81,0,$825.00 ,$8.00 ,$53.00 ,$11.00 , $-   ,$242.00 ,2,0,0,0,0,0,0,0,8,10,5,6,,
9235,1957,Graduation,Single,,1,1,5/27/14,69,56+,45,0,$7.00 , $-   ,$8.00 ,$2.00 , $-   ,$1.00 ,1,0,0,0,0,0,0,0,1,0,2,7,,
9239,1961,Master,Married,"$61,923.00 ",0,2,7/26/13,65,56+,94,0,$92.00 ,$4.00 ,$18.00 ,$3.00 ,$3.00 ,$6.00 ,1,0,0,0,0,0,0,0,2,1,4,3,,
9240,1971,PhD,Single,"$60,504.00 ",0,1,7/2/14,55,46-55,73,0,$458.00 , $-   ,$24.00 ,$6.00 ,$4.00 ,$34.00 ,2,0,0,0,0,0,0,0,6,2,8,6,,
9242,1990,Graduation,Single,"$64,509.00 ",0,0,8/17/13,36,36-45,19,0,$836.00 ,$185.00 ,$575.00 ,$24.00 ,$25.00 ,$77.00 ,1,0,0,1,0,0,1,2,6,3,9,4,,
9246,1985,Master,Together,"$40,101.00 ",1,0,10/14/12,41,36-45,73,0,$171.00 ,$3.00 ,$129.00 ,$26.00 ,$24.00 ,$62.00 ,4,0,0,0,0,0,0,0,6,1,6,7,,
9256,1971,Graduation,Single,"$58,350.00 ",0,1,4/1/13,55,46-55,5,0,$493.00 ,$26.00 ,$206.00 ,$116.00 ,$80.00 ,$80.00 ,4,0,0,0,0,0,0,0,8,3,12,6,,
9260,1945,PhD,Married,"$70,356.00 ",0,0,5/11/12,81,56+,20,0,"$1,349.00 ",$16.00 ,$249.00 ,$43.00 ,$16.00 ,$33.00 ,2,0,0,0,0,0,0,0,10,6,9,6,,
9262,1984,2n Cycle,Together,"$32,414.00 ",0,0,4/7/13,42,36-45,11,0,$20.00 ,$6.00 ,$5.00 , $-   ,$9.00 ,$12.00 ,1,0,0,1,0,0,0,1,1,0,3,7,,
9264,1986,Graduation,Married,"$79,529.00 ",0,0,4/27/14,40,36-45,1,0,$423.00 ,$42.00 ,$706.00 ,$73.00 ,$197.00 ,$197.00 ,1,0,0,0,0,0,0,0,4,8,9,2,,
9265,1953,Graduation,Married,"$75,027.00 ",0,1,9/1/13,73,56+,74,0,$925.00 ,$64.00 ,$179.00 ,$133.00 ,$12.00 ,$77.00 ,2,0,0,0,0,0,0,0,9,4,6,5,,
9274,1961,Master,Married,"$80,950.00 ",0,0,3/28/13,65,56+,44,0,$525.00 ,$147.00 ,$112.00 ,$219.00 ,$147.00 ,$63.00 ,1,1,0,0,0,0,0,1,6,7,9,2,,
9283,1978,Graduation,Single,"$60,199.00 ",1,2,12/9/13,48,46-55,49,0,$8.00 ,$1.00 ,$7.00 ,$2.00 , $-   , $-   ,1,0,0,0,0,0,0,0,0,0,3,4,,
9284,1958,Graduation,Together,"$53,977.00 ",0,1,8/6/13,68,56+,21,0,$620.00 ,$16.00 ,$165.00 , $-   ,$24.00 ,$82.00 ,5,0,0,0,0,0,0,0,5,5,12,5,,
9286,1960,Master,Together,"$83,151.00 ",0,0,10/10/12,66,56+,93,0,$407.00 ,$28.00 ,$100.00 ,$120.00 ,$74.00 ,$18.00 ,1,0,0,0,0,0,0,0,5,9,4,3,,
9289,1979,Graduation,Married,"$36,781.00 ",1,0,10/4/14,47,46-55,16,0,$29.00 ,$1.00 ,$17.00 , $-   ,$3.00 ,$13.00 ,1,0,0,0,0,0,1,1,2,1,2,8,,
9291,1959,Master,Married,"$34,242.00 ",0,1,3/23/14,67,56+,25,0,$8.00 ,$2.00 ,$4.00 , $-   , $-   ,$1.00 ,1,0,0,0,0,0,0,0,0,0,3,5,,
9292,1952,Graduation,Married,"$81,795.00 ",0,0,10/26/12,74,56+,74,0,$324.00 ,$132.00 ,$693.00 ,$27.00 ,$118.00 ,$88.00 ,1,0,0,0,0,0,0,0,4,11,7,2,,
9298,1947,PhD,Together,"$81,574.00 ",0,0,4/28/14,79,56+,89,0,"$1,252.00 ", $-   ,$465.00 ,$46.00 ,$35.00 , $-   ,1,0,0,0,1,1,0,2,4,5,8,1,,
9303,1976,Graduation,Married,"$5,305.00 ",0,1,7/30/13,50,46-55,12,0,$12.00 ,$4.00 ,$7.00 ,$1.00 ,$3.00 ,$5.00 ,0,0,0,0,0,0,0,0,1,0,0,13,,
9305,1976,2n Cycle,Single,"$79,689.00 ",0,0,12/5/13,50,46-55,65,0,$311.00 ,$26.00 ,$640.00 ,$180.00 ,$37.00 ,$121.00 ,1,0,0,0,0,0,0,0,4,9,13,2,,
9308,1954,Graduation,Married,"$62,820.00 ",0,0,11/5/13,72,56+,51,0,$398.00 ,$61.00 ,$265.00 ,$138.00 ,$61.00 ,$53.00 ,1,0,0,0,0,0,0,0,3,4,6,1,,
9316,1952,Basic,Together,"$13,084.00 ",0,0,2/11/13,74,56+,29,0,$2.00 , $-   ,$7.00 ,$3.00 ,$7.00 ,$10.00 ,1,0,0,0,0,0,0,0,1,0,3,6,,
9323,1949,Master,Together,"$49,912.00 ",0,1,7/9/12,77,56+,5,0,$520.00 ,$8.00 ,$223.00 ,$32.00 ,$49.00 ,$42.00 ,4,0,0,1,0,0,1,2,10,5,7,8,,
9336,1969,PhD,Widow,"$62,187.00 ",0,1,3/22/14,57,56+,38,0,$512.00 , $-   ,$83.00 , $-   , $-   ,$41.00 ,3,0,0,0,0,0,0,0,6,2,10,4,,
9347,1956,Master,Together,"$50,943.00 ",0,1,6/21/13,70,56+,49,0,$31.00 , $-   ,$7.00 ,$2.00 , $-   ,$6.00 ,1,0,0,0,0,0,0,0,1,0,3,5,,
9349,1985,Graduation,Married,"$92,533.00 ",0,0,12/19/13,41,36-45,84,0,$693.00 ,$21.00 ,$118.00 ,$110.00 ,$147.00 ,$42.00 ,1,1,0,0,0,1,0,2,6,5,11,2,,
9353,1959,Graduation,Single,"$62,450.00 ",0,1,6/1/14,67,56+,61,0,$515.00 ,$47.00 ,$267.00 ,$62.00 ,$66.00 ,$38.00 ,2,0,0,0,1,0,0,1,5,5,4,3,,
9360,1982,Graduation,Married,"$37,040.00 ",0,0,8/8/12,44,36-45,41,0,$86.00 ,$2.00 ,$73.00 ,$69.00 ,$38.00 ,$48.00 ,1,0,0,0,0,0,0,0,4,2,5,8,,
9362,1965,Graduation,Single,"$69,263.00 ",0,1,5/3/14,61,56+,14,0,$492.00 ,$5.00 ,$32.00 ,$13.00 ,$5.00 ,$21.00 ,1,0,0,0,1,0,0,1,9,1,7,6,,
9365,1976,PhD,Single,"$60,000.00 ",0,1,12/22/12,50,46-55,57,0,"$1,048.00 ", $-   ,$217.00 , $-   , $-   ,$12.00 ,5,0,0,0,0,0,0,0,11,3,5,6,,
9369,1979,2n Cycle,Single,"$88,194.00 ",0,1,3/19/14,47,46-55,19,0,$688.00 ,$14.00 ,$309.00 ,$201.00 ,$24.00 ,$38.00 ,1,1,0,1,0,0,1,3,11,10,10,5,,
9370,1945,PhD,Married,"$65,846.00 ",0,0,5/17/13,81,56+,68,0,$562.00 ,$81.00 ,$276.00 ,$80.00 ,$40.00 ,$81.00 ,1,0,0,0,0,0,0,0,6,3,6,4,,
9381,1978,Graduation,Married,"$66,373.00 ",1,1,12/6/13,48,46-55,57,0,$328.00 ,$9.00 ,$124.00 ,$12.00 ,$24.00 ,$109.00 ,7,0,0,0,0,0,0,0,4,2,10,3,,
9384,1978,Graduation,Married,"$66,373.00 ",1,1,12/6/13,48,46-55,57,0,$328.00 ,$9.00 ,$124.00 ,$12.00 ,$24.00 ,$109.00 ,7,0,0,0,0,0,0,0,4,2,10,3,,
9386,1962,Graduation,Together,"$50,127.00 ",0,1,5/29/14,64,56+,88,0,$274.00 , $-   ,$21.00 ,$4.00 ,$6.00 ,$15.00 ,1,0,0,0,1,0,0,1,5,1,6,6,,
9392,1971,Graduation,Single,"$26,954.00 ",1,0,8/5/14,55,46-55,17,0,$4.00 ,$1.00 ,$11.00 , $-   , $-   ,$1.00 ,1,0,0,0,0,0,0,0,1,0,2,7,,
9396,1978,PhD,Married,"$37,717.00 ",1,0,11/23/12,48,46-55,31,0,$9.00 , $-   ,$6.00 ,$4.00 ,$1.00 ,$5.00 ,1,0,0,0,0,0,0,0,1,0,2,9,,
9400,1958,2n Cycle,Single,"$85,485.00 ",0,0,6/21/14,68,56+,73,0,$630.00 ,$26.00 ,$611.00 ,$44.00 ,$18.00 ,$54.00 ,1,0,0,0,0,0,0,0,6,6,6,2,,
9405,1954,PhD,Married,"$52,869.00 ",1,1,10/15/12,72,56+,40,0,$84.00 ,$3.00 ,$61.00 ,$2.00 ,$1.00 ,$21.00 ,3,0,0,0,0,0,1,1,3,1,4,7,,
9422,1989,Graduation,Married,"$38,360.00 ",1,0,5/31/13,37,36-45,26,0,$36.00 ,$2.00 ,$42.00 ,$20.00 ,$21.00 ,$10.00 ,2,0,0,0,0,0,0,0,2,1,4,3,,
9423,1979,Master,Married,"$32,765.00 ",1,0,2/23/14,47,46-55,49,0,$13.00 ,$3.00 ,$17.00 ,$7.00 ,$3.00 ,$3.00 ,2,0,0,0,0,0,0,0,2,0,4,5,,
9426,1964,Master,Single,"$58,308.00 ",0,1,12/1/13,62,56+,77,0,$691.00 , $-   ,$69.00 ,$10.00 , $-   ,$130.00 ,4,0,0,0,0,0,0,0,2,6,3,8,,
9432,1977,Graduation,Together,"$666,666.00 ",1,0,2/6/13,49,46-55,23,0,$9.00 ,$14.00 ,$18.00 ,$8.00 ,$1.00 ,$12.00 ,4,0,0,0,0,0,0,0,3,1,3,6,,
9449,1958,PhD,Single,"$79,761.00 ",0,1,4/10/13,68,56+,32,0,$415.00 ,$5.00 ,$124.00 ,$15.00 ,$35.00 ,$11.00 ,1,0,0,0,0,0,0,0,5,2,11,3,,
9451,1965,Graduation,Married,"$73,538.00 ",0,1,11/25/12,61,56+,92,0,$811.00 ,$76.00 ,$428.00 ,$99.00 ,$137.00 ,$107.00 ,3,0,0,0,0,0,0,0,10,4,9,7,,
9460,1963,Graduation,Married,"$22,419.00 ",0,0,4/18/13,63,56+,74,0,$30.00 ,$3.00 ,$47.00 ,$19.00 ,$21.00 ,$42.00 ,1,0,0,0,0,0,0,0,3,2,2,8,,
9463,1959,Graduation,Together,"$71,706.00 ",0,1,11/13/12,67,56+,16,0,$931.00 ,$56.00 ,$253.00 ,$91.00 ,$98.00 ,$14.00 ,4,0,0,0,0,0,0,0,9,5,7,5,,
9467,1984,Graduation,Single,"$34,738.00 ",1,0,11/5/14,42,36-45,51,0,$3.00 ,$2.00 ,$10.00 ,$3.00 , $-   ,$2.00 ,1,0,0,0,0,0,0,0,1,0,3,6,,
9477,1954,PhD,Married,"$65,324.00 ",0,1,11/1/14,72,56+,0,0,$384.00 , $-   ,$102.00 ,$21.00 ,$32.00 ,$5.00 ,3,0,0,0,0,0,0,0,6,2,9,4,,
9478,1985,Graduation,Single,"$66,503.00 ",1,0,8/14/12,41,36-45,30,0,$91.00 ,$64.00 ,$128.00 ,$65.00 ,$3.00 ,$50.00 ,2,0,0,0,0,0,0,0,4,3,6,3,,
9481,1976,Graduation,Married,"$17,148.00 ",1,0,1/28/14,50,46-55,80,0,$9.00 ,$9.00 ,$11.00 ,$13.00 ,$10.00 ,$16.00 ,4,0,0,0,0,0,0,0,3,1,3,8,,
9483,1959,Graduation,Together,"$57,957.00 ",0,1,8/19/13,67,56+,24,1,$290.00 ,$59.00 ,$177.00 ,$77.00 ,$5.00 ,$29.00 ,7,0,0,0,0,0,0,0,4,6,8,3,,
9485,1986,PhD,Married,"$45,921.00 ",0,0,10/3/14,40,36-45,23,0,$102.00 ,$9.00 ,$49.00 ,$24.00 ,$3.00 ,$12.00 ,1,0,0,0,0,0,0,0,2,1,6,4,,
9491,1984,Graduation,Together,"$23,976.00 ",1,0,12/27/13,42,36-45,68,0,$14.00 ,$1.00 ,$21.00 ,$2.00 ,$3.00 ,$25.00 ,3,0,0,0,0,0,0,0,3,1,3,7,,
9493,1980,PhD,Single,"$76,412.00 ",0,0,5/5/13,46,46-55,15,0,$840.00 ,$53.00 ,$804.00 ,$23.00 ,$71.00 ,$17.00 ,1,1,0,0,0,1,1,3,5,4,8,3,,
9495,1982,Graduation,Together,"$71,853.00 ",0,0,8/5/13,44,36-45,29,0,$358.00 ,$108.00 ,$413.00 ,$141.00 ,$97.00 ,$32.00 ,1,0,0,0,0,0,0,0,2,8,6,1,,
9499,1954,Graduation,Married,"$93,404.00 ",1,2,7/5/13,72,56+,97,0,"$1,279.00 ",$15.00 ,$287.00 ,$20.00 , $-   ,$15.00 ,3,0,0,0,1,1,0,2,3,4,7,5,,
9500,1959,Graduation,Married,"$58,113.00 ",0,1,1/25/13,67,56+,66,1,$221.00 ,$104.00 ,$169.00 ,$102.00 ,$78.00 ,$84.00 ,3,0,0,0,0,0,0,0,9,2,8,7,,
9503,1980,Graduation,Single,"$28,071.00 ",0,0,8/29/12,46,46-55,65,0,$39.00 ,$33.00 ,$130.00 ,$41.00 ,$26.00 ,$44.00 ,2,0,0,0,0,0,0,0,5,1,5,8,,
9504,1949,Master,Married,"$81,698.00 ",0,0,6/11/13,77,56+,4,0,$179.00 ,$28.00 ,$520.00 ,$111.00 ,$123.00 ,$47.00 ,1,0,0,0,0,0,1,1,3,8,13,1,,
9507,1975,Graduation,Married,"$40,794.00 ",0,1,7/4/13,51,46-55,18,0,$261.00 ,$23.00 ,$73.00 ,$4.00 ,$23.00 ,$50.00 ,2,0,0,0,0,0,0,0,6,3,5,7,,
9516,1971,2n Cycle,Divorced,"$49,118.00 ",0,0,8/18/12,55,46-55,90,0,$620.00 ,$54.00 ,$239.00 ,$99.00 ,$98.00 ,$119.00 ,2,0,1,0,1,0,1,3,9,7,10,7,,
9523,1982,Graduation,Together,"$40,479.00 ",1,0,8/17/13,44,36-45,95,0,$5.00 , $-   ,$8.00 ,$2.00 , $-   , $-   ,1,0,0,0,0,0,0,0,0,0,3,4,,
9529,1990,Graduation,Married,"$73,687.00 ",0,0,11/28/13,36,36-45,8,0,$559.00 ,$153.00 ,$503.00 ,$218.00 ,$13.00 ,$181.00 ,1,1,0,0,0,0,1,2,3,9,9,2,,
9530,1988,Graduation,Married,"$24,645.00 ",1,0,1/11/12,38,36-45,16,0,$5.00 ,$3.00 ,$4.00 ,$4.00 ,$1.00 , $-   ,1,0,0,0,0,0,0,0,1,0,2,8,,
9543,1985,Graduation,Married,"$19,986.00 ",1,0,11/14/13,41,36-45,74,0,$3.00 ,$6.00 ,$5.00 , $-   ,$2.00 ,$6.00 ,1,0,0,0,0,0,0,0,0,0,3,7,,
9553,1987,Graduation,Married,"$7,500.00 ",0,0,9/1/13,39,36-45,94,0, $-   ,$2.00 ,$3.00 ,$4.00 ,$1.00 ,$5.00 ,1,0,0,0,0,0,0,0,0,0,3,6,,
9559,1961,PhD,Married,"$57,072.00 ",0,1,1/24/14,65,56+,79,0,$944.00 , $-   ,$60.00 , $-   , $-   ,$30.00 ,2,0,0,1,0,0,0,1,7,5,13,5,,
9560,1965,Graduation,Together,"$83,003.00 ",0,0,3/3/13,61,56+,18,0,$856.00 ,$61.00 ,$570.00 ,$40.00 ,$25.00 ,$122.00 ,1,0,0,0,0,1,1,2,7,6,8,3,,
9576,1982,PhD,Together,"$32,313.00 ",1,0,11/2/13,44,36-45,60,0,$86.00 ,$4.00 ,$56.00 ,$2.00 ,$4.00 ,$7.00 ,3,0,0,0,0,0,0,0,4,0,4,9,,
9579,1959,PhD,Married,"$33,762.00 ",2,1,7/7/13,67,56+,61,0,$53.00 ,$1.00 ,$34.00 ,$2.00 , $-   ,$16.00 ,3,0,0,0,0,0,0,0,2,2,2,8,,
9589,1948,PhD,Widow,"$82,032.00 ",0,0,5/4/14,78,56+,54,0,$332.00 ,$194.00 ,$377.00 ,$149.00 ,$125.00 ,$57.00 ,0,0,0,0,0,0,0,0,4,6,7,1,,
9592,1983,Graduation,Together,"$22,010.00 ",1,0,6/30/13,43,36-45,51,0,$11.00 ,$2.00 ,$9.00 ,$3.00 , $-   ,$8.00 ,2,0,0,0,0,0,0,0,2,0,3,8,,
9595,1961,Graduation,Together,"$64,260.00 ",0,0,11/1/13,65,56+,1,0,$539.00 ,$169.00 ,$816.00 ,$20.00 , $-   ,$30.00 ,1,0,0,0,0,0,1,1,4,5,4,3,,
9596,1980,PhD,Single,"$65,295.00 ",0,0,12/23/13,46,46-55,19,0,$365.00 ,$32.00 ,$117.00 ,$34.00 ,$110.00 ,$6.00 ,1,0,0,0,0,0,0,0,3,3,13,2,,
9597,1969,Graduation,Married,"$73,448.00 ",0,0,10/2/14,57,56+,10,0,$236.00 ,$106.00 ,$189.00 ,$23.00 ,$41.00 ,$130.00 ,1,0,0,0,0,0,0,0,7,2,9,4,,
9606,1965,PhD,Married,"$69,969.00 ",0,0,8/27/13,61,56+,64,0,$882.00 ,$29.00 ,$514.00 ,$38.00 ,$29.00 ,$44.00 ,1,1,0,0,0,1,1,3,4,2,6,3,,
9612,1987,2n Cycle,Single,"$23,830.00 ",0,0,7/2/14,39,36-45,3,0,$1.00 ,$8.00 ,$6.00 ,$4.00 ,$8.00 ,$16.00 ,1,0,0,0,0,0,0,0,1,0,3,7,,
9617,1951,Graduation,Single,"$15,033.00 ",0,0,4/16/14,75,56+,37,0, $-   ,$4.00 ,$5.00 ,$6.00 , $-   ,$4.00 ,1,0,0,0,0,0,0,0,1,0,3,3,,
9624,1958,PhD,Together,"$65,488.00 ",0,0,6/13/14,68,56+,46,0,$603.00 ,$45.00 ,$207.00 ,$36.00 ,$18.00 ,$54.00 ,1,0,0,0,0,0,0,0,3,4,6,1,,
9635,1983,Master,Married,"$35,876.00 ",0,0,4/20/14,43,36-45,13,0,$66.00 ,$2.00 ,$40.00 ,$4.00 ,$3.00 ,$14.00 ,1,0,0,0,0,0,0,0,3,1,3,6,,
9645,1968,Graduation,Married,"$64,590.00 ",0,0,10/14/12,58,56+,98,0,$920.00 ,$138.00 ,$168.00 ,$36.00 ,$46.00 ,$30.00 ,1,0,0,0,0,0,0,0,9,4,10,6,,
9648,1967,Graduation,Single,"$46,904.00 ",1,1,3/11/12,59,56+,20,0,$153.00 ,$4.00 ,$56.00 , $-   ,$9.00 ,$31.00 ,4,0,0,0,0,0,0,0,5,1,4,8,,
9653,1975,Graduation,Married,"$35,797.00 ",0,1,10/16/12,51,46-55,16,0,$27.00 ,$1.00 ,$14.00 ,$4.00 ,$1.00 ,$21.00 ,2,0,0,0,0,0,0,0,2,0,3,8,,
9665,1957,PhD,Divorced,"$54,237.00 ",0,1,4/27/13,69,56+,48,0,$267.00 ,$3.00 ,$30.00 ,$4.00 , $-   ,$57.00 ,4,0,0,0,0,0,0,0,5,2,5,6,,
9668,1971,Graduation,Married,"$18,793.00 ",1,0,12/1/13,55,46-55,14,0,$4.00 ,$16.00 ,$20.00 , $-   ,$17.00 ,$20.00 ,3,0,0,0,0,0,0,0,2,0,4,8,,
9671,1968,Graduation,Married,"$19,514.00 ",1,1,1/26/14,58,56+,47,0,$14.00 ,$3.00 ,$21.00 ,$2.00 ,$1.00 ,$28.00 ,4,0,0,1,0,0,1,2,3,1,2,8,,
9672,1970,2n Cycle,Married,"$23,162.00 ",1,1,12/21/13,56,56+,82,0,$8.00 ,$3.00 ,$9.00 ,$19.00 ,$4.00 ,$22.00 ,3,0,0,0,0,0,0,0,1,1,3,6,,
9687,1975,Graduation,Single,"$73,170.00 ",0,0,5/31/14,51,46-55,1,0,$184.00 ,$174.00 ,$256.00 ,$50.00 ,$30.00 ,$32.00 ,1,0,0,0,0,0,0,0,5,4,6,2,,
9697,1951,Graduation,Married,"$53,790.00 ",0,2,6/3/14,75,56+,86,0,$335.00 ,$42.00 ,$127.00 ,$28.00 ,$5.00 ,$5.00 ,3,0,0,0,0,0,0,0,7,2,8,6,,
9699,1966,Graduation,Divorced,"$67,272.00 ",0,1,12/21/13,60,56+,12,0,$357.00 ,$35.00 ,$271.00 ,$28.00 ,$28.00 ,$14.00 ,3,0,0,0,0,0,0,0,6,2,12,5,,
9701,1988,Graduation,Together,"$41,883.00 ",1,0,3/19/13,38,36-45,13,0,$32.00 ,$34.00 ,$41.00 ,$73.00 ,$16.00 ,$116.00 ,3,0,0,0,0,0,0,0,4,2,3,7,,
9703,1970,PhD,Married,"$38,097.00 ",1,1,10/15/12,56,56+,70,0,$77.00 ,$2.00 ,$35.00 , $-   ,$1.00 ,$69.00 ,4,0,0,1,0,0,1,2,3,2,2,7,,
9706,1974,PhD,Single,"$31,560.00 ",1,0,6/24/13,52,46-55,98,0,$62.00 ,$1.00 ,$20.00 ,$4.00 , $-   ,$7.00 ,2,0,0,0,0,0,0,0,2,1,3,8,,
9707,1969,PhD,Married,"$55,212.00 ",0,1,11/23/12,57,56+,65,0,"$1,103.00 ", $-   ,$45.00 , $-   , $-   ,$34.00 ,3,0,1,0,1,0,0,2,4,2,11,8,,
9710,1969,PhD,Divorced,"$58,086.00 ",0,1,1/20/13,57,56+,80,0,$708.00 ,$7.00 ,$62.00 , $-   , $-   ,$15.00 ,2,0,0,0,0,0,0,0,11,3,7,8,,
9723,1960,Graduation,Married,"$67,716.00 ",0,1,10/1/13,66,56+,8,0,$530.00 ,$142.00 ,$217.00 ,$62.00 ,$9.00 ,$56.00 ,4,0,0,0,1,0,0,1,7,4,13,5,,
9725,1966,PhD,Together,"$28,764.00 ",1,1,5/6/14,60,56+,16,0,$8.00 , $-   ,$3.00 , $-   , $-   ,$1.00 ,1,0,0,1,0,0,0,1,1,0,2,8,,
9727,1957,Graduation,Married,"$23,539.00 ",0,0,2/28/14,69,56+,13,0,$4.00 ,$24.00 ,$11.00 ,$16.00 ,$1.00 ,$25.00 ,1,0,0,0,0,0,0,0,2,0,4,6,,
9729,1955,Graduation,Widow,"$58,275.00 ",1,1,2/6/13,71,56+,48,0,$189.00 ,$10.00 ,$253.00 ,$56.00 ,$43.00 ,$64.00 ,6,0,0,0,0,0,0,0,8,2,7,7,,
9733,1978,Basic,Together,"$24,882.00 ",1,0,9/9/12,48,46-55,52,0,$1.00 ,$4.00 ,$10.00 ,$29.00 , $-   ,$36.00 ,1,0,0,1,0,0,0,1,1,1,2,6,,
9736,1980,Graduation,Married,"$41,850.00 ",1,1,12/24/12,46,46-55,51,0,$53.00 ,$5.00 ,$19.00 ,$2.00 ,$13.00 ,$4.00 ,3,0,0,0,0,0,0,0,3,0,3,8,,
9738,1986,Master,Together,"$42,386.00 ",1,0,1/13/13,40,36-45,43,0,$65.00 ,$4.00 ,$16.00 , $-   ,$4.00 ,$11.00 ,1,0,0,0,0,0,0,0,3,0,3,8,,
9739,1963,Graduation,Single,"$34,377.00 ",0,1,1/19/13,63,56+,55,0,$62.00 , $-   ,$22.00 ,$3.00 ,$1.00 ,$26.00 ,2,0,0,0,0,0,0,0,2,2,2,7,,
9743,1955,Graduation,Married,"$76,998.00 ",0,1,11/1/13,71,56+,85,0,"$1,449.00 ",$89.00 ,$161.00 ,$69.00 ,$35.00 ,$107.00 ,2,0,0,0,0,1,0,1,11,8,8,6,,
9750,1961,PhD,Divorced,"$64,325.00 ",0,1,7/2/13,65,56+,41,0,$731.00 ,$60.00 ,$353.00 ,$78.00 ,$12.00 ,$73.00 ,5,0,0,0,0,0,0,0,10,3,5,7,,
9757,1972,Graduation,Together,"$84,906.00 ",0,0,4/10/13,54,46-55,98,0,$997.00 ,$15.00 ,$414.00 ,$99.00 ,$30.00 ,$76.00 ,1,0,1,0,1,1,0,3,5,6,12,2,,
9760,1963,PhD,Widow,"$52,278.00 ",0,1,1/25/13,63,56+,24,0,$953.00 , $-   ,$71.00 , $-   , $-   ,$174.00 ,6,0,0,0,0,0,1,1,10,5,10,8,,
9771,1988,2n Cycle,Single,"$23,331.00 ",1,0,5/10/12,38,36-45,97,0,$104.00 ,$20.00 ,$101.00 ,$24.00 ,$15.00 ,$5.00 ,6,0,0,0,0,0,0,0,5,1,5,9,,
9780,1971,Master,Together,"$71,499.00 ",0,1,6/25/13,55,46-55,12,0,$465.00 ,$25.00 ,$132.00 ,$136.00 , $-   ,$37.00 ,2,0,0,0,0,0,0,0,8,3,13,4,,
9790,1957,Graduation,Single,"$78,499.00 ",0,0,11/23/13,69,56+,12,0,$912.00 ,$72.00 ,$170.00 ,$47.00 ,$36.00 ,$97.00 ,1,0,0,0,0,1,1,2,11,3,4,4,,
9797,1956,Graduation,Married,"$58,116.00 ",0,1,4/13/14,70,56+,38,0,$228.00 ,$19.00 ,$130.00 ,$4.00 ,$11.00 ,$51.00 ,2,0,0,0,0,0,0,0,3,3,8,2,,
9799,1968,PhD,Divorced,"$83,664.00 ",1,1,8/5/13,58,56+,57,0,$866.00 ,$21.00 ,$151.00 ,$28.00 ,$21.00 ,$86.00 ,3,0,0,0,0,0,0,0,2,2,12,5,,
9805,1953,Master,Together,"$56,129.00 ",0,1,6/20/13,73,56+,65,0,$320.00 ,$48.00 ,$133.00 ,$39.00 ,$72.00 ,$48.00 ,4,0,0,0,0,0,0,0,6,2,10,4,,
9817,1970,Master,Single,"$44,802.00 ",0,0,8/21/12,56,56+,71,0,$853.00 ,$10.00 ,$143.00 ,$13.00 ,$10.00 ,$20.00 ,2,0,0,0,0,0,0,0,9,4,12,8,,
9826,1972,PhD,Single,"$86,857.00 ",0,0,12/9/12,54,46-55,96,0,$899.00 ,$102.00 ,$838.00 ,$133.00 ,$102.00 ,$40.00 ,1,0,0,0,0,0,1,1,5,6,10,2,,
9829,1978,Graduation,Together,"$28,587.00 ",1,0,12/2/14,48,46-55,42,0,$22.00 ,$4.00 ,$17.00 ,$12.00 ,$10.00 ,$13.00 ,3,0,0,0,0,0,0,0,2,0,4,6,,
9847,1955,2n Cycle,Married,"$62,972.00 ",0,1,3/8/12,71,56+,39,0,$313.00 ,$15.00 ,$47.00 ,$20.00 , $-   ,$192.00 ,2,0,0,0,0,0,0,0,7,4,3,6,,
9850,1972,2n Cycle,Married,"$24,884.00 ",1,0,11/29/12,54,46-55,32,0,$3.00 ,$6.00 ,$7.00 , $-   , $-   ,$3.00 ,1,0,0,0,0,0,0,0,0,0,3,7,,
9855,1952,PhD,Single,"$62,000.00 ",0,1,8/25/13,74,56+,25,0,$899.00 , $-   ,$101.00 , $-   , $-   ,$20.00 ,1,1,0,0,0,0,0,1,6,6,13,4,,
9860,1959,Graduation,Together,"$44,911.00 ",0,1,3/15/13,67,56+,11,0,$159.00 , $-   ,$22.00 ,$2.00 ,$1.00 ,$31.00 ,3,0,0,0,0,0,0,0,4,1,4,7,,
9862,1969,Graduation,Together,"$21,918.00 ",1,0,11/14/13,57,56+,37,0,$1.00 ,$6.00 ,$7.00 ,$11.00 ,$5.00 ,$3.00 ,2,0,0,0,0,0,0,0,2,0,3,6,,
9888,1969,Graduation,Together,"$68,695.00 ",0,0,6/25/14,57,56+,3,0,$458.00 ,$81.00 ,$356.00 ,$106.00 ,$50.00 ,$40.00 ,1,0,0,0,0,0,0,0,4,4,7,2,,
9904,1956,Graduation,Married,"$71,391.00 ",0,1,3/29/13,70,56+,50,0,$336.00 ,$123.00 ,$274.00 ,$46.00 ,$123.00 ,$141.00 ,5,0,0,0,0,0,0,0,6,5,12,3,,
9905,1952,Graduation,Together,"$34,074.00 ",1,1,7/13/13,74,56+,69,0,$135.00 ,$1.00 ,$41.00 ,$10.00 ,$1.00 ,$67.00 ,5,0,0,1,0,0,0,1,3,3,3,6,,
9907,1969,Master,Together,"$66,476.00 ",0,1,4/12/13,57,56+,80,0,$742.00 ,$28.00 ,$152.00 ,$25.00 ,$9.00 ,$57.00 ,2,0,0,0,0,0,0,0,6,8,10,4,,
9909,1996,2n Cycle,Married,"$7,500.00 ",0,0,9/11/12,30,26-35,24,0,$3.00 ,$18.00 ,$14.00 ,$15.00 ,$22.00 ,$50.00 ,3,0,0,0,0,0,1,1,3,1,3,9,,
9916,1954,Graduation,Married,"$38,998.00 ",1,1,3/11/12,72,56+,92,1,$34.00 ,$1.00 ,$14.00 , $-   , $-   ,$5.00 ,3,0,0,0,0,0,0,0,2,0,3,8,,
9923,1972,Master,Single,"$46,423.00 ",1,1,9/18/13,54,46-55,6,0,$68.00 , $-   ,$16.00 , $-   , $-   ,$8.00 ,3,0,0,0,0,0,0,0,2,0,4,7,,
9925,1981,PhD,Together,"$39,665.00 ",1,0,5/25/13,45,36-45,97,0,$127.00 ,$1.00 ,$56.00 , $-   ,$1.00 ,$31.00 ,3,0,0,1,0,0,0,1,4,2,3,7,,
9930,1944,PhD,Single,"$82,716.00 ",0,0,5/11/13,82,56+,8,0,$606.00 ,$148.00 ,$228.00 ,$15.00 ,$148.00 ,$22.00 ,1,0,0,0,0,0,0,0,6,8,13,2,,
9931,1963,PhD,Married,"$4,023.00 ",1,1,6/23/14,63,56+,29,0,$5.00 , $-   ,$1.00 ,$1.00 ,$1.00 ,$1.00 ,15,0,0,0,0,0,0,0,0,0,0,19,,
9937,1979,Graduation,Single,"$70,337.00 ",0,0,2/1/14,47,46-55,75,0,$187.00 ,$81.00 ,$149.00 ,$25.00 ,$43.00 ,$91.00 ,1,0,0,0,0,0,0,0,2,2,12,1,,
9938,1954,Graduation,Married,"$80,067.00 ",0,0,9/19/13,72,56+,82,0,$519.00 ,$17.00 ,$813.00 ,$27.00 ,$173.00 ,$51.00 ,1,0,0,0,0,1,0,1,4,6,6,2,,
9940,1958,Graduation,Together,"$64,961.00 ",0,1,12/23/12,68,56+,97,0,$382.00 ,$114.00 ,$276.00 ,$75.00 ,$124.00 ,$38.00 ,2,0,0,0,0,0,0,0,6,4,4,3,,
9949,1976,Graduation,Married,"$59,809.00 ",0,2,10/18/12,50,46-55,36,0,$598.00 ,$16.00 ,$141.00 ,$32.00 ,$41.00 ,$49.00 ,3,0,0,0,0,0,0,0,3,3,6,8,,
9952,1947,Master,Together,"$78,093.00 ",0,0,11/12/13,79,56+,53,0,$368.00 ,$32.00 ,$639.00 ,$13.00 ,$43.00 ,$10.00 ,1,0,0,0,0,0,0,0,4,7,5,1,,
9955,1954,Graduation,Together,"$39,898.00 ",0,1,12/2/13,72,56+,20,0,$69.00 ,$8.00 ,$26.00 ,$12.00 ,$7.00 ,$12.00 ,2,0,0,0,0,0,0,0,3,0,4,7,,
9958,1972,Graduation,Married,"$65,685.00 ",0,1,3/29/14,54,46-55,54,0,$642.00 ,$14.00 ,$49.00 , $-   ,$7.00 ,$57.00 ,1,0,0,0,0,0,0,0,9,2,9,5,,
9960,1991,Basic,Single,"$26,868.00 ",1,0,4/30/14,35,26-35,52,0, $-   , $-   ,$1.00 ,$8.00 ,$3.00 ,$2.00 ,1,0,0,0,0,0,0,0,1,0,2,7,,
9964,1979,Graduation,Single,"$61,825.00 ",0,1,7/8/13,47,46-55,56,0,$162.00 ,$50.00 ,$100.00 ,$55.00 ,$30.00 ,$27.00 ,1,0,0,0,0,0,0,0,4,2,8,4,,
9967,1974,Graduation,Divorced,"$53,034.00 ",1,1,5/30/13,52,46-55,30,0,$160.00 ,$15.00 ,$196.00 ,$15.00 ,$11.00 ,$50.00 ,8,0,0,0,0,0,0,0,6,1,7,8,,
9970,1977,Graduation,Together,"$55,375.00 ",0,1,10/17/13,49,46-55,3,0,$42.00 ,$11.00 ,$57.00 ,$10.00 ,$28.00 ,$14.00 ,1,0,0,0,0,0,0,0,1,1,6,2,,
9971,1964,PhD,Married,"$65,526.00 ",0,1,11/4/14,62,56+,22,0,$397.00 ,$19.00 ,$69.00 ,$12.00 , $-   ,$9.00 ,1,0,0,0,0,0,0,0,4,4,8,2,,
9972,1955,PhD,Together,"$46,015.00 ",1,1,4/13/14,71,56+,25,0,$38.00 , $-   ,$2.00 , $-   , $-   ,$6.00 ,1,0,1,1,0,0,0,2,1,0,3,7,,
9973,1963,Graduation,Married,"$50,437.00 ",0,2,10/17/12,63,56+,28,0,$370.00 ,$9.00 ,$92.00 ,$6.00 ,$9.00 ,$4.00 ,3,0,0,0,0,0,0,0,7,1,8,7,,
9974,1974,Graduation,Married,"$30,631.00 ",1,0,12/7/13,52,46-55,75,0,$15.00 ,$6.00 ,$20.00 ,$4.00 ,$5.00 ,$20.00 ,1,0,0,0,0,0,0,0,3,1,2,7,,
9977,1973,Graduation,Divorced,"$78,901.00 ",0,1,9/17/13,53,46-55,99,0,$321.00 ,$11.00 ,$309.00 ,$33.00 ,$26.00 ,$34.00 ,3,0,0,0,0,0,0,0,9,3,5,4,,
9984,1981,2n Cycle,Married,"$56,337.00 ",1,1,3/27/13,45,36-45,25,0,$349.00 ,$16.00 ,$144.00 ,$28.00 ,$5.00 ,$182.00 ,5,1,0,1,0,0,1,3,8,5,4,8,,
9986,1982,Graduation,Together,"$19,444.00 ",1,0,2/22/14,44,36-45,8,0,$16.00 , $-   ,$23.00 ,$3.00 ,$2.00 ,$10.00 ,3,0,0,0,0,0,1,1,4,1,2,7,,
9988,1976,Master,Single,"$70,379.00 ",0,1,3/3/13,50,46-55,84,0,$553.00 ,$25.00 ,$142.00 ,$65.00 ,$67.00 ,$8.00 ,3,0,0,0,0,0,0,0,6,3,13,4,,
9999,1965,Graduation,Together,"$75,276.00 ",0,0,9/27/12,61,56+,2,0,$610.00 ,$105.00 ,$125.00 ,$137.00 ,$42.00 ,$21.00 ,1,0,0,0,0,0,0,0,9,4,9,5,,
10001,1985,2n Cycle,Together,"$7,500.00 ",1,0,1/8/12,41,36-45,98,0,$5.00 ,$17.00 ,$17.00 ,$13.00 ,$14.00 ,$34.00 ,4,0,0,0,0,0,0,0,2,1,3,9,,
10010,1953,PhD,Divorced,"$36,957.00 ",1,1,6/9/12,73,56+,43,0,$100.00 ,$2.00 ,$16.00 ,$2.00 ,$1.00 ,$31.00 ,4,0,0,0,0,0,1,1,3,2,2,9,,
10022,1973,PhD,Single,"$54,466.00 ",1,1,9/2/14,53,46-55,78,0,$12.00 , $-   ,$4.00 , $-   , $-   , $-   ,1,0,0,0,0,0,0,0,1,0,2,5,,
10031,1976,PhD,Married,"$16,927.00 ",1,1,10/2/13,50,46-55,50,0,$20.00 ,$2.00 ,$23.00 ,$3.00 ,$1.00 ,$4.00 ,5,0,0,0,0,0,0,0,3,0,4,8,,
10032,1976,Graduation,Divorced,"$12,571.00 ",1,0,1/18/14,50,46-55,86,0,$3.00 ,$5.00 ,$14.00 ,$2.00 ,$12.00 ,$17.00 ,4,0,0,0,0,0,0,0,3,1,3,6,,
10033,1973,2n Cycle,Divorced,"$31,163.00 ",1,0,2/13/14,53,46-55,54,0,$2.00 ,$3.00 ,$10.00 ,$11.00 ,$2.00 ,$10.00 ,1,0,0,0,0,0,0,0,1,0,3,6,,
10037,1993,Graduation,Single,"$74,293.00 ",0,0,4/5/14,33,26-35,66,0,$375.00 ,$152.00 ,$335.00 ,$93.00 ,$91.00 ,$81.00 ,1,0,0,0,0,0,0,0,5,4,6,2,,
10057,1951,Graduation,Single,"$72,282.00 ",0,0,7/19/13,75,56+,70,0,$503.00 ,$27.00 ,$419.00 ,$90.00 ,$139.00 ,$153.00 ,1,0,0,0,0,0,1,1,5,7,9,7,,
10061,1950,Graduation,Married,"$59,462.00 ",0,1,5/1/13,76,56+,29,0,$724.00 ,$17.00 ,$143.00 , $-   ,$8.00 ,$196.00 ,2,0,0,0,0,0,0,0,9,2,12,7,,
10065,1970,2n Cycle,Married,"$15,315.00 ",0,0,3/8/13,56,56+,27,0,$7.00 ,$4.00 ,$13.00 ,$15.00 ,$8.00 ,$17.00 ,2,0,0,0,0,0,0,0,2,0,4,5,,
10067,1976,2n Cycle,Together,"$25,176.00 ",1,1,10/8/13,50,46-55,79,0,$4.00 , $-   ,$4.00 , $-   , $-   ,$5.00 ,1,0,0,0,0,0,0,0,1,0,2,7,,
10069,1988,Basic,Together,"$13,724.00 ",1,0,8/31/12,38,36-45,43,0,$2.00 ,$7.00 ,$5.00 ,$2.00 ,$15.00 ,$27.00 ,1,0,0,1,0,0,0,1,2,0,2,9,,
10084,1972,Graduation,Married,"$24,434.00 ",2,0,5/18/14,54,46-55,9,0,$3.00 ,$2.00 ,$8.00 ,$20.00 , $-   ,$17.00 ,2,0,0,0,0,0,0,0,2,1,2,7,,
10089,1974,Graduation,Divorced,"$102,692.00 ",0,0,5/4/13,52,46-55,5,0,$168.00 ,$148.00 ,$444.00 ,$32.00 ,$172.00 ,$148.00 ,1,1,1,0,1,1,1,5,6,9,13,2,,
10091,1956,Graduation,Single,"$60,230.00 ",0,1,5/20/13,70,56+,78,0,$520.00 ,$20.00 ,$367.00 ,$39.00 ,$81.00 ,$40.00 ,2,0,0,0,0,0,0,0,6,3,6,5,,
10092,1954,Graduation,Divorced,"$70,044.00 ",0,1,2/18/13,72,56+,46,0,"$1,073.00 ", $-   ,$250.00 ,$153.00 ,$14.00 ,$14.00 ,4,0,0,0,0,0,0,0,7,10,5,5,,
10095,1975,PhD,Divorced,"$74,165.00 ",0,0,1/5/13,51,46-55,9,0,"$1,001.00 ",$12.00 ,$240.00 ,$16.00 ,$12.00 ,$12.00 ,1,0,0,0,0,0,0,0,5,4,10,2,,
10099,1984,Graduation,Married,"$55,434.00 ",1,0,5/10/13,42,36-45,21,0,$238.00 ,$115.00 ,$215.00 ,$169.00 ,$69.00 ,$76.00 ,3,0,0,0,0,0,0,0,5,3,13,4,,
10102,1966,Graduation,Widow,"$79,946.00 ",0,0,12/5/14,60,56+,19,0,$395.00 ,$183.00 ,$565.00 ,$166.00 ,$141.00 ,$28.00 ,1,0,0,0,0,0,0,0,5,11,5,3,,
10104,1974,Graduation,Together,"$33,590.00 ",2,1,3/11/13,52,46-55,65,0,$4.00 , $-   ,$2.00 , $-   , $-   ,$2.00 ,1,0,0,0,0,0,0,0,1,0,2,7,,
10120,1955,Graduation,Together,"$38,946.00 ",0,1,10/24/13,71,56+,84,0,$116.00 ,$6.00 ,$82.00 ,$6.00 ,$6.00 ,$41.00 ,2,0,0,0,0,0,0,0,3,1,6,5,,
10127,1965,Graduation,Married,"$58,692.00 ",0,1,6/4/14,61,56+,21,0,$301.00 ,$11.00 ,$61.00 ,$4.00 ,$7.00 ,$11.00 ,1,0,0,0,0,0,0,0,8,2,4,7,,
10128,1958,Graduation,Together,"$53,977.00 ",0,1,8/6/13,68,56+,21,0,$620.00 ,$16.00 ,$165.00 , $-   ,$24.00 ,$82.00 ,5,0,0,0,0,0,0,0,5,5,12,5,,
10129,1966,Graduation,Together,"$82,427.00 ",0,0,12/3/14,60,56+,35,0,$482.00 ,$147.00 ,$509.00 ,$104.00 ,$107.00 ,$107.00 ,1,0,0,0,0,1,0,1,3,5,12,1,,
10133,1970,Graduation,Single,"$93,790.00 ",0,0,12/2/14,56,56+,16,0,"$1,302.00 ",$68.00 ,$731.00 ,$89.00 ,$114.00 ,$45.00 ,0,1,0,0,1,1,1,4,6,7,12,2,,
10140,1983,PhD,Together,"$70,123.00 ",0,0,9/28/13,43,36-45,27,0,"$1,308.00 ", $-   ,$396.00 ,$23.00 , $-   , $-   ,1,0,1,0,1,0,0,2,5,7,4,3,,
10141,1960,Master,Divorced,"$39,228.00 ",0,0,10/5/13,66,56+,1,0,$7.00 ,$1.00 ,$6.00 , $-   ,$3.00 ,$3.00 ,1,0,0,0,0,0,0,0,0,0,3,4,,
10142,1976,PhD,Divorced,"$66,476.00 ",0,1,7/3/13,50,46-55,99,0,$372.00 ,$18.00 ,$126.00 ,$47.00 ,$48.00 ,$78.00 ,2,0,0,0,0,0,0,0,5,2,11,4,,
10144,1976,Graduation,Together,"$51,369.00 ",0,1,10/25/12,50,46-55,84,0,$297.00 ,$7.00 ,$79.00 , $-   ,$11.00 ,$182.00 ,2,0,0,0,0,0,0,0,8,2,4,8,,
10146,1972,PhD,Together,"$38,887.00 ",1,0,2/3/14,54,46-55,17,0,$25.00 ,$1.00 ,$13.00 , $-   , $-   ,$3.00 ,1,0,0,0,0,0,0,0,1,0,3,7,,
10150,1961,Graduation,Single,"$86,429.00 ",0,0,11/21/13,65,56+,10,0,$464.00 ,$28.00 ,$873.00 ,$29.00 ,$18.00 ,$37.00 ,0,1,0,0,0,0,1,2,7,4,7,2,,
10151,1960,Graduation,Divorced,"$62,204.00 ",0,2,12/9/12,66,56+,38,0,$317.00 ,$46.00 ,$247.00 ,$151.00 ,$46.00 ,$139.00 ,1,0,0,0,0,0,0,0,4,5,12,3,,
10156,1975,Graduation,Single,"$84,196.00 ",0,1,3/6/13,51,46-55,56,0,$215.00 ,$63.00 ,$507.00 ,$231.00 ,$31.00 ,$190.00 ,1,0,0,0,0,0,0,0,8,4,7,3,,
10157,1965,Graduation,Single,"$59,686.00 ",0,1,1/25/14,61,56+,78,0,$89.00 ,$15.00 ,$89.00 ,$34.00 ,$42.00 ,$5.00 ,1,0,0,0,0,0,0,0,4,1,6,4,,
10159,1970,Graduation,Divorced,"$58,710.00 ",0,1,3/31/13,56,56+,77,0,$440.00 ,$81.00 ,$368.00 , $-   ,$122.00 ,$174.00 ,6,0,0,0,0,0,0,0,11,5,9,6,,
10160,1956,Master,Together,"$50,943.00 ",0,1,6/21/13,70,56+,49,0,$31.00 , $-   ,$7.00 ,$2.00 , $-   ,$6.00 ,1,0,0,0,0,0,0,0,1,0,3,5,,
10163,1984,PhD,Single,"$82,733.00 ",0,0,10/9/13,42,36-45,28,0,$712.00 ,$50.00 ,$420.00 ,$65.00 ,$38.00 ,$38.00 ,1,0,0,0,0,0,1,1,8,4,7,4,,
10164,1958,Graduation,Single,"$94,472.00 ",0,1,3/4/14,68,56+,75,0,"$1,017.00 ",$33.00 ,$417.00 ,$108.00 ,$100.00 ,$16.00 ,1,0,0,0,1,1,0,2,5,5,5,5,,
10172,1988,Graduation,Single,"$68,655.00 ",0,0,10/8/12,38,36-45,95,0,$456.00 ,$19.00 ,$832.00 ,$75.00 ,$118.00 ,$38.00 ,1,0,0,0,0,0,0,0,4,5,11,3,,
10175,1958,PhD,Divorced,"$32,173.00 ",0,1,1/8/13,68,56+,0,0,$18.00 , $-   ,$2.00 , $-   , $-   ,$2.00 ,1,0,0,0,0,0,0,0,1,0,3,4,,
10176,1968,Graduation,Single,"$57,107.00 ",0,1,8/24/12,58,56+,44,0,$159.00 , $-   ,$120.00 , $-   , $-   ,$137.00 ,7,0,1,0,1,0,1,3,4,4,8,8,,
10177,1954,Graduation,Divorced,"$72,071.00 ",0,1,2/14/13,72,56+,4,0,$531.00 ,$69.00 ,$300.00 ,$150.00 ,$138.00 ,$150.00 ,3,0,0,0,0,0,0,0,5,4,8,2,,
10196,1978,Graduation,Married,"$71,427.00 ",2,0,12/3/14,48,46-55,26,0,$212.00 ,$123.00 ,$177.00 ,$15.00 ,$64.00 ,$23.00 ,2,0,0,0,0,0,0,0,8,2,8,4,,
10203,1990,Graduation,Single,"$26,095.00 ",1,0,6/30/13,36,36-45,77,0,$11.00 ,$7.00 ,$9.00 ,$3.00 ,$1.00 ,$11.00 ,1,0,0,0,0,0,0,0,1,0,3,7,,
10207,1978,Graduation,Together,"$22,775.00 ",1,0,6/19/13,48,46-55,40,0,$5.00 ,$1.00 ,$8.00 , $-   , $-   ,$1.00 ,1,0,0,0,0,0,0,0,1,0,2,8,,
10212,1986,Master,Together,"$42,386.00 ",1,0,1/13/13,40,36-45,43,0,$65.00 ,$4.00 ,$16.00 , $-   ,$4.00 ,$11.00 ,1,0,0,0,0,0,0,0,3,0,3,8,,
10219,1972,Graduation,Together,"$31,590.00 ",1,0,6/18/13,54,46-55,40,0,$6.00 ,$2.00 ,$15.00 ,$6.00 ,$6.00 ,$3.00 ,1,0,0,0,0,0,0,0,1,0,3,8,,
10232,1963,PhD,Divorced,"$48,799.00 ",0,1,5/11/13,63,56+,9,0,$174.00 ,$18.00 ,$81.00 ,$28.00 ,$6.00 ,$24.00 ,3,0,0,0,0,0,0,0,3,2,7,3,,
10236,1975,Master,Single,"$31,160.00 ",1,0,9/16/13,51,46-55,59,0,$16.00 ,$3.00 ,$25.00 ,$6.00 ,$1.00 ,$13.00 ,2,0,0,0,0,0,0,0,2,0,3,8,,
10240,1949,Graduation,Together,"$69,372.00 ",0,0,2/19/13,77,56+,10,0,$997.00 ,$26.00 ,$269.00 ,$34.00 ,$13.00 ,$42.00 ,1,0,0,0,1,1,1,3,10,4,6,4,,
10241,1975,2n Cycle,Divorced,"$11,448.00 ",0,0,12/15/13,51,46-55,16,0, $-   , $-   , $-   ,$6.00 ,$2.00 ,$6.00 ,1,0,0,0,0,0,0,0,1,0,2,6,,
10242,1966,PhD,Together,"$47,472.00 ",1,1,9/16/13,60,56+,39,0,$56.00 , $-   ,$11.00 , $-   , $-   ,$8.00 ,2,0,0,0,0,0,0,0,2,0,4,5,,
10245,1986,2n Cycle,Single,"$80,910.00 ",0,0,10/31/12,40,36-45,71,0,$160.00 ,$80.00 ,$369.00 ,$67.00 ,$39.00 ,$41.00 ,1,0,0,0,0,0,0,0,3,3,8,1,,
10250,1947,Basic,Together,"$28,389.00 ",0,0,11/20/12,79,56+,49,0,$1.00 ,$5.00 ,$3.00 ,$7.00 ,$4.00 ,$8.00 ,1,0,0,0,0,0,0,0,1,0,2,7,,
10258,1965,Master,Single,"$35,791.00 ",2,1,6/5/13,61,56+,94,0,$27.00 , $-   ,$5.00 , $-   , $-   ,$3.00 ,2,0,0,0,0,0,0,0,1,0,3,8,,
10260,1965,Master,Together,"$45,143.00 ",0,1,8/26/13,61,56+,74,0,$202.00 ,$5.00 ,$74.00 ,$11.00 ,$5.00 ,$14.00 ,3,0,0,0,0,0,0,0,6,1,5,7,,
10262,1980,Graduation,Married,"$15,072.00 ",2,0,10/5/13,46,46-55,96,0,$8.00 ,$2.00 ,$15.00 , $-   ,$10.00 ,$18.00 ,4,0,0,0,0,0,0,0,3,1,3,5,,
10264,1979,Graduation,Divorced,"$15,287.00 ",1,0,10/10/12,47,46-55,60,0,$1.00 ,$2.00 ,$8.00 ,$4.00 ,$3.00 ,$13.00 ,2,0,0,1,0,0,1,2,1,1,2,7,,
10270,1981,2n Cycle,Married,"$35,523.00 ",1,0,3/10/13,45,36-45,8,0,$11.00 ,$5.00 ,$22.00 ,$12.00 ,$5.00 ,$11.00 ,2,0,0,0,0,0,0,0,3,0,3,7,,
10277,1961,Graduation,Single,"$30,081.00 ",0,1,2/21/13,65,56+,27,0,$36.00 , $-   ,$2.00 , $-   , $-   ,$4.00 ,1,0,0,0,0,0,0,0,1,0,3,7,,
10281,1970,Graduation,Divorced,"$64,713.00 ",1,0,7/2/14,56,56+,11,0,$180.00 ,$60.00 ,$241.00 ,$13.00 ,$54.00 ,$54.00 ,2,0,0,0,0,0,1,1,5,5,7,4,,
10286,1962,Graduation,Married,"$83,715.00 ",0,0,3/2/14,64,56+,2,0,$318.00 ,$8.00 ,$407.00 ,$150.00 ,$35.00 ,$8.00 ,1,0,0,0,0,0,0,0,2,8,13,0,,
10299,1969,PhD,Single,"$48,240.00 ",0,0,9/11/12,57,56+,73,0,$389.00 ,$91.00 ,$248.00 ,$64.00 ,$49.00 ,$41.00 ,3,0,0,0,0,0,1,1,6,3,13,5,,
10304,1959,Graduation,Married,"$18,690.00 ",0,0,12/28/12,67,56+,77,0,$6.00 ,$1.00 ,$7.00 ,$23.00 ,$4.00 ,$19.00 ,1,0,0,0,0,0,0,0,1,1,2,8,,
10307,1956,Graduation,Married,"$50,387.00 ",0,2,8/31/13,70,56+,91,0,$369.00 ,$9.00 ,$87.00 ,$12.00 ,$14.00 ,$34.00 ,3,0,0,0,0,0,0,0,6,2,8,5,,
10311,1969,Graduation,Married,"$4,428.00 ",0,1,5/10/13,57,56+,0,0,$16.00 ,$4.00 ,$12.00 ,$2.00 ,$4.00 ,$321.00 ,0,0,0,0,0,0,0,0,25,0,0,1,,
10313,1975,Graduation,Married,"$48,178.00 ",1,1,10/28/12,51,46-55,69,0,$159.00 ,$4.00 ,$45.00 ,$6.00 ,$2.00 ,$38.00 ,6,0,0,0,0,0,0,0,5,1,4,8,,
10314,1948,PhD,Married,"$83,837.00 ",0,0,12/16/12,78,56+,79,0,$847.00 ,$66.00 ,$119.00 ,$86.00 ,$89.00 ,$111.00 ,1,1,0,0,1,0,1,3,9,10,5,4,,
10319,1971,Graduation,Married,"$66,303.00 ",0,1,2/26/13,55,46-55,56,0,"$1,090.00 ",$12.00 ,$96.00 ,$16.00 ,$12.00 ,$60.00 ,4,0,0,0,1,0,0,1,3,4,11,8,,
10323,1952,Graduation,Married,"$49,413.00 ",0,1,10/25/13,74,56+,88,0,$205.00 ,$7.00 ,$41.00 ,$3.00 ,$2.00 ,$46.00 ,2,0,0,0,0,0,0,0,4,2,5,5,,
10339,1954,Master,Together,,0,1,6/23/13,72,56+,83,0,$161.00 , $-   ,$22.00 , $-   , $-   ,$24.00 ,2,0,0,0,0,0,0,0,4,1,4,6,,
10340,1984,Graduation,Together,"$35,196.00 ",1,0,11/13/12,42,36-45,68,0,$75.00 ,$12.00 ,$141.00 ,$43.00 ,$39.00 ,$187.00 ,6,0,0,0,0,0,0,0,6,1,5,8,,
10341,1948,Graduation,Together,"$51,315.00 ",0,0,2/23/14,78,56+,45,0,$68.00 ,$28.00 ,$39.00 ,$16.00 ,$30.00 ,$41.00 ,1,0,0,0,0,0,0,0,2,2,5,2,,
10343,1991,2n Cycle,Single,"$61,618.00 ",0,0,9/29/12,35,26-35,27,0,$605.00 ,$91.00 ,$399.00 , $-   ,$45.00 ,$205.00 ,2,0,0,0,0,0,0,0,3,6,8,3,,
10350,1950,PhD,Married,"$54,432.00 ",2,1,9/5/13,76,56+,37,0,$33.00 , $-   ,$5.00 , $-   , $-   , $-   ,1,0,0,0,0,0,0,0,1,0,3,4,,
10352,1963,Graduation,Widow,"$34,213.00 ",1,1,7/9/12,63,56+,2,0,$50.00 ,$4.00 ,$28.00 ,$6.00 ,$3.00 ,$26.00 ,3,0,0,0,0,0,1,1,3,1,2,9,,
10356,1957,PhD,Divorced,"$41,437.00 ",1,1,9/22/12,69,56+,5,0,$29.00 , $-   ,$2.00 , $-   , $-   ,$1.00 ,1,0,0,0,0,0,0,0,1,0,3,7,,
10364,1959,Graduation,Divorced,"$23,295.00 ",0,0,7/13/13,67,56+,72,0, $-   , $-   ,$1.00 ,$2.00 ,$12.00 ,$5.00 ,1,0,0,0,0,0,0,0,1,0,2,8,,
10377,1958,Master,Together,"$46,692.00 ",0,1,6/6/13,68,56+,37,0,$170.00 ,$6.00 ,$97.00 ,$24.00 ,$12.00 ,$88.00 ,3,0,0,0,0,0,0,0,6,1,5,6,,
10379,1962,Master,Single,"$59,247.00 ",0,2,8/11/13,64,56+,87,0,$327.00 ,$9.00 ,$122.00 ,$19.00 ,$14.00 ,$83.00 ,5,0,0,0,0,0,0,0,5,2,9,6,,
10380,1972,Master,Married,"$37,787.00 ",1,0,9/20/13,54,46-55,50,0,$40.00 ,$1.00 ,$40.00 ,$4.00 ,$3.00 ,$18.00 ,1,0,0,0,0,0,0,0,3,0,3,8,,
10381,1979,Graduation,Single,"$47,691.00 ",0,1,5/7/13,47,46-55,43,0,$14.00 , $-   ,$3.00 , $-   , $-   ,$4.00 ,1,0,0,0,0,0,0,0,1,0,2,6,,
10383,1966,Graduation,Divorced,"$70,287.00 ",0,0,2/4/13,60,56+,30,0,$295.00 ,$35.00 ,$482.00 ,$121.00 ,$120.00 ,$40.00 ,1,0,0,0,0,0,1,1,5,5,10,3,,
10390,1959,2n Cycle,Married,"$26,887.00 ",0,1,10/2/13,67,56+,27,0,$6.00 ,$7.00 ,$4.00 ,$3.00 ,$4.00 ,$6.00 ,1,0,0,0,0,0,0,0,1,0,3,6,,
10394,1984,Graduation,Married,"$90,000.00 ",0,0,12/23/13,42,36-45,91,0,$675.00 ,$144.00 ,$133.00 ,$94.00 ,$192.00 ,$241.00 ,1,1,0,1,0,1,0,3,4,8,5,1,,
10395,1986,Basic,Single,"$8,940.00 ",1,0,8/22/12,40,36-45,25,0,$1.00 ,$45.00 ,$3.00 ,$4.00 ,$6.00 ,$42.00 ,3,0,0,0,0,0,0,0,3,1,3,8,,
10398,1981,2n Cycle,Single,"$24,336.00 ",1,0,8/27/12,45,36-45,82,0,$1.00 ,$6.00 ,$2.00 ,$8.00 ,$2.00 ,$12.00 ,1,0,0,0,0,0,0,0,1,0,2,7,,
10401,1976,2n Cycle,Together,"$26,326.00 ",0,0,4/9/13,50,46-55,12,1,$1.00 , $-   ,$5.00 , $-   ,$3.00 ,$9.00 ,1,0,0,0,0,0,0,0,0,0,3,3,,
10402,1967,Graduation,Married,"$35,441.00 ",1,1,2/14/13,59,56+,94,0,$25.00 ,$1.00 ,$9.00 ,$2.00 ,$1.00 ,$1.00 ,2,0,0,0,0,0,0,0,1,0,3,8,,
10403,1978,Graduation,Together,"$16,531.00 ",1,0,6/18/14,48,46-55,43,0,$2.00 ,$13.00 ,$6.00 ,$7.00 ,$5.00 ,$11.00 ,3,0,0,0,0,0,0,0,3,0,3,7,,
10413,1984,Graduation,Married,"$72,570.00 ",0,0,4/25/14,42,36-45,67,0,$274.00 ,$83.00 ,$216.00 ,$151.00 ,$141.00 ,$224.00 ,1,0,0,0,0,0,0,0,4,6,12,1,,
10420,1955,Master,Divorced,"$46,390.00 ",0,1,5/5/14,71,56+,56,0,$95.00 ,$14.00 ,$64.00 ,$2.00 ,$9.00 ,$38.00 ,1,0,0,0,0,0,0,0,4,2,3,7,,
10424,1968,Graduation,Single,"$75,922.00 ",0,0,9/12/13,58,56+,60,0,$265.00 ,$138.00 ,$553.00 ,$224.00 ,$23.00 ,$92.00 ,1,0,0,0,0,0,0,0,4,4,9,1,,
10430,1973,Graduation,Divorced,"$89,694.00 ",1,1,9/10/13,53,46-55,22,0,"$1,126.00 ",$28.00 ,$211.00 ,$37.00 ,$28.00 ,$42.00 ,3,1,0,0,1,1,0,3,4,3,4,5,,
10432,1974,Graduation,Divorced,"$19,346.00 ",1,0,1/30/14,52,46-55,26,0,$2.00 , $-   ,$9.00 ,$3.00 ,$6.00 ,$2.00 ,1,0,0,0,0,0,0,0,1,0,3,8,,
10446,1957,PhD,Married,"$82,017.00 ",0,0,7/11/12,69,56+,58,0,$184.00 ,$23.00 ,$446.00 ,$30.00 ,$23.00 ,$23.00 ,1,1,0,0,1,1,1,4,5,4,7,2,,
10448,1956,Graduation,Single,"$46,998.00 ",0,1,10/22/12,70,56+,55,0,$172.00 ,$41.00 ,$86.00 ,$45.00 ,$6.00 ,$27.00 ,5,0,0,1,0,0,0,1,5,3,5,7,,
10451,1965,Graduation,Together,"$29,672.00 ",1,1,12/3/13,61,56+,6,0,$9.00 ,$1.00 ,$3.00 , $-   ,$4.00 ,$8.00 ,1,0,0,0,0,0,0,0,0,0,3,6,,
10466,1965,Graduation,Married,"$44,393.00 ",1,1,8/22/13,61,56+,86,0,$24.00 ,$2.00 ,$20.00 ,$2.00 ,$2.00 ,$10.00 ,2,0,0,0,0,0,0,0,1,0,4,4,,
10469,1981,Graduation,Together,"$88,325.00 ",0,0,5/2/14,45,36-45,42,0,$519.00 ,$71.00 ,$860.00 ,$93.00 ,$27.00 ,$53.00 ,1,0,0,0,0,0,0,0,6,2,9,2,,
10470,1979,Master,Married,"$40,662.00 ",1,0,3/15/13,47,46-55,0,0,$40.00 ,$2.00 ,$23.00 , $-   ,$4.00 ,$23.00 ,2,0,0,0,0,0,0,0,2,1,3,4,,
10473,1956,PhD,Widow,"$78,028.00 ",0,1,10/9/12,70,56+,38,0,$158.00 ,$19.00 ,$288.00 ,$25.00 , $-   ,$38.00 ,1,0,0,0,1,1,1,3,6,4,9,7,,
10475,1970,Master,Together,,0,1,1/4/13,56,56+,39,0,$187.00 ,$5.00 ,$65.00 ,$26.00 ,$20.00 ,$14.00 ,2,0,0,0,0,0,0,0,4,2,6,5,,
10476,1958,Graduation,Married,"$67,267.00 ",0,1,5/13/14,68,56+,0,0,$134.00 ,$11.00 ,$59.00 ,$15.00 ,$2.00 ,$30.00 ,1,0,0,0,0,0,0,0,3,2,5,2,,
10477,1973,PhD,Together,"$39,435.00 ",1,0,6/8/13,53,46-55,16,0,$71.00 , $-   ,$18.00 , $-   , $-   ,$13.00 ,1,0,0,0,0,0,0,0,3,1,2,7,,
10478,1950,PhD,Married,"$55,517.00 ",1,1,9/27/12,76,56+,53,0,$483.00 , $-   ,$108.00 , $-   ,$6.00 ,$36.00 ,5,0,0,0,0,0,1,1,11,1,6,9,,
10479,1975,PhD,Married,"$76,618.00 ",0,0,7/12/12,51,46-55,64,0,$749.00 ,$40.00 ,$294.00 ,$121.00 ,$160.00 ,$147.00 ,1,0,0,0,0,0,0,0,3,2,5,1,,
10486,1948,Graduation,Married,"$77,142.00 ",0,0,5/29/13,78,56+,54,0,$476.00 ,$75.00 ,$162.00 ,$29.00 ,$151.00 ,$97.00 ,1,0,0,0,0,0,0,0,4,4,8,2,,
10489,1973,Graduation,Married,"$92,955.00 ",0,0,8/19/13,53,46-55,35,0,$693.00 ,$21.00 ,$925.00 ,$31.00 ,$24.00 ,$84.00 ,1,1,0,0,0,1,1,3,6,7,9,2,,
10490,1969,PhD,Married,"$51,039.00 ",1,1,10/12/12,57,56+,11,0,$100.00 ,$64.00 ,$79.00 ,$65.00 , $-   ,$109.00 ,2,0,0,0,0,0,0,0,6,2,4,7,,
10492,1959,Graduation,Together,"$38,285.00 ",2,1,6/24/14,67,56+,96,0,$2.00 , $-   ,$5.00 ,$2.00 , $-   ,$1.00 ,1,0,0,0,0,0,0,0,0,0,3,2,,
10500,1984,Graduation,Married,"$31,761.00 ",1,0,5/4/14,42,36-45,96,0,$19.00 ,$1.00 ,$20.00 ,$16.00 ,$14.00 ,$28.00 ,2,0,0,0,0,0,0,0,3,0,4,5,,
10505,1960,Master,Together,"$73,113.00 ",0,0,12/26/13,66,56+,86,0,$741.00 ,$19.00 ,$154.00 ,$50.00 ,$9.00 ,$28.00 ,1,0,0,0,0,0,0,0,3,4,7,2,,
10507,1977,2n Cycle,Divorced,"$59,601.00 ",0,1,7/25/13,49,46-55,14,0,$691.00 ,$7.00 ,$69.00 , $-   ,$7.00 ,$23.00 ,4,0,0,0,1,0,0,1,2,2,7,8,,
10509,1955,Master,Single,"$36,927.00 ",1,1,2/6/14,71,56+,46,0,$51.00 , $-   ,$16.00 , $-   , $-   ,$4.00 ,2,0,0,0,0,0,0,0,3,0,3,8,,
10513,1992,Graduation,Together,"$63,207.00 ",0,0,1/20/13,34,26-35,68,0,$438.00 ,$169.00 ,$565.00 ,$91.00 ,$169.00 ,$70.00 ,1,1,0,0,0,0,0,1,2,3,6,7,,
10521,1977,Graduation,Married,"$54,809.00 ",1,1,11/9/13,49,46-55,0,0,$63.00 ,$6.00 ,$57.00 ,$13.00 ,$13.00 ,$22.00 ,4,0,0,0,0,0,1,1,2,1,5,4,,
10524,1963,Master,Divorced,"$49,476.00 ",0,1,6/20/13,63,56+,29,0,$386.00 ,$23.00 ,$95.00 ,$54.00 ,$41.00 ,$196.00 ,4,0,0,0,0,0,0,0,2,11,5,2,,
10525,1986,Graduation,Single,"$26,576.00 ",1,0,10/13/12,40,36-45,40,0,$10.00 , $-   ,$8.00 , $-   , $-   ,$9.00 ,1,0,0,1,0,0,1,2,1,0,2,9,,
10530,1959,PhD,Widow,"$67,786.00 ",0,0,7/12/13,67,56+,0,0,$431.00 ,$82.00 ,$441.00 ,$80.00 ,$20.00 ,$102.00 ,1,0,0,0,0,0,1,1,3,6,6,1,,
10536,1971,PhD,Together,"$32,892.00 ",1,0,5/25/14,55,46-55,78,0,$26.00 , $-   ,$15.00 ,$2.00 ,$1.00 ,$2.00 ,2,0,0,0,0,0,0,0,3,0,3,8,,
10542,1968,PhD,Married,"$36,778.00 ",1,1,5/8/12,58,56+,63,0,$29.00 ,$4.00 ,$34.00 ,$2.00 ,$4.00 ,$4.00 ,3,0,0,0,0,0,0,0,3,0,3,9,,
10548,1995,Graduation,Single,"$71,163.00 ",0,0,9/3/14,31,26-35,30,0,$283.00 ,$17.00 ,$372.00 ,$138.00 ,$106.00 ,$44.00 ,1,0,0,0,0,0,0,0,3,8,12,1,,
10552,1979,2n Cycle,Married,"$54,210.00 ",0,1,5/20/13,47,46-55,18,0,$70.00 ,$54.00 ,$109.00 ,$80.00 ,$9.00 ,$45.00 ,2,0,0,0,0,0,0,0,4,1,7,5,,
10556,1959,Graduation,Married,"$54,984.00 ",0,1,5/24/14,67,56+,51,0,$173.00 ,$13.00 ,$131.00 ,$32.00 ,$3.00 ,$6.00 ,4,1,0,0,0,0,0,1,6,1,6,7,,
10560,1980,PhD,Single,"$36,802.00 ",1,0,6/16/14,46,46-55,23,0,$16.00 ,$1.00 ,$2.00 , $-   , $-   ,$1.00 ,1,0,0,0,0,0,0,0,1,0,3,5,,
10562,1946,Master,Married,"$66,835.00 ",0,0,9/28/13,80,56+,21,0,$620.00 ,$26.00 ,$195.00 ,$34.00 ,$17.00 ,$141.00 ,1,0,0,0,0,0,0,0,6,4,13,2,,
10573,1953,Graduation,Divorced,"$62,551.00 ",0,0,11/18/13,73,56+,27,0,$125.00 ,$16.00 ,$98.00 ,$134.00 ,$21.00 ,$27.00 ,1,0,0,1,0,0,0,1,6,7,4,3,,
10581,1977,Graduation,Married,"$41,124.00 ",1,0,10/31/12,49,46-55,41,0,$281.00 ,$7.00 ,$84.00 ,$15.00 , $-   ,$119.00 ,7,0,0,0,0,0,0,0,7,3,4,8,,
10582,1979,Graduation,Married,"$72,063.00 ",0,1,3/7/13,47,46-55,3,0,$180.00 ,$32.00 ,$348.00 ,$76.00 ,$32.00 ,$90.00 ,2,0,0,0,0,0,0,0,5,2,12,2,,
10584,1976,Graduation,Married,"$65,665.00 ",0,1,2/12/13,50,46-55,77,0,$225.00 ,$162.00 ,$387.00 ,$106.00 ,$36.00 ,$29.00 ,1,0,0,0,0,0,0,0,5,10,8,3,,
10590,1956,PhD,Together,"$76,542.00 ",0,0,3/30/13,70,56+,91,0,$794.00 ,$73.00 ,$573.00 , $-   ,$29.00 ,$14.00 ,1,0,0,0,0,0,0,0,4,8,10,2,,
10591,1969,Graduation,Widow,"$43,638.00 ",0,1,6/8/12,57,56+,37,0,$63.00 ,$10.00 ,$83.00 ,$7.00 ,$19.00 ,$19.00 ,2,0,0,0,0,0,0,0,4,1,4,7,,
10595,1990,Graduation,Married,"$30,093.00 ",0,0,8/7/13,36,36-45,19,0,$2.00 ,$6.00 ,$28.00 ,$13.00 ,$4.00 ,$16.00 ,1,0,0,0,0,0,0,0,2,0,3,7,,
10598,1967,Graduation,Together,"$27,943.00 ",1,1,4/15/13,59,56+,89,0,$12.00 ,$1.00 ,$16.00 ,$4.00 ,$1.00 ,$3.00 ,3,0,0,0,0,0,0,0,2,0,3,8,,
10602,1983,Graduation,Married,"$39,922.00 ",1,0,2/14/13,43,36-45,30,0,$29.00 ,$12.00 ,$59.00 ,$19.00 ,$1.00 ,$36.00 ,2,0,0,0,0,0,0,0,3,0,4,8,,
10609,1962,PhD,Married,"$42,769.00 ",0,1,12/10/13,64,56+,15,0,$71.00 , $-   ,$13.00 ,$3.00 ,$1.00 , $-   ,2,0,0,0,0,0,0,0,1,1,4,4,,
10613,1958,PhD,Together,"$37,334.00 ",1,1,2/26/14,68,56+,44,0,$26.00 ,$1.00 ,$16.00 ,$2.00 ,$2.00 ,$15.00 ,4,0,0,0,0,0,0,0,3,0,4,4,,
10617,1989,Master,Divorced,"$10,979.00 ",0,0,5/22/14,37,36-45,34,0,$8.00 ,$4.00 ,$10.00 ,$2.00 ,$2.00 ,$4.00 ,2,0,0,0,0,0,0,0,3,0,3,5,,
10619,1994,Graduation,Single,"$95,529.00 ",0,0,3/12/12,32,26-35,29,0,$770.00 ,$29.00 ,$890.00 ,$250.00 ,$27.00 ,$24.00 ,1,0,0,0,0,1,1,2,7,3,7,3,,
10623,1961,Master,Together,"$48,330.00 ",0,1,11/15/13,65,56+,2,0,$28.00 , $-   ,$4.00 , $-   , $-   , $-   ,1,0,0,0,0,0,0,0,1,0,3,5,,
10629,1973,2n Cycle,Married,,1,0,9/14/12,53,46-55,25,0,$25.00 ,$3.00 ,$43.00 ,$17.00 ,$4.00 ,$17.00 ,3,0,0,0,0,0,0,0,3,0,3,8,,
10634,1951,Master,Married,"$59,412.00 ",0,0,4/19/14,75,56+,56,0,$90.00 ,$67.00 ,$165.00 ,$30.00 ,$43.00 ,$11.00 ,1,0,0,0,0,0,0,0,4,2,8,3,,
10637,1964,Graduation,Married,"$40,800.00 ",1,2,1/1/13,62,56+,77,1,$24.00 , $-   ,$27.00 ,$8.00 ,$30.00 ,$10.00 ,2,0,0,0,0,0,0,0,3,0,3,7,,
10640,1974,Graduation,Together,"$44,392.00 ",1,1,5/9/13,52,46-55,71,0,$87.00 ,$5.00 ,$71.00 ,$7.00 ,$12.00 ,$29.00 ,5,0,0,0,0,0,0,0,4,1,4,7,,
10641,1978,Graduation,Single,"$7,500.00 ",1,1,12/27/12,48,46-55,5,0,$6.00 ,$5.00 ,$4.00 ,$13.00 ,$4.00 ,$25.00 ,4,0,0,0,0,0,0,0,2,1,3,6,,
10642,1989,Graduation,Single,"$30,279.00 ",1,0,12/30/12,37,36-45,13,0,$10.00 ,$4.00 ,$14.00 ,$4.00 ,$4.00 ,$1.00 ,1,0,0,0,0,0,0,0,1,0,3,8,,
10643,1987,PhD,Single,"$42,000.00 ",0,0,10/1/13,39,36-45,23,0,$124.00 ,$83.00 ,$267.00 ,$85.00 ,$59.00 ,$35.00 ,2,0,0,0,0,0,1,1,5,2,11,5,,
10648,1982,2n Cycle,Together,"$66,664.00 ",0,0,9/25/12,44,36-45,78,0,$398.00 ,$96.00 ,$447.00 ,$220.00 ,$96.00 ,$32.00 ,1,0,0,0,0,0,0,0,5,7,6,3,,
10652,1957,Master,Together,"$65,487.00 ",0,0,10/1/14,69,56+,48,0,$240.00 ,$67.00 ,$500.00 ,$199.00 , $-   ,$163.00 ,3,0,0,0,0,0,0,0,3,5,6,2,,
10659,1979,2n Cycle,Together,"$7,500.00 ",1,0,7/5/13,47,46-55,7,0,$2.00 ,$8.00 ,$11.00 ,$3.00 ,$8.00 ,$21.00 ,4,0,0,0,0,0,0,0,3,2,2,7,,
10660,1957,Master,Married,"$66,726.00 ",1,1,12/1/14,69,56+,61,0,$349.00 ,$7.00 ,$35.00 , $-   , $-   ,$47.00 ,3,0,0,0,1,0,0,1,8,2,4,7,,
10664,1949,Master,Widow,"$51,529.00 ",0,1,7/9/13,77,56+,14,0,$400.00 ,$4.00 ,$35.00 ,$6.00 , $-   ,$22.00 ,2,0,0,0,0,0,0,0,9,1,5,8,,
10669,1981,Graduation,Married,"$54,386.00 ",0,1,5/17/13,45,36-45,8,0,$277.00 ,$21.00 ,$64.00 ,$62.00 ,$21.00 ,$25.00 ,2,0,0,0,0,0,0,0,3,2,10,3,,
10673,1976,PhD,Married,"$68,397.00 ",0,1,11/17/13,50,46-55,6,0,$760.00 ,$80.00 ,$466.00 ,$17.00 ,$13.00 ,$80.00 ,1,0,0,0,0,0,0,0,6,9,5,3,,
10675,1956,PhD,Married,"$66,334.00 ",0,1,3/4/13,70,56+,82,0,$909.00 ,$11.00 ,$218.00 , $-   , $-   ,$23.00 ,2,0,0,0,0,0,1,1,9,3,5,5,,
10676,1982,Graduation,Married,"$63,211.00 ",0,0,2/11/12,44,36-45,3,0,$145.00 ,$193.00 ,$459.00 ,$205.00 ,$26.00 ,$145.00 ,2,0,0,0,0,0,1,1,3,8,7,2,,
10678,1959,Graduation,Together,"$71,232.00 ",0,1,11/28/13,67,56+,91,0,$653.00 ,$17.00 ,$170.00 ,$34.00 ,$26.00 ,$17.00 ,2,0,0,0,0,0,0,0,11,2,10,7,,
10680,1986,Graduation,Together,"$33,235.00 ",1,0,5/2/14,40,36-45,71,0,$45.00 , $-   ,$16.00 ,$2.00 ,$1.00 ,$6.00 ,1,0,0,0,0,0,0,0,3,0,3,7,,
10681,1970,2n Cycle,Married,"$62,466.00 ",0,1,1/15/14,56,56+,13,0,$129.00 ,$129.00 ,$259.00 ,$168.00 ,$121.00 ,$83.00 ,5,0,0,0,0,0,0,0,6,3,12,4,,
10686,1965,PhD,Together,"$34,230.00 ",1,1,12/26/12,61,56+,72,0,$15.00 , $-   ,$4.00 , $-   , $-   ,$2.00 ,1,0,0,0,0,0,0,0,1,0,2,7,,
10691,1960,Master,Married,"$28,520.00 ",1,1,6/14/13,66,56+,55,0,$11.00 , $-   ,$10.00 , $-   ,$2.00 ,$20.00 ,1,0,0,0,0,0,0,0,1,1,2,6,,
10699,1985,Graduation,Married,"$44,322.00 ",1,0,6/16/14,41,36-45,30,0,$46.00 , $-   ,$40.00 ,$3.00 , $-   ,$3.00 ,2,0,0,0,0,0,0,0,3,0,3,8,,
10701,1973,Graduation,Married,"$65,308.00 ",0,0,11/9/13,53,46-55,60,0,$713.00 , $-   ,$264.00 ,$120.00 ,$80.00 ,$34.00 ,1,1,0,0,0,1,0,2,7,8,12,4,,
10702,1984,Graduation,Single,"$52,413.00 ",1,0,3/11/12,42,36-45,67,0,$185.00 ,$8.00 ,$133.00 ,$56.00 ,$56.00 ,$12.00 ,2,0,0,0,0,0,0,0,7,1,7,7,,
10703,1975,Master,Single,"$46,098.00 ",1,1,8/18/12,51,46-55,86,0,$57.00 , $-   ,$27.00 , $-   , $-   ,$36.00 ,4,0,0,0,0,0,0,0,3,2,2,8,,
10704,1969,Graduation,Single,"$54,803.00 ",0,1,8/21/12,57,56+,65,0,$404.00 , $-   ,$92.00 ,$28.00 ,$27.00 ,$142.00 ,2,0,0,0,0,0,0,0,6,2,9,4,,
10708,1978,2n Cycle,Single,"$36,975.00 ",1,0,12/28/13,48,46-55,50,0,$10.00 ,$6.00 ,$11.00 , $-   ,$4.00 ,$2.00 ,1,0,0,0,0,0,0,0,1,0,3,7,,
10710,1979,Graduation,Married,"$7,500.00 ",0,1,8/29/12,47,46-55,61,0,$5.00 ,$2.00 ,$3.00 ,$3.00 , $-   ,$5.00 ,1,0,0,0,0,0,0,0,1,0,2,8,,
10711,1945,Graduation,Married,"$69,755.00 ",0,0,2/10/13,81,56+,23,0,$217.00 ,$77.00 ,$373.00 ,$111.00 ,$23.00 ,$93.00 ,1,0,0,0,0,0,0,0,3,6,12,1,,
10722,1973,Graduation,Together,"$55,593.00 ",0,1,8/21/13,53,46-55,63,0,$293.00 ,$8.00 ,$124.00 ,$11.00 ,$4.00 ,$106.00 ,2,0,0,1,0,0,0,1,6,6,3,6,,
10727,1970,PhD,Married,"$69,084.00 ",1,0,11/19/13,56,56+,43,0,"$1,181.00 ",$107.00 ,$199.00 ,$39.00 ,$30.00 ,$30.00 ,2,0,0,0,0,0,0,0,7,3,13,8,,
10735,1971,Graduation,Single,"$22,804.00 ",1,0,7/31/13,55,46-55,75,0,$14.00 ,$1.00 ,$7.00 ,$2.00 ,$1.00 ,$1.00 ,1,0,0,0,0,0,0,0,2,0,2,9,,
10736,1971,Graduation,Single,"$72,258.00 ",0,1,12/9/13,55,46-55,28,0,$522.00 , $-   ,$522.00 ,$227.00 ,$120.00 ,$134.00 ,2,0,0,0,0,0,0,0,6,9,5,2,,
10738,1951,Master,Single,"$49,389.00 ",1,1,8/29/13,75,56+,55,0,$40.00 , $-   ,$19.00 ,$2.00 ,$1.00 ,$3.00 ,1,0,0,0,0,0,0,0,2,0,3,7,,
10741,1951,Master,Together,"$47,352.00 ",0,1,11/4/13,75,56+,70,0,$172.00 ,$12.00 ,$112.00 ,$8.00 , $-   ,$15.00 ,4,0,0,0,0,0,0,0,6,1,5,7,,
10742,1983,PhD,Married,"$86,580.00 ",0,0,2/27/13,43,36-45,72,0,$532.00 ,$21.00 ,$127.00 ,$26.00 ,$20.00 ,$20.00 ,0,0,0,0,0,1,0,1,4,2,5,1,,
10749,1991,Graduation,Single,"$8,028.00 ",0,0,9/18/12,35,26-35,62,0,$73.00 ,$18.00 ,$66.00 ,$7.00 ,$12.00 ,$2.00 ,15,0,0,0,0,0,0,0,0,1,0,19,,
10755,1976,2n Cycle,Married,"$23,718.00 ",1,0,2/9/13,50,46-55,76,0,$6.00 ,$3.00 ,$14.00 ,$15.00 ,$7.00 ,$36.00 ,3,0,0,0,0,0,0,0,3,1,2,7,,
10757,1967,PhD,Divorced,"$28,420.00 ",1,0,12/24/13,59,56+,36,0,$4.00 ,$2.00 ,$5.00 ,$2.00 , $-   , $-   ,1,0,0,0,0,0,0,0,1,0,2,6,,
10766,1964,PhD,Married,"$65,526.00 ",0,1,11/4/14,62,56+,22,0,$397.00 ,$19.00 ,$69.00 ,$12.00 , $-   ,$9.00 ,1,0,0,0,0,0,0,0,4,4,8,2,,
10767,1989,PhD,Together,"$77,845.00 ",0,0,5/16/14,37,36-45,40,0,$760.00 ,$40.00 ,$480.00 , $-   ,$40.00 ,$26.00 ,1,1,0,0,0,1,0,2,3,5,12,1,,
10770,1959,Graduation,Married,"$65,492.00 ",0,0,1/26/14,67,56+,73,0,$247.00 ,$161.00 ,$295.00 ,$210.00 ,$85.00 ,$47.00 ,2,0,0,0,0,0,0,0,4,7,13,2,,
10779,1983,Graduation,Single,"$22,148.00 ",0,0,4/13/14,43,36-45,16,0,$15.00 ,$5.00 ,$14.00 , $-   ,$4.00 ,$11.00 ,1,0,0,0,0,0,0,0,1,0,3,7,,
10785,1969,Graduation,Married,"$44,078.00 ",1,1,6/19/14,57,56+,17,0,$24.00 ,$1.00 ,$10.00 ,$2.00 , $-   ,$4.00 ,2,0,0,0,0,0,0,0,2,0,3,5,,
10789,1964,PhD,Married,"$45,759.00 ",1,1,2/23/13,62,56+,13,0,$42.00 ,$1.00 ,$18.00 ,$3.00 , $-   ,$4.00 ,2,0,0,0,0,0,0,0,2,0,3,7,,
10790,1985,PhD,Married,"$18,169.00 ",1,0,2/19/13,41,36-45,40,0,$9.00 , $-   ,$5.00 , $-   , $-   ,$7.00 ,1,0,0,0,0,0,0,0,1,0,2,8,,
10795,1973,PhD,Married,"$37,401.00 ",1,0,6/5/14,53,46-55,14,0,$19.00 ,$3.00 ,$19.00 ,$3.00 ,$1.00 ,$3.00 ,2,0,0,0,0,0,0,0,2,0,3,7,,
10796,1984,Master,Married,"$30,477.00 ",1,0,1/22/14,42,36-45,16,0,$47.00 ,$1.00 ,$6.00 , $-   , $-   ,$12.00 ,1,0,0,0,0,0,0,0,1,1,3,6,,
10812,1978,PhD,Married,"$46,377.00 ",1,0,1/3/14,48,46-55,89,0,$37.00 , $-   ,$46.00 ,$4.00 ,$3.00 , $-   ,1,0,0,0,0,0,0,0,2,1,3,4,,
10814,1947,Graduation,Together,"$70,321.00 ",0,0,1/16/13,79,56+,6,0,$303.00 ,$23.00 ,$751.00 ,$82.00 ,$26.00 ,$191.00 ,1,0,0,0,0,0,1,1,6,5,13,4,,
10821,1978,Graduation,Married,"$57,113.00 ",1,1,6/2/13,48,46-55,45,0,$182.00 ,$4.00 ,$33.00 , $-   ,$2.00 ,$42.00 ,6,0,0,0,0,0,0,0,4,1,5,7,,
10826,1959,Graduation,Married,"$18,690.00 ",0,0,12/28/12,67,56+,77,0,$6.00 ,$1.00 ,$7.00 ,$23.00 ,$4.00 ,$19.00 ,1,0,0,0,0,0,0,0,1,1,2,8,,
10827,1967,PhD,Married,"$36,947.00 ",1,1,7/8/12,59,56+,49,0,$88.00 ,$3.00 ,$21.00 ,$4.00 ,$1.00 ,$29.00 ,4,0,0,0,0,0,0,0,3,0,4,9,,
10832,1958,Graduation,Together,"$46,610.00 ",0,0,7/18/13,68,56+,4,0,$288.00 ,$10.00 ,$30.00 ,$4.00 ,$10.00 ,$125.00 ,1,0,0,0,0,0,0,0,6,1,6,6,,
10833,1975,Graduation,Married,"$65,106.00 ",0,1,5/24/14,51,46-55,55,0,$790.00 ,$19.00 ,$133.00 ,$12.00 , $-   ,$19.00 ,3,0,0,0,1,0,0,1,8,3,13,6,,
10837,1975,Graduation,Married,"$23,957.00 ",1,0,10/28/12,51,46-55,47,0,$2.00 ,$1.00 ,$18.00 ,$20.00 ,$11.00 ,$16.00 ,1,0,0,0,0,0,1,1,2,0,3,6,,
10839,1976,Graduation,Together,"$36,283.00 ",1,1,4/14/14,50,46-55,42,0,$6.00 ,$5.00 ,$5.00 ,$8.00 , $-   ,$5.00 ,2,0,0,0,0,0,0,0,1,0,3,4,,
10841,1975,PhD,Together,"$56,559.00 ",0,1,12/25/12,51,46-55,46,0,$226.00 ,$22.00 ,$133.00 ,$41.00 ,$31.00 ,$31.00 ,3,0,0,0,0,0,0,0,4,3,8,4,,
10846,1978,Master,Married,"$43,783.00 ",1,0,5/29/14,48,46-55,22,0,$327.00 ,$9.00 ,$125.00 ,$25.00 ,$4.00 ,$139.00 ,6,0,0,1,0,0,0,1,7,1,8,7,,
10854,1970,PhD,Married,"$38,853.00 ",1,1,5/23/14,56,56+,90,0,$29.00 , $-   ,$14.00 , $-   , $-   ,$2.00 ,2,0,0,0,0,0,0,0,2,0,3,7,,
10855,1968,Master,Single,"$50,014.00 ",1,0,1/22/14,58,56+,9,0,$234.00 ,$14.00 ,$77.00 ,$19.00 ,$10.00 ,$42.00 ,2,0,0,0,0,0,0,0,4,1,8,5,,
10856,1980,2n Cycle,Single,"$45,889.00 ",0,1,2/7/13,46,46-55,42,0,$31.00 , $-   ,$6.00 , $-   ,$1.00 ,$8.00 ,1,0,0,0,0,0,0,0,1,0,3,6,,
10858,1975,Graduation,Together,"$76,532.00 ",1,1,9/9/13,51,46-55,38,0,$355.00 ,$30.00 ,$177.00 ,$90.00 ,$138.00 ,$30.00 ,4,0,0,0,0,0,0,0,9,5,7,5,,
10862,1960,Master,Married,"$30,522.00 ",0,1,8/17/12,66,56+,6,0,$179.00 ,$8.00 ,$83.00 ,$19.00 ,$11.00 ,$26.00 ,5,0,0,0,0,0,0,0,1,2,9,2,,
10868,1951,Graduation,Widow,"$70,792.00 ",0,0,6/2/13,75,56+,82,0,$344.00 ,$45.00 ,$654.00 ,$104.00 ,$11.00 ,$114.00 ,2,0,0,0,0,0,0,0,3,4,10,3,,
10870,1967,Graduation,Married,"$61,223.00 ",0,1,6/13/13,59,56+,46,0,$709.00 ,$43.00 ,$182.00 ,$42.00 ,$118.00 ,$247.00 ,2,0,0,0,0,0,0,0,9,3,4,5,,
10872,1969,PhD,Married,"$55,212.00 ",0,1,11/23/12,57,56+,65,0,"$1,103.00 ", $-   ,$45.00 , $-   , $-   ,$34.00 ,3,0,1,0,1,0,0,2,4,2,11,8,,
10882,1976,Graduation,Married,"$53,858.00 ",0,1,9/11/12,50,46-55,50,0,$407.00 ,$53.00 ,$221.00 ,$58.00 ,$150.00 ,$26.00 ,4,0,0,0,0,0,0,0,4,3,6,4,,
10888,1961,Graduation,Single,"$45,938.00 ",0,0,3/11/13,65,56+,46,0,$273.00 ,$11.00 ,$178.00 ,$62.00 ,$83.00 ,$29.00 ,2,0,0,0,0,0,0,0,8,4,6,6,,
10897,1974,Graduation,Married,"$67,445.00 ",0,1,12/8/12,52,46-55,63,0,$757.00 ,$80.00 ,$217.00 ,$29.00 ,$80.00 ,$11.00 ,5,0,0,0,0,0,0,0,9,6,12,6,,
10905,1955,Graduation,Together,"$42,586.00 ",1,1,10/29/12,71,56+,7,0,$194.00 ,$2.00 ,$56.00 , $-   , $-   , $-   ,5,0,0,0,0,0,1,1,4,1,6,8,,
10906,1948,PhD,Together,"$46,681.00 ",0,2,8/10/13,78,56+,52,0,$269.00 ,$15.00 ,$69.00 ,$15.00 ,$19.00 ,$38.00 ,2,0,0,0,0,0,0,0,4,6,4,5,,
10909,1948,Graduation,Married,"$92,344.00 ",0,0,1/15/14,78,56+,9,0,$992.00 ,$24.00 ,$694.00 ,$51.00 ,$19.00 ,$119.00 ,0,0,0,1,0,1,0,2,5,10,5,1,,
10913,1984,Master,Single,"$31,385.00 ",1,0,5/12/12,42,36-45,56,0,$3.00 ,$2.00 ,$12.00 , $-   ,$1.00 ,$9.00 ,1,0,0,1,0,0,1,2,1,0,2,8,,
10914,1970,Graduation,Single,"$24,163.00 ",1,1,12/10/13,56,56+,3,0,$4.00 ,$1.00 ,$7.00 ,$2.00 ,$1.00 ,$2.00 ,2,0,0,0,0,0,0,0,1,0,3,4,,
10925,1983,Graduation,Married,"$76,630.00 ",0,0,1/14/14,43,36-45,93,0,$255.00 ,$31.00 ,$446.00 ,$40.00 ,$56.00 ,$175.00 ,1,0,0,0,0,0,0,0,3,10,11,1,,
10928,1958,Graduation,Together,"$66,886.00 ",0,1,9/16/13,68,56+,28,0,$315.00 ,$4.00 ,$62.00 ,$41.00 ,$31.00 ,$146.00 ,2,0,0,0,0,0,0,0,7,1,7,5,,
10936,1965,Graduation,Married,"$72,190.00 ",0,0,2/13/13,61,56+,79,0,$597.00 ,$166.00 ,$597.00 ,$172.00 ,$166.00 ,$249.00 ,1,0,0,0,0,0,0,0,5,6,4,3,,
10949,1963,PhD,Divorced,"$72,968.00 ",0,0,12/16/13,63,56+,8,0,"$1,092.00 ",$37.00 ,$592.00 ,$145.00 ,$37.00 ,$55.00 ,1,1,0,0,0,0,1,2,5,5,8,3,,
10951,1968,Graduation,Married,"$45,688.00 ",0,1,1/25/14,58,56+,20,0,$279.00 , $-   ,$18.00 , $-   , $-   ,$9.00 ,2,0,0,0,1,0,0,1,3,1,8,4,,
10955,1964,Graduation,Widow,"$85,620.00 ",0,0,7/1/14,62,56+,68,0,$416.00 ,$46.00 ,$925.00 ,$60.00 ,$107.00 ,$46.00 ,1,0,0,0,0,0,1,1,3,6,4,1,,
10965,1955,Graduation,Together,"$76,005.00 ",0,0,2/22/13,71,56+,72,0,$983.00 ,$20.00 ,$389.00 ,$240.00 ,$50.00 ,$40.00 ,1,1,0,0,0,0,0,1,3,5,13,6,,
10967,1963,Graduation,Divorced,"$33,378.00 ",1,1,6/2/13,63,56+,38,0,$33.00 ,$6.00 ,$40.00 ,$3.00 ,$7.00 ,$10.00 ,3,0,0,0,0,0,0,0,2,0,4,7,,
10968,1969,Graduation,Single,"$57,731.00 ",0,1,11/23/12,57,56+,0,0,$266.00 ,$21.00 ,$300.00 ,$65.00 ,$8.00 ,$44.00 ,4,0,0,0,0,0,0,0,8,8,6,6,,
10971,1977,Graduation,Single,"$37,774.00 ",2,0,3/9/12,49,46-55,28,1,$173.00 ,$8.00 ,$107.00 ,$7.00 ,$2.00 ,$176.00 ,4,0,0,1,0,0,1,2,7,2,3,9,,
10972,1949,Graduation,Widow,"$72,298.00 ",0,0,10/3/14,77,56+,52,0,$625.00 ,$35.00 ,$169.00 ,$58.00 ,$17.00 ,$35.00 ,1,0,0,0,1,1,0,2,4,3,6,1,,
10981,1988,Graduation,Married,"$84,219.00 ",0,0,2/2/14,38,36-45,27,0,$434.00 ,$137.00 ,$400.00 ,$45.00 ,$137.00 ,$45.00 ,1,0,0,0,0,0,0,0,3,4,10,1,,
10983,1952,Graduation,Together,"$75,278.00 ",0,0,1/29/13,74,56+,17,0,$304.00 ,$98.00 ,$230.00 ,$150.00 ,$74.00 ,$74.00 ,1,0,0,0,0,0,0,0,6,3,13,3,,
10991,1960,Master,Married,"$89,058.00 ",0,0,7/12/12,66,56+,18,0,$454.00 ,$194.00 ,$106.00 ,$31.00 ,$22.00 ,$43.00 ,1,0,0,0,0,0,0,0,5,4,4,2,,
10992,1967,Graduation,Together,"$75,702.00 ",1,1,8/29/12,59,56+,77,0,$650.00 ,$28.00 ,$353.00 ,$45.00 ,$42.00 ,$30.00 ,5,0,0,0,0,0,0,0,4,6,11,8,,
10995,1988,2n Cycle,Married,"$15,716.00 ",1,0,12/11/12,38,36-45,8,1,$16.00 ,$5.00 ,$30.00 ,$8.00 ,$7.00 ,$26.00 ,3,0,0,0,0,0,0,0,3,0,4,8,,
11003,1980,2n Cycle,Together,"$25,130.00 ",1,0,2/10/13,46,46-55,10,0,$2.00 ,$5.00 ,$7.00 , $-   ,$18.00 ,$18.00 ,2,0,0,0,0,0,0,0,2,0,3,7,,
11004,1893,2n Cycle,Single,"$60,182.00 ",0,1,5/17/14,133,56+,23,0,$8.00 , $-   ,$5.00 ,$7.00 , $-   ,$2.00 ,1,0,0,0,0,0,0,0,1,0,2,4,,
11007,1968,PhD,Married,"$29,187.00 ",1,0,9/5/13,58,56+,43,0,$26.00 , $-   ,$6.00 , $-   , $-   ,$2.00 ,1,0,0,0,0,0,0,0,1,0,3,8,,
11010,1984,PhD,Single,"$16,269.00 ",1,0,8/30/13,42,36-45,75,0,$19.00 ,$3.00 ,$18.00 ,$3.00 ,$1.00 , $-   ,3,0,0,0,0,0,0,0,3,0,3,8,,
11013,1987,Graduation,Together,"$67,605.00 ",0,0,3/31/13,39,36-45,84,0,$336.00 ,$28.00 ,$282.00 ,$184.00 ,$54.00 ,$54.00 ,1,0,0,0,0,0,0,0,2,8,6,1,,
11025,1961,Graduation,Married,"$36,443.00 ",1,1,3/2/13,65,56+,9,0,$65.00 , $-   ,$46.00 ,$4.00 ,$3.00 ,$20.00 ,4,0,0,0,0,0,0,0,3,1,3,8,,
11030,1976,Master,Married,"$33,181.00 ",1,0,3/1/14,50,46-55,90,0,$9.00 , $-   ,$3.00 , $-   , $-   ,$4.00 ,1,0,0,1,0,0,0,1,1,0,2,6,,
11031,1950,PhD,Married,"$48,699.00 ",1,1,5/21/13,76,56+,90,0,$26.00 ,$1.00 ,$10.00 ,$2.00 , $-   ,$1.00 ,1,0,0,0,0,0,0,0,1,0,3,5,,
11039,1975,Graduation,Married,"$51,948.00 ",0,1,9/17/13,51,46-55,51,0,$82.00 ,$33.00 ,$54.00 ,$71.00 ,$30.00 ,$41.00 ,2,0,0,0,0,0,0,0,5,2,4,5,,
11051,1956,PhD,Together,"$77,376.00 ",1,1,10/5/14,70,56+,72,0,$492.00 ,$19.00 ,$110.00 ,$16.00 ,$12.00 ,$12.00 ,4,0,0,0,0,0,0,0,6,3,10,4,,
11056,1974,Graduation,Married,"$72,099.00 ",0,0,10/27/12,52,46-55,18,0,$546.00 ,$91.00 ,$410.00 ,$119.00 , $-   ,$22.00 ,1,0,0,0,0,0,0,0,3,4,10,1,,
11071,1984,Graduation,Single,"$79,607.00 ",0,0,4/21/13,42,36-45,37,0,$450.00 ,$133.00 ,$951.00 ,$173.00 , $-   ,$216.00 ,1,0,0,0,0,0,1,1,3,6,6,1,,
11074,1977,Graduation,Single,"$85,072.00 ",0,0,9/4/14,49,46-55,94,0,$494.00 ,$92.00 ,$391.00 ,$194.00 ,$11.00 ,$241.00 ,1,0,0,0,0,0,0,0,3,4,10,0,,
11075,1978,Graduation,Married,"$51,267.00 ",1,1,10/29/13,48,46-55,37,0,$183.00 ,$2.00 ,$64.00 ,$7.00 ,$2.00 ,$12.00 ,4,0,0,0,0,0,0,0,3,3,5,4,,
11084,1976,Master,Together,"$65,104.00 ",0,1,11/14/13,50,46-55,4,0,$738.00 , $-   ,$232.00 ,$13.00 ,$20.00 ,$50.00 ,2,0,0,0,0,0,1,1,3,5,7,7,,
11086,1984,Basic,Single,"$25,707.00 ",1,0,1/18/14,42,36-45,18,0,$1.00 ,$6.00 ,$2.00 ,$3.00 ,$6.00 ,$3.00 ,1,0,0,0,0,0,0,0,1,0,3,7,,
11088,1971,PhD,Together,"$78,642.00 ",0,1,4/21/13,55,46-55,83,0,"$1,396.00 ", $-   ,$322.00 ,$46.00 ,$35.00 ,$17.00 ,1,0,0,0,0,0,0,0,4,9,4,6,,
11091,1953,Graduation,Together,"$34,587.00 ",1,1,5/16/14,73,56+,68,0,$7.00 ,$2.00 ,$9.00 ,$2.00 , $-   ,$2.00 ,2,0,0,0,0,0,0,0,1,0,3,4,,
11092,1961,Graduation,Married,"$27,116.00 ",1,1,2/3/14,65,56+,78,0,$12.00 ,$1.00 ,$21.00 ,$2.00 ,$2.00 ,$3.00 ,2,0,0,0,0,0,0,0,2,0,3,7,,
11096,1952,2n Cycle,Together,"$57,247.00 ",0,1,8/8/13,74,56+,50,0,$99.00 ,$4.00 ,$32.00 ,$37.00 ,$54.00 ,$6.00 ,2,0,0,0,0,0,0,0,2,1,7,2,,
11100,1972,Graduation,Divorced,"$51,813.00 ",1,1,11/4/13,54,46-55,37,0,$51.00 ,$2.00 ,$7.00 , $-   ,$1.00 ,$2.00 ,2,0,0,0,0,0,0,0,2,0,3,7,,
11101,1991,Graduation,Together,"$89,891.00 ",0,0,4/15/13,35,26-35,17,0,$412.00 ,$22.00 ,$132.00 ,$59.00 ,$28.00 ,$183.00 ,1,0,0,0,0,1,0,1,11,6,8,4,,
11110,1973,Graduation,Single,"$3,502.00 ",1,0,4/13/13,53,46-55,56,0,$2.00 ,$1.00 ,$1.00 , $-   , $-   ,$1.00 ,0,0,0,0,0,0,0,0,0,0,0,14,,
11112,1966,Graduation,Together,"$70,713.00 ",0,1,3/12/12,60,56+,23,0,$736.00 ,$114.00 ,$279.00 ,$82.00 ,$76.00 ,$190.00 ,6,0,0,0,0,0,0,0,5,6,8,3,,
11114,1970,Graduation,Together,"$19,656.00 ",1,0,8/2/13,56,56+,94,0,$25.00 ,$4.00 ,$9.00 ,$6.00 ,$8.00 ,$32.00 ,3,0,0,0,0,0,0,0,2,1,3,7,,
11121,1981,Graduation,Married,"$19,419.00 ",1,0,10/11/12,45,36-45,76,0,$2.00 ,$14.00 ,$28.00 ,$16.00 ,$3.00 ,$7.00 ,4,0,0,0,0,0,0,0,4,0,3,9,,
11148,1975,Graduation,Together,"$22,280.00 ",1,0,5/19/13,51,46-55,85,0,$2.00 ,$1.00 ,$4.00 ,$3.00 ,$1.00 ,$2.00 ,1,0,0,0,0,0,0,0,1,0,2,8,,
11166,1961,Graduation,Married,"$49,678.00 ",0,1,2/2/13,65,56+,81,0,$229.00 ,$5.00 ,$56.00 ,$3.00 ,$2.00 ,$20.00 ,2,0,0,0,0,0,0,0,6,2,4,7,,
11171,1965,Master,Married,"$56,962.00 ",2,1,11/10/13,61,56+,60,0,$292.00 ,$3.00 ,$77.00 ,$10.00 ,$3.00 ,$26.00 ,7,0,0,0,0,0,0,0,6,3,5,7,,
11176,1970,PhD,Together,"$65,968.00 ",0,1,12/5/14,56,56+,12,0,$376.00 ,$9.00 ,$83.00 ,$19.00 ,$4.00 ,$4.00 ,2,0,0,0,0,0,0,0,5,4,7,3,,
11178,1972,Master,Single,"$42,394.00 ",1,0,3/23/14,54,46-55,69,0,$15.00 ,$2.00 ,$10.00 , $-   ,$1.00 ,$4.00 ,1,0,0,0,0,0,0,0,1,0,3,7,,
11181,1949,PhD,Married,"$156,924.00 ",0,0,8/29/13,77,56+,85,0,$2.00 ,$1.00 ,$2.00 ,$1.00 ,$1.00 ,$1.00 ,0,0,0,0,0,0,0,0,0,0,0,0,,
11187,1978,Basic,Single,"$26,487.00 ",1,0,5/20/13,48,46-55,23,0,$2.00 ,$8.00 ,$10.00 ,$12.00 ,$14.00 ,$23.00 ,3,0,0,0,0,0,0,0,2,1,3,5,,
11188,1957,Graduation,Together,"$26,091.00 ",1,1,2/25/14,69,56+,84,0,$15.00 ,$10.00 ,$19.00 ,$8.00 ,$17.00 ,$20.00 ,3,0,0,0,0,0,0,0,2,1,3,5,,
11191,1986,Graduation,Divorced,"$41,411.00 ",0,0,7/12/13,40,36-45,11,0,$37.00 ,$32.00 ,$38.00 ,$11.00 ,$3.00 ,$18.00 ,1,0,0,0,0,0,0,0,2,1,4,6,,
