"ID","Year_Birth","Education","Marital_Status","Income","Kidhome","Teenhome","Dt_Customer","Recency","Complain","MntWines","MntFruits","MntMeatProducts","MntFishProducts","MntSweetProducts","MntGoldProds","NumDealsPurchases","AcceptedCmp1","AcceptedCmp2","AcceptedCmp3","AcceptedCmp4","AcceptedCmp5","Response","NumWebPurchases","NumCatalogPurchases","NumStorePurchases","NumWebVisitsMonth","Income","Z_CostContact","Z_Revenue","Response_Total","Age","Age_Group"
0,1985,Graduation,Married,,0,0,"04-05-2013",66,0,239,10,554,254,87,54,1,0,0,0,0,0,0,3,4,9,1," $70,951.00 ","","","0",41,"36-45"
1,1961,Graduation,Single,,0,0,"06-15-2014",0,0,464,5,64,7,0,37,1,0,1,0,0,0,1,7,3,7,5," $57,091.00 ","","","2",65,"56+"
9,1975,Master,Single,,1,1,"08-18-2012",86,0,57,0,27,0,0,36,4,0,0,0,0,0,0,3,2,2,8," $46,098.00 ","","","0",51,"46-55"
13,1947,PhD,Widow,,0,1,"07-22-2013",57,0,19,0,5,0,0,8,2,0,0,0,0,0,0,1,0,3,6," $25,358.00 ","","","0",79,"56+"
17,1971,PhD,Married,,0,1,"06-09-2013",81,0,637,47,237,12,19,76,4,0,0,0,0,0,0,6,11,7,5," $60,491.00 ","","","0",55,"46-55"
20,1965,"2n Cycle",Married,,0,1,"01-09-2013",91,0,43,12,23,29,15,61,1,0,0,0,0,0,0,2,1,4,4," $46,891.00 ","","","0",61,"56+"
22,1976,Graduation,Divorced,,1,0,"03-12-2012",99,0,185,2,88,15,5,14,2,0,0,0,0,0,0,6,1,5,8," $46,310.00 ","","","0",50,"46-55"
24,1960,Master,Together,,1,1,"02-15-2014",96,0,18,2,19,0,2,6,5,0,0,0,0,0,0,3,0,4,7," $17,144.00 ","","","0",66,"56+"
25,1958,Graduation,Married,,0,1,"11-16-2012",9,0,460,35,422,33,12,153,2,0,0,0,0,0,0,6,6,7,4," $65,148.00 ","","","0",68,"56+"
35,1987,Graduation,Married,,1,0,"08-09-2012",35,0,32,1,64,16,12,85,3,0,0,0,0,0,1,2,2,3,6," $25,545.00 ","","","1",39,"36-45"
48,1964,Graduation,Together,,0,1,"04-24-2014",97,0,136,1,12,0,3,32,2,0,0,0,1,0,0,4,1,3,6," $55,761.00 ","","","1",62,"56+"
49,1970,Graduation,Single,,1,0,"11-05-2014",39,0,2,3,6,4,1,9,1,0,0,0,0,0,0,1,1,2,7," $20,587.00 ","","","0",56,"56+"
55,1963,Graduation,Together,,0,1,"07-12-2012",83,0,509,0,65,7,11,5,4,0,0,0,0,0,0,7,2,9,6," $56,253.00 ","","","0",63,"56+"
67,1972,Master,Single,,1,1,"09-18-2013",6,0,68,0,16,0,0,8,3,0,0,0,0,0,0,2,0,4,7," $46,423.00 ","","","0",54,"46-55"
73,1953,PhD,Single,,1,2,"05-26-2013",81,0,14,0,3,0,0,1,1,0,0,0,0,0,0,0,0,3,5," $51,411.00 ","","","0",73,"56+"
75,1982,"2n Cycle",Together,,0,0,"07-25-2013",32,0,34,11,137,179,61,45,1,0,0,0,0,0,0,8,1,5,8," $41,039.00 ","","","0",44,"36-45"
78,1969,Graduation,Married,,1,0,"09-15-2013",51,0,15,0,11,0,2,9,1,0,0,0,0,0,0,1,1,2,8," $25,293.00 ","","","0",57,"56+"
87,1981,"2n Cycle",Married,,1,0,"08-26-2013",16,0,0,7,5,26,2,17,2,0,0,0,0,0,0,2,0,3,7," $27,733.00 ","","","0",45,"36-45"
89,1975,"2n Cycle",Married,,1,0,"09-12-2013",49,0,5,9,20,6,8,21,2,0,0,0,0,0,0,2,0,4,6," $22,212.00 ","","","0",51,"46-55"
92,1988,Graduation,Single,,1,0,"12-05-2014",12,0,5,7,24,19,14,20,4,0,0,0,0,0,0,3,0,4,6," $34,176.00 ","","","0",38,"36-45"
113,1951,Graduation,Married,,1,1,"07-16-2013",33,0,11,0,7,3,1,6,2,0,0,0,0,0,0,1,0,3,5," $30,833.00 ","","","0",75,"56+"
115,1966,Master,Single,,0,1,"03-26-2013",0,0,275,11,68,25,7,7,3,0,0,0,0,0,0,5,1,8,5," $43,456.00 ","","","0",60,"56+"
123,1951,Graduation,Widow,,0,1,"06-01-2013",92,0,544,35,133,23,151,107,2,0,0,0,0,0,0,4,5,4,2," $67,046.00 ","","","0",75,"56+"
125,1958,"2n Cycle",Together,,1,1,"05-15-2013",65,0,215,7,33,3,0,13,6,0,0,0,1,0,0,5,1,5,7," $53,083.00 ","","","1",68,"56+"
143,1970,Graduation,Single,,0,0,"08-25-2013",73,0,466,0,224,119,49,99,1,0,0,0,0,0,0,5,3,4,2," $61,209.00 ","","","0",56,"56+"
146,1960,PhD,Single,,0,0,"11-15-2013",78,0,760,53,400,17,93,0,1,1,0,0,0,0,0,4,5,11,2," $76,045.00 ","","","1",66,"56+"
153,1953,Graduation,Divorced,,0,0,"10-17-2013",29,0,19,3,6,4,2,12,1,0,0,0,0,0,0,1,0,3,4," $23,272.00 ","","","0",73,"56+"
158,1945,PhD,Together,,0,0,"11-17-2013",3,0,345,53,528,98,75,97,1,0,0,1,0,0,1,8,3,5,4," $71,604.00 ","","","2",81,"56+"
164,1977,PhD,Married,,0,0,"10-13-2012",59,0,206,0,46,3,2,12,2,0,0,0,0,0,0,5,1,5,8," $28,973.00 ","","","0",49,"46-55"
175,1986,Graduation,Married,,1,0,"10-01-2013",93,0,656,80,455,52,107,93,2,0,0,1,0,1,0,8,4,8,4," $71,952.00 ","","","2",40,"36-45"
176,1980,"2n Cycle",Single,,0,1,"02-01-2014",73,0,90,38,67,33,36,67,1,0,0,0,0,0,0,4,1,6,3," $67,506.00 ","","","0",46,"46-55"
178,1956,Graduation,Married,,0,1,"02-18-2013",40,0,478,0,193,110,75,117,4,0,0,0,0,0,0,8,3,11,5," $62,503.00 ","","","0",70,"56+"
182,1946,PhD,Together,,0,1,"11-05-2013",62,0,284,0,55,0,6,52,4,0,0,0,0,0,0,6,2,5,8," $44,124.00 ","","","0",80,"56+"
193,1996,Basic,Married,,0,0,"02-17-2014",81,0,0,0,2,3,3,8,1,0,0,1,0,0,0,1,0,2,5," $14,421.00 ","","","1",30,"26-35"
194,1965,Graduation,Married,,1,1,"09-06-2014",55,0,23,0,11,3,2,2,1,0,0,0,0,0,0,1,0,3,6," $48,006.00 ","","","0",61,"56+"
195,1972,Graduation,Single,,1,0,"08-26-2012",21,0,125,17,52,3,19,30,4,0,0,1,0,0,1,5,1,4,8," $38,808.00 ","","","2",54,"46-55"
199,1962,Master,Single,,0,0,"01-20-2013",33,0,219,3,60,12,9,12,1,0,0,0,1,0,0,4,1,7,7," $45,183.00 ","","","1",64,"56+"
202,1948,PhD,Widow,,0,0,"05-04-2014",54,0,332,194,377,149,125,57,0,0,0,0,0,0,0,4,6,7,1," $82,032.00 ","","","0",78,"56+"
203,1975,Master,Single,,0,0,"04-14-2013",47,0,1288,20,613,80,61,27,1,0,0,0,0,0,0,5,7,9,2," $81,169.00 ","","","0",51,"46-55"
213,1963,PhD,Single,,1,1,"05-28-2014",98,0,35,0,11,0,0,2,4,0,0,0,0,0,0,2,1,3,7," $23,091.00 ","","","0",63,"56+"
217,1956,Master,Single,,0,0,"11-23-2012",78,0,556,14,717,210,0,43,1,0,0,0,0,0,0,7,5,10,4," $64,857.00 ","","","0",70,"56+"
221,1955,Graduation,Married,,0,1,"04-27-2013",90,0,138,3,38,4,0,59,3,0,0,0,0,0,0,3,2,4,6," $48,726.00 ","","","0",71,"56+"
231,1956,Master,Together,,1,1,"11-03-2014",86,0,24,0,7,0,0,1,2,0,0,0,0,0,0,2,0,3,5," $28,839.00 ","","","0",70,"56+"
232,1965,Graduation,Single,,0,1,"07-17-2013",8,0,279,83,88,32,14,34,1,0,0,0,0,0,0,4,2,10,3," $61,559.00 ","","","0",61,"56+"
234,1979,Graduation,Divorced,,1,0,"10-10-2012",60,0,1,2,8,4,3,13,2,0,0,1,0,0,1,1,1,2,7," $15,287.00 ","","","2",47,"46-55"
236,1951,Graduation,Married,,1,1,"01-19-2013",62,0,28,23,29,29,14,47,3,0,0,0,0,0,0,2,1,4,6," $34,838.00 ","","","0",75,"56+"
238,1967,"2n Cycle",Together,,1,1,"01-23-2013",76,0,515,47,181,149,95,95,15,0,0,0,0,0,0,9,6,9,7," $67,309.00 ","","","0",59,"56+"
241,1952,Graduation,Together,,0,0,"12-05-2013",57,0,901,31,345,75,31,191,1,0,0,0,0,1,0,4,4,11,1," $83,844.00 ","","","1",74,"56+"
246,1965,Graduation,Married,,1,1,"05-31-2014",71,0,199,9,57,20,21,6,7,0,0,0,0,0,0,4,1,7,4," $66,480.00 ","","","0",61,"56+"
247,1971,Graduation,Married,,1,0,"11-17-2012",16,0,172,10,125,21,13,16,6,0,0,0,0,0,1,7,2,4,9," $36,715.00 ","","","1",55,"46-55"
252,1963,PhD,Divorced,,0,0,"03-17-2013",11,0,123,133,142,71,44,88,1,0,0,0,0,0,0,6,2,8,6," $41,003.00 ","","","0",63,"56+"
254,1955,Graduation,Together,,0,1,"05-17-2014",4,0,399,4,30,6,4,30,3,0,0,0,1,0,0,7,1,7,7," $53,863.00 ","","","1",71,"56+"
255,1951,Graduation,Divorced,,1,1,"03-30-2014",31,1,17,0,2,0,0,2,2,0,0,0,0,0,0,1,0,3,6," $22,263.00 ","","","0",75,"56+"
257,1959,PhD,Married,,0,1,"04-28-2013",74,0,952,12,180,47,12,12,2,0,0,0,0,0,0,5,4,9,3," $75,032.00 ","","","0",67,"56+"
263,1945,PhD,Single,,0,0,"05-28-2014",9,0,56,19,29,2,14,25,1,0,0,0,0,0,1,3,1,3,8," $45,576.00 ","","","1",81,"56+"
269,1963,PhD,Single,,0,1,"11-16-2012",71,0,777,30,163,0,51,122,6,0,0,0,0,0,0,4,4,7,9," $46,757.00 ","","","0",63,"56+"
271,1969,Graduation,Widow,,1,1,"02-10-2013",30,0,154,0,50,6,11,37,5,0,0,1,0,0,0,3,4,3,6," $40,590.00 ","","","1",57,"56+"
273,1970,Master,Married,,1,1,"07-16-2013",48,0,130,0,16,0,0,5,5,0,0,0,1,0,0,3,1,4,7," $36,138.00 ","","","1",56,"56+"
274,1973,Graduation,Single,,1,1,"12-23-2013",75,0,9,3,15,2,3,2,2,0,0,0,0,0,0,2,0,3,6," $34,853.00 ","","","0",53,"46-55"
286,1952,Graduation,Single,,1,1,"11-29-2013",48,0,95,11,35,0,4,7,4,0,0,0,0,0,0,2,1,5,6," $44,213.00 ","","","0",74,"56+"
291,1970,Graduation,Married,,0,0,"06-19-2013",13,0,182,74,298,162,149,116,1,0,0,0,0,0,0,3,3,6,1," $72,940.00 ","","","0",56,"56+"
295,1989,Graduation,Single,,0,0,"07-19-2013",77,0,493,70,324,146,40,84,1,0,0,0,0,0,0,3,7,11,1," $81,217.00 ","","","0",37,"36-45"
304,1981,Master,Single,,1,0,"12-23-2013",67,0,19,3,19,4,5,26,3,0,0,0,0,0,0,3,0,3,7," $22,944.00 ","","","0",45,"36-45"
309,1961,PhD,Together,,0,1,"10-16-2012",48,0,918,21,118,13,10,21,3,0,0,0,1,0,0,8,3,5,6," $63,342.00 ","","","1",65,"56+"
310,1970,Master,Married,,0,1,"12-13-2013",81,0,330,5,159,36,27,16,4,0,0,0,0,0,0,4,4,9,4," $61,872.00 ","","","0",56,"56+"
313,1968,Graduation,Widow,,0,0,"10-28-2013",98,0,901,61,757,186,163,20,1,0,0,0,1,0,0,6,5,10,3," $73,455.00 ","","","1",58,"56+"
322,1978,Graduation,Together,,1,1,"12-01-2013",93,0,29,1,11,0,0,0,2,0,0,0,0,0,0,2,0,3,4," $42,554.00 ","","","0",48,"46-55"
326,1973,Graduation,Married,,1,1,"02-18-2013",38,0,235,6,45,8,9,12,4,0,0,0,0,0,0,5,1,6,6," $51,148.00 ","","","0",53,"46-55"
332,1957,Graduation,Married,,0,1,"03-22-2013",56,0,198,2,43,0,12,20,3,0,0,0,1,0,0,4,1,6,6," $47,743.00 ","","","1",69,"56+"
339,1972,PhD,Married,,0,1,"11-23-2012",82,0,462,0,24,6,0,4,2,0,0,0,1,0,1,9,2,5,7," $57,091.00 ","","","2",54,"46-55"
340,1970,Graduation,Divorced,,0,1,"12-15-2012",1,0,158,35,179,0,0,125,2,0,0,1,0,0,1,7,2,8,5," $72,967.00 ","","","2",56,"56+"
347,1976,Graduation,Divorced,,0,1,"08-09-2012",30,0,229,27,71,13,3,34,4,0,0,0,0,0,0,7,1,5,9," $40,780.00 ","","","0",50,"46-55"
359,1950,Graduation,Together,,0,1,"01-13-2013",33,1,373,14,83,6,9,19,3,0,0,0,0,0,0,8,2,6,7," $48,070.00 ","","","0",76,"56+"
361,1969,Master,Married,,1,1,"02-18-2014",84,0,5,1,7,2,1,4,1,0,0,0,0,0,0,1,0,2,7," $43,142.00 ","","","0",57,"56+"
367,1978,"2n Cycle",Married,,1,0,"02-19-2013",74,0,47,90,94,123,103,120,5,0,0,0,0,0,0,9,1,5,9," $36,550.00 ","","","0",48,"46-55"
368,1974,Graduation,Married,,0,1,"11-29-2012",61,0,91,65,52,10,44,28,3,0,0,0,0,0,0,3,2,6,5," $40,049.00 ","","","0",52,"46-55"
375,1954,Graduation,Divorced,,0,0,"02-25-2013",79,0,516,56,449,86,33,16,1,0,0,0,0,0,0,2,2,11,1," $76,773.00 ","","","0",72,"56+"
378,1971,Graduation,Married,,0,0,"12-30-2012",68,0,283,112,151,51,72,125,2,0,0,0,0,0,0,7,2,10,6," $52,531.00 ","","","0",55,"46-55"
380,1954,Graduation,Divorced,,0,1,"10-09-2012",17,0,1170,48,320,42,32,192,5,0,0,1,0,0,1,11,4,9,8," $64,497.00 ","","","2",72,"56+"
387,1976,Basic,Married,,0,0,"11-13-2012",59,0,6,16,11,11,1,16,1,0,0,0,0,0,0,2,0,3,8," $7,500.00 ","","","0",50,"46-55"
405,1964,Graduation,Divorced,,0,1,"02-13-2013",68,0,315,0,31,4,0,91,4,0,0,1,0,0,0,5,5,3,8," $41,638.00 ","","","1",62,"56+"
425,1985,Graduation,Married,,2,0,"02-19-2013",66,0,374,64,116,84,25,64,3,0,0,0,0,0,0,6,2,11,5," $55,357.00 ","","","0",41,"36-45"
433,1958,Master,Single,,1,1,"10-03-2013",42,0,534,5,47,0,5,41,5,0,0,0,0,0,0,11,1,6,8," $61,331.00 ","","","0",68,"56+"
437,1976,Master,Divorced,,0,0,"01-25-2014",41,0,294,142,218,164,58,151,1,0,0,0,0,0,0,3,8,11,1," $75,012.00 ","","","0",50,"46-55"
448,1978,PhD,Single,,1,0,"01-03-2013",57,0,308,85,137,102,45,118,2,0,0,0,0,0,0,6,2,11,5," $54,880.00 ","","","0",48,"46-55"
450,1958,Master,Together,,0,1,"12-07-2013",90,0,67,15,80,17,11,80,3,0,0,0,0,0,0,1,4,4,3," $42,315.00 ","","","0",68,"56+"
451,1989,Graduation,Single,,1,0,"12-20-2013",91,0,9,0,7,2,0,4,1,0,0,0,0,0,0,1,1,2,8," $9,255.00 ","","","0",37,"36-45"
453,1956,PhD,Widow,,1,1,"06-29-2014",1,0,27,0,12,0,1,5,2,0,0,0,0,0,0,2,0,3,5," $35,340.00 ","","","0",70,"56+"
454,1980,Graduation,Together,,1,0,"11-14-2012",48,0,824,32,162,42,32,43,2,0,0,0,0,0,0,11,4,11,6," $69,508.00 ","","","0",46,"46-55"
455,1946,PhD,Married,,0,0,"04-18-2013",86,0,102,9,63,2,9,24,1,0,0,0,0,0,0,4,1,4,6," $51,012.00 ","","","0",80,"56+"
456,1986,"2n Cycle",Married,,1,0,"07-02-2013",96,0,1,11,5,4,6,9,2,0,0,0,0,0,0,2,0,3,8," $7,500.00 ","","","0",40,"36-45"
460,1972,PhD,Married,,0,0,"08-08-2012",72,0,792,86,740,67,51,17,1,0,0,0,0,0,0,3,5,8,2," $79,930.00 ","","","0",54,"46-55"
466,1944,Graduation,Married,,0,0,"03-04-2013",9,0,388,14,218,91,14,21,1,0,0,0,0,0,0,4,3,13,2," $65,275.00 ","","","0",82,"56+"
477,1986,Graduation,Married,,0,0,"06-17-2014",31,0,1060,61,835,80,20,101,1,1,1,1,0,1,1,4,7,10,1," $83,512.00 ","","","5",40,"36-45"
486,1988,Graduation,Married,,0,0,"02-02-2014",27,0,434,137,400,45,137,45,1,0,0,0,0,0,0,3,4,10,1," $84,219.00 ","","","0",38,"36-45"
498,1970,Graduation,Single,,1,0,"02-02-2014",28,0,25,0,22,2,3,5,2,0,0,0,0,0,0,1,0,4,5," $30,015.00 ","","","0",56,"56+"
500,1977,Graduation,Together,,0,0,"06-08-2013",79,0,908,43,735,40,194,21,1,1,0,0,1,1,1,7,7,9,2," $96,876.00 ","","","4",49,"46-55"
503,1985,Master,Married,,1,0,"12-03-2013",88,0,13,1,29,3,0,7,2,0,0,0,0,0,0,2,0,3,8," $20,559.00 ","","","0",41,"36-45"
520,1974,Graduation,Married,,1,0,"01-07-2013",81,0,3,3,7,6,2,9,1,0,0,0,0,0,0,1,0,2,7," $34,421.00 ","","","0",52,"46-55"
521,1985,Graduation,Together,,1,0,"09-18-2012",42,0,174,77,203,6,24,97,2,0,0,0,0,0,0,8,1,7,7," $54,006.00 ","","","0",41,"36-45"
523,1989,Graduation,Married,,1,0,"01-31-2013",51,0,23,0,26,7,15,3,1,0,0,0,0,0,0,2,0,4,5," $37,155.00 ","","","0",37,"36-45"
524,1966,Basic,Together,,0,0,"01-16-2013",47,0,2,23,11,8,6,46,1,0,0,0,0,0,0,2,1,2,8," $22,634.00 ","","","0",60,"56+"
528,1978,Graduation,Married,,0,0,"11-29-2012",99,0,267,38,701,149,165,63,1,0,0,0,0,0,0,5,4,10,3," $65,819.00 ","","","0",48,"46-55"
531,1954,PhD,Divorced,,0,1,"09-22-2012",55,0,941,14,397,76,58,176,11,0,0,0,0,0,1,8,5,9,6," $57,333.00 ","","","1",72,"56+"
535,1987,Graduation,Divorced,,0,0,"02-25-2014",18,0,163,23,424,27,65,76,1,0,0,0,0,0,0,3,10,13,1," $81,361.00 ","","","0",39,"36-45"
538,1989,Graduation,Single,,1,0,"10-02-2014",78,0,31,9,27,16,9,33,1,0,0,0,0,0,0,1,1,4,3," $46,107.00 ","","","0",37,"36-45"
544,1954,Graduation,Married,,0,0,"11-05-2013",51,0,398,61,265,138,61,53,1,0,0,0,0,0,0,3,4,6,1," $62,820.00 ","","","0",72,"56+"
550,1952,Graduation,Divorced,,0,1,"05-23-2013",87,0,243,131,217,85,6,26,2,0,0,0,0,0,0,3,3,13,2," $62,335.00 ","","","0",74,"56+"
564,1981,PhD,Together,,1,0,"04-08-2012",81,0,746,8,125,11,8,8,7,0,0,0,1,0,1,8,6,9,6," $56,937.00 ","","","2",45,"36-45"
569,1991,Graduation,Single,,0,0,"12-14-2013",32,0,704,129,853,120,74,111,1,1,0,0,1,1,1,5,6,7,2," $90,273.00 ","","","4",35,"26-35"
574,1964,Graduation,Married,,0,0,"04-23-2014",96,0,14,36,11,3,26,35,1,0,0,0,0,0,0,1,1,4,2," $42,523.00 ","","","0",62,"56+"
577,1976,"2n Cycle",Together,,1,1,"08-20-2013",10,0,9,1,7,0,3,2,2,0,0,0,0,0,0,1,0,3,7," $26,907.00 ","","","0",50,"46-55"
590,1970,Master,Divorced,,0,0,"12-22-2012",35,0,816,66,549,216,66,99,1,0,0,0,0,0,1,5,6,4,3," $78,579.00 ","","","1",56,"56+"
591,1957,Graduation,Widow,,0,1,"01-20-2013",76,0,293,35,179,46,59,65,2,0,0,0,0,0,0,8,3,7,7," $66,033.00 ","","","0",69,"56+"
606,1967,Graduation,Single,,1,1,"10-10-2013",87,0,6,1,2,2,0,4,1,0,0,0,0,0,0,1,0,2,7," $25,930.00 ","","","0",59,"56+"
607,1955,"2n Cycle",Divorced,,0,1,"02-13-2013",31,0,302,29,131,32,0,27,6,0,0,0,0,0,0,8,1,7,8," $41,769.00 ","","","0",71,"56+"
610,1953,PhD,Together,,1,1,"07-08-2012",60,0,349,4,78,6,0,43,8,0,0,0,0,0,0,7,2,6,8," $53,593.00 ","","","0",73,"56+"
615,1960,Graduation,Together,,0,0,"11-03-2013",29,0,65,36,74,38,20,110,1,0,0,0,0,0,0,5,1,4,7," $30,507.00 ","","","0",66,"56+"
618,1977,PhD,Married,,0,1,"09-28-2012",17,0,422,7,238,69,46,15,1,0,0,0,0,0,0,7,2,12,4," $69,389.00 ","","","0",49,"46-55"
624,1984,Master,Single,,0,0,"10-11-2012",5,0,6,4,1,7,2,15,1,0,0,1,0,0,1,0,1,2,6," $18,890.00 ","","","2",42,"36-45"
626,1951,Graduation,Married,,1,1,"09-03-2013",28,0,22,2,12,0,2,5,1,0,0,0,0,0,0,1,0,3,4," $32,871.00 ","","","0",75,"56+"
635,1966,Master,Married,,1,1,"03-19-2013",51,0,464,5,64,7,0,70,8,0,0,0,0,0,0,9,1,7,8," $57,183.00 ","","","0",60,"56+"
640,1951,Graduation,Married,,0,1,"11-03-2013",61,0,356,80,329,138,17,106,2,0,0,0,0,0,0,7,6,10,5," $57,304.00 ","","","0",75,"56+"
641,1967,Graduation,Single,,0,1,"04-04-2014",77,0,59,0,12,0,0,48,1,0,0,1,0,0,0,2,2,2,4," $52,074.00 ","","","1",59,"56+"
642,1980,Basic,Married,,1,0,"08-14-2012",69,0,1,3,2,20,30,47,3,0,0,0,0,0,0,2,1,2,8," $16,005.00 ","","","0",46,"46-55"
663,1989,PhD,Single,,0,0,"11-09-2013",46,0,40,2,15,8,0,6,1,0,0,0,0,0,0,1,1,3,4," $33,996.00 ","","","0",37,"36-45"
675,1973,Master,Divorced,,1,1,"05-17-2013",67,0,146,0,93,7,13,73,5,0,0,0,0,0,0,4,2,5,7," $52,034.00 ","","","0",53,"46-55"
679,1957,PhD,Married,,1,1,"09-20-2012",49,0,13,4,20,0,0,1,2,0,0,0,0,0,0,1,0,3,9," $37,633.00 ","","","0",69,"56+"
692,1954,Graduation,Together,,1,1,"12-20-2012",88,0,4,2,5,0,0,5,1,0,0,0,0,0,0,1,0,2,6," $36,807.00 ","","","0",72,"56+"
697,1969,Graduation,Together,,0,0,"12-03-2013",78,0,972,59,913,25,19,59,1,0,0,0,0,1,0,5,9,6,3," $74,918.00 ","","","1",57,"56+"
701,1971,Graduation,Married,,0,1,"06-11-2013",58,0,707,21,250,85,43,73,2,0,0,1,0,0,0,6,2,8,2," $73,691.00 ","","","1",55,"46-55"
702,1975,"2n Cycle",Widow,,0,1,"02-15-2013",80,0,162,61,83,97,57,61,4,0,0,0,0,0,0,4,3,8,5," $47,682.00 ","","","0",51,"46-55"
709,1952,Graduation,Divorced,,0,1,"09-12-2012",27,0,787,20,204,0,0,92,3,0,0,0,0,0,0,2,2,11,8," $51,537.00 ","","","0",74,"56+"
713,1977,Master,Married,,0,0,"08-06-2014",72,0,141,15,153,67,31,35,1,0,0,0,0,0,0,4,4,6,3," $50,353.00 ","","","0",49,"46-55"
716,1949,PhD,Together,,0,1,"05-22-2014",63,0,529,0,356,63,28,0,3,0,0,0,0,0,0,6,7,11,3," $67,911.00 ","","","0",77,"56+"
736,1983,Graduation,Together,,1,0,"03-21-2013",67,0,18,3,19,3,3,6,2,0,0,0,0,0,0,2,0,3,8," $28,427.00 ","","","0",43,"36-45"
737,1949,PhD,Married,,0,0,"03-03-2013",56,0,1493,86,454,112,43,43,2,1,0,0,1,1,0,4,4,5,2," $80,360.00 ","","","3",77,"56+"
738,1981,"2n Cycle",Single,,1,1,"04-04-2014",35,0,48,13,57,24,15,25,4,0,0,0,0,0,0,3,1,4,7," $42,395.00 ","","","0",45,"36-45"
749,1981,Graduation,Together,,1,0,"11-19-2013",31,0,46,7,59,2,4,27,2,0,0,1,0,0,1,3,1,3,6," $42,162.00 ","","","2",45,"36-45"
760,1975,PhD,Divorced,,1,0,"09-08-2013",8,0,588,7,76,110,15,15,2,0,0,0,0,0,0,8,4,9,6," $60,554.00 ","","","0",51,"46-55"
762,1981,"2n Cycle",Together,,1,0,"02-05-2014",27,0,340,21,134,258,14,56,1,0,0,0,0,0,0,7,5,8,4," $75,774.00 ","","","0",45,"36-45"
771,1967,Graduation,Together,,0,1,"01-21-2014",79,0,135,9,39,4,0,7,1,0,0,0,0,0,0,2,2,5,2," $54,178.00 ","","","0",59,"56+"
773,1971,Master,Divorced,,1,1,"06-30-2013",64,0,379,4,93,12,9,98,7,0,0,0,0,0,0,6,6,4,6," $42,835.00 ","","","0",55,"46-55"
793,1973,Graduation,Married,,1,0,"06-10-2012",24,0,18,3,17,3,0,4,1,0,0,0,0,0,0,2,0,3,9," $20,895.00 ","","","0",53,"46-55"
796,1965,"2n Cycle",Divorced,,0,1,"10-23-2012",17,0,584,44,212,46,8,177,3,0,0,0,0,0,0,11,4,8,8," $60,161.00 ","","","0",61,"56+"
798,1987,Graduation,Single,,1,0,"12-24-2012",71,0,2,0,6,8,6,5,1,0,0,0,0,0,0,1,0,3,7," $23,442.00 ","","","0",39,"36-45"
800,1960,Graduation,Together,,1,1,"08-30-2013",57,0,23,1,6,0,0,2,2,0,0,0,0,0,0,1,0,3,4," $44,512.00 ","","","0",66,"56+"
803,1968,Graduation,Together,,1,1,"05-04-2013",82,0,12,0,5,0,0,4,1,0,0,0,0,0,0,0,1,2,5," $40,521.00 ","","","0",58,"56+"
807,1969,Master,Together,,1,1,"02-15-2014",35,0,167,2,89,0,0,34,6,0,0,0,0,0,0,6,1,4,8," $44,602.00 ","","","0",57,"56+"
810,1975,Graduation,Married,,0,1,"12-05-2014",49,0,151,81,86,168,91,64,2,0,0,0,0,0,0,4,2,11,2," $74,190.00 ","","","0",51,"46-55"
819,1945,Graduation,Widow,,0,0,"05-11-2013",84,0,508,124,249,50,38,134,1,0,0,0,0,0,0,6,5,13,3," $63,285.00 ","","","0",81,"56+"
821,1992,Master,Single,,0,0,"10-19-2012",46,0,962,61,921,52,61,20,1,0,0,0,0,0,0,5,4,12,2," $92,859.00 ","","","0",34,"26-35"
830,1987,PhD,Single,,0,0,"02-24-2014",5,0,784,48,560,42,176,48,1,1,0,0,0,1,1,4,6,4,3," $74,004.00 ","","","3",39,"36-45"
832,1966,PhD,Together,,0,1,"02-03-2014",90,0,561,14,113,10,14,35,3,0,0,0,0,0,0,8,2,10,5," $65,814.00 ","","","0",60,"56+"
833,1955,Master,Married,,1,1,"03-30-2014",62,0,56,0,14,0,0,2,3,0,0,0,0,0,0,3,0,3,7," $38,452.00 ","","","0",71,"56+"
837,1977,Graduation,Married,,1,1,"11-09-2013",0,0,63,6,57,13,13,22,4,0,0,0,0,0,0,2,1,5,4," $54,809.00 ","","","0",49,"46-55"
839,1975,PhD,Married,,1,0,"09-25-2013",54,0,97,4,44,6,1,18,1,0,0,0,0,0,0,3,1,4,5," $45,503.00 ","","","0",51,"46-55"
843,1971,Graduation,Married,,1,0,"05-26-2014",47,0,303,0,280,60,147,15,4,0,0,0,0,0,0,8,2,11,6," $64,722.00 ","","","0",55,"46-55"
849,1953,Master,Together,,0,1,"06-20-2013",65,0,320,48,133,39,72,48,4,0,0,0,0,0,0,6,2,10,4," $56,129.00 ","","","0",73,"56+"
850,1968,Graduation,Single,,0,1,"06-10-2013",4,0,381,28,215,84,28,21,2,0,0,0,0,0,0,6,5,9,3," $70,566.00 ","","","0",58,"56+"
851,1972,Master,Married,,1,1,"09-07-2013",48,0,306,5,109,21,109,92,9,0,0,0,0,0,0,5,2,10,6," $57,136.00 ","","","0",54,"46-55"
868,1966,Graduation,Married,,0,1,"08-06-2014",99,0,54,0,7,0,0,4,1,0,0,0,0,0,0,2,0,3,6," $44,794.00 ","","","0",60,"56+"
873,1949,Master,Married,,1,1,"01-10-2012",3,0,1099,0,45,0,0,34,11,0,0,0,1,0,1,3,4,10,8," $62,845.00 ","","","2",77,"56+"
879,1976,Master,Married,,0,2,"04-11-2013",66,0,411,0,26,0,0,21,6,0,0,0,0,0,0,7,1,7,7," $49,681.00 ","","","0",50,"46-55"
880,1966,Basic,Together,,0,0,"01-16-2013",47,0,2,23,11,8,6,46,1,0,0,0,0,0,0,2,1,2,8," $22,634.00 ","","","0",60,"56+"
891,1951,Master,Together,,1,1,"07-09-2013",60,0,6,0,2,2,0,1,1,0,0,0,0,0,0,1,0,2,5," $29,298.00 ","","","0",75,"56+"
895,1948,PhD,Married,,0,2,"09-12-2012",69,0,410,16,114,0,5,49,3,0,0,0,0,0,0,5,2,10,5," $61,467.00 ","","","0",78,"56+"
898,1986,Graduation,Married,,1,0,"10-21-2013",39,0,38,15,54,3,8,29,3,0,0,0,0,0,0,3,0,4,8," $23,477.00 ","","","0",40,"36-45"
902,1980,Graduation,Together,,1,0,"04-03-2014",74,0,224,12,48,4,12,12,1,0,0,0,0,0,0,6,2,4,6," $62,994.00 ","","","0",46,"46-55"
905,1986,Graduation,Divorced,,1,0,"10-22-2013",38,0,7,17,18,6,10,26,4,0,0,0,0,0,0,4,0,3,8," $21,846.00 ","","","0",40,"36-45"
907,1975,Graduation,Married,,0,1,"11-29-2013",36,0,254,6,71,4,0,27,5,0,0,0,0,0,0,5,1,7,5," $46,149.00 ","","","0",51,"46-55"
916,1972,PhD,Single,,1,1,"09-05-2014",67,0,20,3,4,2,0,2,2,0,0,0,0,0,0,1,0,3,3," $41,644.00 ","","","0",54,"46-55"
922,1979,"2n Cycle",Married,,1,1,"04-05-2013",79,0,16,2,11,3,0,16,2,0,0,1,0,0,0,1,1,2,8," $31,086.00 ","","","1",47,"46-55"
933,1978,PhD,Married,,1,0,"11-23-2012",31,0,9,0,6,4,1,5,1,0,0,0,0,0,0,1,0,2,9," $37,717.00 ","","","0",48,"46-55"
938,1981,Graduation,Married,,1,1,"07-30-2013",30,0,51,1,7,2,1,25,2,0,0,1,0,0,0,2,1,2,8," $40,211.00 ","","","1",45,"36-45"
940,1987,Graduation,Single,,1,0,"05-18-2014",9,0,158,11,99,15,11,17,2,0,0,0,0,0,0,3,2,7,3," $57,100.00 ","","","0",39,"36-45"
942,1982,Graduation,Single,,1,0,"08-08-2012",36,0,139,13,78,20,13,36,3,0,0,0,0,0,1,7,1,3,9," $39,660.00 ","","","1",44,"36-45"
944,1962,Graduation,Married,,0,1,"08-01-2013",6,0,121,103,69,8,44,48,1,0,0,0,0,0,0,4,2,7,4," $56,181.00 ","","","0",64,"56+"
945,1965,Graduation,Together,,0,1,"05-22-2013",53,0,87,3,25,3,2,13,2,0,0,0,0,0,0,3,0,4,7," $36,317.00 ","","","0",61,"56+"
946,1958,"2n Cycle",Together,,0,0,"09-22-2012",92,0,45,47,52,21,20,25,2,0,0,0,0,0,0,3,1,5,6," $26,490.00 ","","","0",68,"56+"
948,1971,Graduation,Single,,1,0,"05-15-2013",32,0,4,7,7,6,4,13,3,0,0,0,0,0,0,1,2,2,5," $10,245.00 ","","","0",55,"46-55"
954,1960,Basic,Widow,,0,0,"03-27-2014",77,0,3,3,24,34,7,31,1,0,0,0,0,0,0,2,1,3,5," $22,123.00 ","","","0",66,"56+"
955,1962,Master,Together,,1,1,"10-28-2012",81,0,167,2,44,6,2,19,7,0,0,1,0,0,1,4,2,4,8," $47,175.00 ","","","2",64,"56+"
961,1972,Graduation,Married,,0,1,"12-09-2013",92,0,133,27,421,13,195,71,2,0,0,0,0,0,0,7,3,5,4," $74,716.00 ","","","0",54,"46-55"
965,1971,Graduation,Divorced,,0,1,"11-13-2012",34,0,235,65,164,50,49,27,4,0,0,0,0,0,0,7,3,7,6," $55,635.00 ","","","0",55,"46-55"
966,1966,Graduation,Married,,0,1,"05-07-2013",98,0,538,13,91,17,6,26,6,0,0,0,1,0,0,6,2,11,5," $44,529.00 ","","","1",60,"56+"
967,1976,Graduation,Married,,1,1,"07-21-2013",11,0,342,9,112,19,14,19,10,0,0,0,0,0,1,5,2,9,7," $46,049.00 ","","","1",50,"46-55"
968,1968,Master,Divorced,,1,0,"12-26-2013",24,0,112,19,21,16,14,5,3,0,0,0,0,0,0,4,1,4,7," $41,335.00 ","","","0",58,"56+"
975,1956,Graduation,Single,,1,1,"05-28-2013",25,0,178,4,26,8,4,44,5,0,0,0,0,0,0,4,1,5,6," $54,252.00 ","","","0",70,"56+"
977,1957,Graduation,Together,,0,1,"01-08-2013",10,0,200,19,111,50,15,19,6,0,0,0,0,0,0,5,1,8,6," $47,320.00 ","","","0",69,"56+"
979,1975,Graduation,Single,,1,0,"02-20-2013",11,0,6,10,21,19,14,42,2,0,0,0,0,0,0,2,1,3,6," $33,249.00 ","","","0",51,"46-55"
983,1984,Graduation,Married,,1,0,"09-28-2013",82,0,110,29,92,28,10,145,1,0,0,1,0,0,0,6,2,3,8," $40,059.00 ","","","1",42,"36-45"
988,1965,Graduation,Married,,0,0,"07-05-2014",84,0,410,0,592,147,22,22,1,1,0,0,0,0,0,6,4,7,3," $81,168.00 ","","","1",61,"56+"
999,1991,Graduation,Single,,0,0,"02-01-2013",95,0,490,44,125,29,20,22,1,0,0,0,1,1,1,6,7,11,3," $86,037.00 ","","","3",35,"26-35"
1000,1961,Master,Together,,1,1,"08-03-2013",48,0,505,72,270,36,27,54,4,0,0,0,0,0,0,9,2,12,5," $74,881.00 ","","","0",65,"56+"
1008,1981,PhD,Together,,0,0,"12-21-2012",31,0,728,17,133,11,8,124,1,0,0,1,0,0,0,7,3,13,6," $44,953.00 ","","","1",45,"36-45"
1010,1977,Graduation,Together,,2,1,"04-24-2014",94,0,41,0,17,3,1,16,2,0,0,0,0,0,0,1,1,3,3," $46,931.00 ","","","0",49,"46-55"
1012,1952,Graduation,Single,,0,1,"02-18-2013",26,0,523,7,134,37,14,169,4,0,0,0,0,0,0,8,2,10,7," $61,823.00 ","","","0",74,"56+"
1016,1959,PhD,Single,,0,1,"03-30-2014",43,0,41,1,6,2,0,5,2,0,0,0,0,0,0,2,0,3,6," $34,554.00 ","","","0",67,"56+"
1020,1973,Graduation,Married,,0,0,"12-05-2014",70,0,350,60,568,110,133,145,1,0,0,0,0,1,0,5,6,7,2," $79,593.00 ","","","1",53,"46-55"
1029,1970,PhD,Together,,0,1,"01-08-2013",27,0,200,5,44,0,10,20,1,0,0,0,0,0,0,5,1,5,5," $64,413.00 ","","","0",56,"56+"
1030,1965,PhD,Single,,1,1,"07-17-2013",72,0,22,0,13,0,0,3,2,0,0,0,0,0,0,1,0,3,7," $40,637.00 ","","","0",61,"56+"
1031,1989,"2n Cycle",Married,,0,0,"05-05-2013",5,0,600,20,350,29,30,33,1,0,0,0,0,1,0,6,9,10,2," $85,710.00 ","","","1",37,"36-45"
1041,1973,PhD,Single,,0,1,"10-18-2012",3,0,322,3,50,4,3,42,5,0,0,0,0,0,1,7,1,6,8," $48,432.00 ","","","1",53,"46-55"
1044,1953,Graduation,Together,,0,0,"05-14-2013",44,0,299,5,201,21,21,49,3,0,0,0,0,0,0,5,4,8,4," $58,398.00 ","","","0",73,"56+"
1045,1965,Graduation,Together,,0,1,"08-16-2012",55,0,112,10,107,30,0,20,2,0,0,0,0,0,0,5,2,4,7," $52,117.00 ","","","0",61,"56+"
1048,1972,Master,Married,,1,0,"07-14-2013",11,0,63,3,67,8,9,28,2,0,0,0,0,0,1,3,1,4,7," $35,641.00 ","","","1",54,"46-55"
1050,1952,Graduation,Married,,0,0,"04-30-2014",58,0,14,10,13,4,15,9,1,0,0,0,0,0,0,2,1,4,2," $28,332.00 ","","","0",74,"56+"
1052,1969,Graduation,Married,,0,1,"02-16-2013",24,0,656,38,161,62,47,37,3,0,0,0,0,0,0,8,9,7,7," $56,796.00 ","","","0",57,"56+"
1055,1976,Master,Married,,1,1,"03-20-2014",40,0,29,0,8,2,0,6,1,0,0,0,0,0,0,1,0,3,4," $53,204.00 ","","","0",50,"46-55"
1064,1971,PhD,Married,,1,0,"11-12-2013",18,0,22,1,11,0,5,3,1,0,0,0,0,0,0,1,0,3,8," $42,403.00 ","","","0",55,"46-55"
1065,1963,Graduation,Single,,0,0,"12-29-2013",85,0,557,129,984,193,37,18,1,0,0,0,0,0,0,5,8,5,2," $80,695.00 ","","","0",63,"56+"
1071,1976,PhD,Divorced,,0,1,"07-21-2013",10,0,532,88,168,69,44,133,3,0,0,0,0,0,0,7,3,13,5," $70,179.00 ","","","0",50,"46-55"
1072,1965,PhD,Single,,0,1,"08-30-2013",64,0,70,0,17,0,0,6,2,0,0,0,0,0,0,2,1,3,6," $40,760.00 ","","","0",61,"56+"
1077,1974,Graduation,Together,,0,0,"05-12-2012",52,0,258,105,239,237,172,9,1,0,0,0,0,0,0,7,3,4,4," $56,715.00 ","","","0",52,"46-55"
1079,1971,PhD,Married,,0,1,"10-16-2012",59,0,1000,0,76,0,0,10,3,0,0,0,1,0,0,3,4,9,8," $71,969.00 ","","","1",55,"46-55"
1081,1957,PhD,Married,,1,2,"03-27-2013",26,0,733,9,180,12,19,66,11,0,0,0,0,0,0,6,3,5,4," $75,283.00 ","","","0",69,"56+"
1087,1975,Master,Together,,1,0,"05-22-2013",30,0,16,14,36,37,22,48,3,0,0,0,0,0,1,4,1,2,9," $22,669.00 ","","","1",51,"46-55"
1092,1980,Graduation,Married,,0,1,"11-08-2012",17,0,269,129,495,182,43,29,4,0,0,0,0,0,0,9,3,4,7," $61,014.00 ","","","0",46,"46-55"
1100,1960,Master,Together,,1,2,"03-24-2014",33,0,24,4,22,0,2,9,4,0,0,0,0,0,0,3,1,3,5," $41,275.00 ","","","0",66,"56+"
1103,1976,Master,Married,,1,0,"09-29-2012",60,0,1486,55,278,49,0,185,2,0,0,1,0,1,1,4,4,10,6," $81,929.00 ","","","3",50,"46-55"
1109,1982,Master,Together,,1,0,"04-23-2013",38,0,6,0,5,0,0,1,1,0,0,0,0,0,0,1,0,2,7," $27,590.00 ","","","0",44,"36-45"
1118,1956,Master,Married,,0,1,"02-20-2013",87,0,544,13,85,8,6,29,3,0,0,1,0,0,0,10,4,5,8," $50,965.00 ","","","1",70,"56+"
1127,1973,PhD,Married,,0,0,"05-29-2014",62,0,938,19,843,25,95,38,1,0,0,0,0,1,0,6,6,7,2," $85,844.00 ","","","1",53,"46-55"
1131,1967,PhD,Single,,0,1,"05-04-2014",54,0,85,0,3,0,0,7,1,0,0,0,0,0,0,2,0,4,3," $52,569.00 ","","","0",59,"56+"
1135,1960,Master,Together,,1,1,"02-15-2014",96,0,18,2,19,0,2,6,5,0,0,0,0,0,0,3,0,4,7," $17,144.00 ","","","0",66,"56+"
1137,1964,Graduation,Single,,0,0,"12-29-2013",87,0,398,190,537,61,156,37,1,1,0,1,0,0,0,4,5,7,1," $81,246.00 ","","","2",62,"56+"
1139,1984,PhD,Married,,0,0,"06-02-2014",56,0,1050,14,322,0,14,112,1,1,0,1,0,1,1,5,11,5,2," $73,356.00 ","","","4",42,"36-45"
1142,1953,PhD,Married,,0,1,"12-22-2013",91,0,208,7,82,30,66,35,2,0,0,0,0,0,0,3,2,9,3," $55,707.00 ","","","0",73,"56+"
1143,1972,Graduation,Married,,1,0,"08-08-2013",43,0,7,10,13,3,11,11,2,0,0,0,0,0,0,2,0,3,7," $22,063.00 ","","","0",54,"46-55"
1146,1949,Master,Together,,0,1,"07-09-2012",5,0,520,8,223,32,49,42,4,0,0,1,0,0,1,10,5,7,8," $49,912.00 ","","","2",77,"56+"
1150,1899,PhD,Together,,0,0,"09-26-2013",36,0,755,144,562,104,64,224,1,0,0,0,0,1,0,4,6,4,1," $83,532.00 ","","","1",127,"56+"
1158,1966,Graduation,Divorced,,0,1,"05-01-2014",27,0,102,1,15,2,0,24,1,0,0,0,0,0,0,3,0,4,7," $48,877.00 ","","","0",60,"56+"
1160,1970,Graduation,Married,,1,1,"08-23-2013",48,0,9,4,17,10,2,7,4,0,0,0,0,0,0,3,0,3,8," $13,260.00 ","","","0",56,"56+"
1162,1987,PhD,Single,,0,0,"10-01-2013",23,0,124,83,267,85,59,35,2,0,0,0,0,0,1,5,2,11,5," $42,000.00 ","","","1",39,"36-45"
1165,1958,PhD,Single,,1,1,"02-05-2013",62,0,239,13,143,45,4,52,9,0,0,0,0,0,0,6,2,7,6," $50,729.00 ","","","0",68,"56+"
1168,1978,PhD,Married,,0,0,"10-29-2012",62,0,322,53,899,34,40,53,1,0,0,0,0,0,0,4,6,10,2," $72,159.00 ","","","0",48,"46-55"
1170,1975,Graduation,Married,,1,0,"03-25-2013",45,0,50,15,110,39,15,15,4,0,0,0,0,0,0,5,1,4,8," $27,573.00 ","","","0",51,"46-55"
1172,1983,PhD,Married,,0,0,"01-05-2013",71,0,979,44,935,29,25,22,1,1,0,0,1,1,1,7,5,12,3," $92,491.00 ","","","4",43,"36-45"
1173,1947,Master,Together,,0,0,"10-03-2013",73,0,1200,105,758,0,42,147,1,0,0,0,1,1,1,4,2,6,2," $77,632.00 ","","","3",79,"56+"
1175,1983,Master,Married,,0,0,"09-20-2013",24,0,88,39,54,64,28,153,1,0,0,1,0,0,1,3,5,3,6," $36,262.00 ","","","2",43,"36-45"
1176,1973,Graduation,Married,,1,0,"09-22-2013",50,0,2,6,4,3,1,9,1,0,0,0,0,0,0,1,0,2,8," $26,228.00 ","","","0",53,"46-55"
1177,1966,Master,Together,,1,1,"01-26-2013",77,0,80,3,26,4,2,14,4,0,0,0,0,0,0,3,1,3,7," $49,618.00 ","","","0",60,"56+"
1183,1949,Master,Married,,1,1,"09-21-2013",11,0,9,1,4,3,2,3,1,0,0,0,0,0,0,1,0,2,6," $36,408.00 ","","","0",77,"56+"
1184,1968,PhD,Divorced,,0,2,"05-22-2013",46,0,554,41,215,11,0,24,3,0,0,0,0,0,0,10,2,10,5," $69,674.00 ","","","0",58,"56+"
1204,1970,PhD,Married,,0,1,"05-22-2013",45,0,1253,0,447,23,71,35,3,1,0,0,0,0,0,11,5,11,8," $67,536.00 ","","","1",56,"56+"
1212,1973,Graduation,Married,,1,0,"08-13-2013",7,0,384,25,292,130,41,64,3,0,0,1,0,0,0,8,8,6,6," $52,845.00 ","","","1",53,"46-55"
1215,1978,Graduation,Together,,0,0,"08-10-2013",49,0,690,117,499,76,102,88,1,1,0,0,0,0,0,5,10,7,3," $70,440.00 ","","","1",48,"46-55"
1225,1963,Graduation,Married,,0,0,"06-26-2014",47,0,483,84,398,205,84,241,1,0,0,1,0,0,0,3,7,8,1," $80,124.00 ","","","1",63,"56+"
1232,1982,PhD,Together,,0,0,"10-25-2013",54,0,587,54,348,71,54,130,1,0,0,0,0,0,0,4,4,8,2," $70,038.00 ","","","0",44,"36-45"
1241,1984,"2n Cycle",Married,,1,0,"09-17-2012",1,0,13,3,8,7,4,16,2,0,0,0,0,0,1,1,0,3,9," $14,796.00 ","","","1",42,"36-45"
1245,1966,Graduation,Single,,0,1,"11-11-2012",45,0,977,12,253,16,12,101,4,0,0,0,1,0,0,4,3,12,8," $63,810.00 ","","","1",60,"56+"
1250,1976,Graduation,Single,,1,0,"07-02-2014",82,0,34,6,21,11,4,8,1,0,0,0,0,0,0,2,1,3,6," $37,697.00 ","","","0",50,"46-55"
1272,1965,Master,Single,,0,1,"10-21-2012",49,0,664,58,83,32,0,66,4,0,0,0,0,0,0,7,5,10,5," $55,250.00 ","","","0",61,"56+"
1277,1960,Graduation,Together,,0,0,"09-04-2014",29,0,434,22,388,104,22,34,1,1,0,0,0,0,0,10,7,10,4," $78,468.00 ","","","1",66,"56+"
1291,1978,PhD,Together,,1,0,"04-08-2012",90,0,152,9,121,12,12,45,4,0,0,0,0,0,0,6,2,4,8," $27,683.00 ","","","0",48,"46-55"
1295,1963,Graduation,Married,,0,1,"11-08-2013",96,0,231,65,196,38,71,124,1,0,0,0,0,0,0,6,5,7,4,"","","","0",63,"56+"
1307,1978,Graduation,Divorced,,0,1,"09-02-2014",15,0,27,5,8,8,3,12,3,0,0,0,0,0,0,3,0,4,4," $41,986.00 ","","","0",48,"46-55"
1321,1974,Graduation,Married,,1,0,"04-11-2013",49,0,22,2,18,0,2,12,3,0,0,0,0,0,0,3,0,3,8," $26,067.00 ","","","0",52,"46-55"
1324,1988,Graduation,Married,,1,0,"05-30-2013",93,0,23,3,21,3,19,22,2,0,0,0,0,0,0,3,0,3,8," $38,872.00 ","","","0",38,"36-45"
1328,1982,"2n Cycle",Married,,0,1,"02-16-2014",56,0,261,42,144,55,48,133,3,0,0,0,0,0,0,4,4,9,3," $57,937.00 ","","","0",44,"36-45"
1331,1977,Graduation,Single,,1,0,"02-01-2013",54,0,12,6,20,30,1,3,2,0,0,0,0,0,0,2,0,3,7," $35,790.00 ","","","0",49,"46-55"
1340,1986,Graduation,Married,,0,0,"04-24-2014",42,0,551,137,792,179,103,33,1,1,0,0,1,1,0,6,7,13,1," $92,910.00 ","","","3",40,"36-45"
1343,1968,Graduation,Together,,1,1,"09-26-2012",55,0,368,24,68,38,0,88,6,0,0,0,0,0,0,8,2,6,7," $58,554.00 ","","","0",58,"56+"
1349,1970,Graduation,Married,,2,0,"04-21-2014",4,0,85,7,24,2,3,27,1,0,0,0,0,0,0,3,1,3,6," $50,447.00 ","","","0",56,"56+"
1351,1956,Master,Together,,0,1,"09-20-2012",25,0,962,12,194,16,24,12,4,0,0,0,0,1,0,7,8,13,6," $58,656.00 ","","","1",70,"56+"
1357,1970,Graduation,Together,,1,2,"08-04-2013",90,0,856,59,487,58,29,73,7,0,0,0,0,0,0,2,5,5,5," $74,854.00 ","","","0",56,"56+"
1361,1974,Master,Married,,0,0,"04-06-2013",26,0,1076,68,103,29,91,68,1,0,0,0,1,1,1,3,4,8,1," $82,584.00 ","","","3",52,"46-55"
1362,1972,Graduation,Single,,0,0,"04-03-2013",75,0,33,87,64,175,16,74,1,0,0,0,0,0,0,6,1,6,7," $31,907.00 ","","","0",54,"46-55"
1371,1976,Graduation,Single,,0,0,"06-28-2014",72,0,123,164,266,227,30,174,1,0,0,0,0,0,0,2,4,9,1," $79,941.00 ","","","0",50,"46-55"
1377,1954,Master,Widow,,0,1,"08-31-2013",24,0,182,4,33,0,0,66,2,0,0,0,0,0,0,4,1,5,7," $44,551.00 ","","","0",72,"56+"
1378,1972,"2n Cycle",Together,,0,1,"07-24-2013",24,0,284,16,160,84,16,134,6,0,0,0,0,0,0,7,4,6,6," $50,334.00 ","","","0",54,"46-55"
1379,1992,Master,Together,,0,0,"04-27-2013",12,0,154,2,46,20,4,15,1,0,0,0,0,0,0,4,2,4,4," $42,670.00 ","","","0",34,"26-35"
1381,1982,PhD,Single,,1,0,"01-28-2014",20,0,172,3,115,16,0,18,5,0,0,0,0,0,1,6,1,5,8," $38,513.00 ","","","1",44,"36-45"
1384,1992,Basic,Married,,1,0,"11-23-2013",10,0,6,4,14,8,8,22,2,0,0,1,0,0,0,2,1,2,8," $17,256.00 ","","","1",34,"26-35"
1386,1967,Graduation,Together,,1,1,"11-05-2014",0,0,10,0,1,0,0,0,1,0,0,0,0,0,0,1,0,2,7," $32,474.00 ","","","0",59,"56+"
1388,1975,Graduation,Single,,1,0,"02-20-2013",11,0,6,10,21,19,14,42,2,0,0,0,0,0,0,2,1,3,6," $33,249.00 ","","","0",51,"46-55"
1399,1958,Graduation,Married,,0,0,"01-21-2014",52,0,407,114,445,181,165,203,1,1,0,0,0,0,0,3,7,9,1," $72,905.00 ","","","1",68,"56+"
1402,1954,Master,Married,,0,0,"11-09-2012",1,0,496,36,460,189,60,12,3,0,0,0,0,0,0,4,8,6,3," $66,991.00 ","","","0",72,"56+"
1403,1975,"2n Cycle",Together,,1,1,"06-09-2012",40,0,8,4,15,3,5,3,2,0,0,0,0,0,0,1,0,3,7," $34,984.00 ","","","0",51,"46-55"
1404,1968,Graduation,Together,,2,0,"05-15-2013",89,0,51,23,82,33,0,42,4,0,0,0,0,0,0,5,1,3,9," $34,916.00 ","","","0",58,"56+"
1406,1975,Graduation,Single,,1,1,"12-02-2013",49,0,280,7,81,20,0,27,8,0,0,0,0,0,0,6,3,5,7," $53,201.00 ","","","0",51,"46-55"
1407,1986,Basic,Married,,1,0,"10-29-2012",5,0,4,12,5,3,16,17,2,0,0,0,0,0,0,2,0,3,7," $20,425.00 ","","","0",40,"36-45"
1409,1951,Graduation,Together,,0,1,"03-18-2013",69,0,270,3,27,39,6,99,7,0,0,0,0,0,0,7,1,5,8," $40,689.00 ","","","0",75,"56+"
1411,1952,Graduation,Divorced,,0,0,"10-11-2013",58,0,204,34,204,172,153,173,1,0,0,0,0,0,0,2,9,4,1," $82,623.00 ","","","0",74,"56+"
1419,1950,Graduation,Together,,1,1,"05-08-2013",11,0,18,6,15,12,8,17,3,0,0,0,0,0,0,2,1,3,5," $34,026.00 ","","","0",76,"56+"
1440,1978,"2n Cycle",Together,,0,0,"04-09-2012",84,0,367,17,241,104,188,232,2,0,0,0,0,0,0,9,5,9,7," $52,513.00 ","","","0",48,"46-55"
1446,1956,Master,Single,,0,0,"05-04-2014",12,0,387,68,569,89,45,68,1,0,0,0,0,0,0,6,9,12,1," $86,424.00 ","","","0",70,"56+"
1448,1963,Master,Married,,1,2,"06-25-2014",33,0,21,12,12,0,3,3,3,0,0,0,0,0,0,2,0,4,4," $33,562.00 ","","","0",63,"56+"
1453,1943,PhD,Widow,,0,0,"06-07-2013",59,0,735,40,183,52,20,30,2,0,0,0,0,0,0,9,3,13,6," $57,513.00 ","","","0",83,"56+"
1456,1979,Graduation,Single,,0,1,"01-04-2013",25,0,265,199,303,234,9,170,7,0,0,0,0,0,0,10,2,12,7," $60,474.00 ","","","0",47,"46-55"
1458,1982,Master,Married,,1,0,"07-01-2014",40,0,8,3,19,3,3,8,3,0,0,0,0,0,0,3,0,3,6," $21,059.00 ","","","0",44,"36-45"
1459,1966,PhD,Married,,0,1,"07-11-2012",16,0,666,35,124,69,8,26,1,0,0,0,0,0,0,5,3,5,3," $69,063.00 ","","","0",60,"56+"
1461,1965,PhD,Divorced,,1,1,"07-28-2013",74,0,17,1,12,3,1,4,2,0,0,0,0,0,0,2,0,3,7," $36,921.00 ","","","0",61,"56+"
1463,1958,Graduation,Single,,1,1,"03-29-2014",9,0,8,2,5,3,0,3,1,0,0,0,0,0,0,1,0,2,7," $45,160.00 ","","","0",68,"56+"
1473,1960,"2n Cycle",Single,,0,1,"07-23-2013",0,0,53,1,5,2,1,10,2,0,0,0,0,0,0,2,0,3,8," $47,823.00 ","","","0",66,"56+"
1490,1962,Graduation,Married,,0,1,"11-28-2012",84,0,675,0,85,10,7,77,5,0,0,0,0,0,0,10,3,8,8," $55,759.00 ","","","0",64,"56+"
1491,1965,"2n Cycle",Together,,0,0,"02-18-2013",87,0,162,33,124,40,28,172,2,0,0,0,0,0,0,3,4,7,1," $71,488.00 ","","","0",61,"56+"
1497,1952,Graduation,Single,,0,1,"01-19-2013",8,0,268,11,88,15,3,22,2,0,0,0,0,0,0,6,3,5,5," $47,958.00 ","","","0",74,"56+"
1501,1982,PhD,Married,,0,0,"04-08-2012",21,0,55,16,1622,17,3,4,15,0,0,0,0,0,0,0,28,1,0," $160,803.00 ","","","0",44,"36-45"
1502,1983,Graduation,Together,,1,0,"03-21-2013",67,0,18,3,19,3,3,6,2,0,0,0,0,0,0,2,0,3,8," $28,427.00 ","","","0",43,"36-45"
1503,1976,PhD,Together,,1,1,"03-06-2013",31,0,85,1,16,2,1,2,0,0,0,0,0,0,0,0,0,1,1," $162,397.00 ","","","0",50,"46-55"
1506,1975,Graduation,Single,,1,1,"06-28-2013",26,0,48,9,45,3,15,20,4,0,0,0,0,0,1,2,1,4,6," $42,160.00 ","","","1",51,"46-55"
1509,1958,PhD,Together,,0,0,"04-01-2013",80,0,152,27,103,106,54,81,0,1,1,0,1,1,1,9,9,4,5," $84,460.00 ","","","5",68,"56+"
1513,1979,"2n Cycle",Together,,1,1,"08-28-2012",72,0,600,21,128,223,150,128,13,0,0,0,0,0,0,2,2,12,8," $60,839.00 ","","","0",47,"46-55"
1515,1975,Master,Together,,0,1,"01-22-2014",9,0,11,2,7,4,2,2,1,0,0,0,0,0,0,1,0,3,3," $34,176.00 ","","","0",51,"46-55"
1517,1969,Graduation,Single,,1,0,"06-14-2013",92,0,3,9,13,2,12,12,1,0,0,0,0,0,0,1,0,3,7," $30,822.00 ","","","0",57,"56+"
1518,1965,Master,Married,,1,1,"06-17-2013",29,0,379,6,157,25,91,91,5,0,0,0,0,0,0,9,3,7,7," $62,694.00 ","","","0",61,"56+"
1519,1972,PhD,Single,,1,1,"06-22-2013",2,0,38,4,22,3,3,3,3,0,0,0,0,0,1,3,0,3,8," $38,578.00 ","","","1",54,"46-55"
1523,1973,Graduation,Married,,1,1,"07-05-2014",25,0,69,2,15,2,2,6,2,0,0,0,0,0,0,2,0,4,5," $59,041.00 ","","","0",53,"46-55"
1524,1983,"2n Cycle",Single,,0,0,"01-03-2013",1,0,709,45,115,30,160,45,1,1,0,0,0,0,1,8,2,5,5," $81,698.00 ","","","2",43,"36-45"
1542,1975,Graduation,Single,,1,2,"12-30-2013",26,0,347,0,35,4,3,7,6,0,0,0,0,0,0,4,2,8,5," $56,243.00 ","","","0",51,"46-55"
1544,1967,Master,Divorced,,0,0,"12-22-2012",51,0,741,68,689,224,68,103,1,0,0,0,0,0,0,4,2,10,2," $81,380.00 ","","","0",59,"56+"
1545,1986,Graduation,Married,,1,0,"02-08-2013",95,0,120,19,206,25,19,54,6,0,0,0,0,0,0,7,2,5,8," $38,508.00 ","","","0",40,"36-45"
1553,1946,Graduation,Together,,0,0,"09-27-2013",71,0,966,168,672,246,105,126,1,1,0,0,1,0,0,7,5,10,4," $82,657.00 ","","","2",80,"56+"
1570,1951,PhD,Together,,0,1,"02-19-2013",8,0,664,9,240,50,19,57,2,0,0,0,0,0,0,7,7,10,4," $69,702.00 ","","","0",75,"56+"
1577,1946,Graduation,Married,,0,0,"02-19-2014",14,0,558,79,622,207,175,95,1,0,0,0,0,1,1,4,6,4,1," $78,569.00 ","","","2",80,"56+"
1581,1980,Graduation,Married,,1,0,"10-10-2013",18,0,2,0,8,2,2,3,1,0,0,0,0,0,1,1,0,2,8," $37,406.00 ","","","1",46,"46-55"
1584,1977,Graduation,Married,,1,0,"01-04-2014",79,0,171,7,171,25,19,89,6,0,0,0,0,0,0,8,1,5,8," $41,443.00 ","","","0",49,"46-55"
1592,1970,Graduation,Married,,0,0,"01-24-2014",25,0,547,99,812,151,82,33,0,1,0,0,0,1,0,4,6,5,1," $90,765.00 ","","","2",56,"56+"
1600,1965,Master,Married,,2,1,"11-10-2013",60,0,292,3,77,10,3,26,7,0,0,0,0,0,0,6,3,5,7," $56,962.00 ","","","0",61,"56+"
1604,1960,Master,Married,,0,1,"11-13-2013",93,0,184,2,19,8,8,4,3,0,0,0,0,0,0,2,2,6,5," $47,353.00 ","","","0",66,"56+"
1606,1971,Graduation,Together,,1,0,"05-15-2013",65,0,3,1,8,4,3,3,1,0,0,0,0,0,0,1,0,2,8," $38,590.00 ","","","0",55,"46-55"
1612,1981,PhD,Single,,1,0,"05-31-2013",82,0,23,0,15,0,2,7,2,0,0,0,0,0,0,3,0,3,6,"","","","0",45,"36-45"
1618,1965,Graduation,Together,,0,0,"02-01-2013",9,0,577,0,64,0,0,51,2,0,0,1,0,0,1,10,1,8,8," $56,046.00 ","","","2",61,"56+"
1619,1956,Graduation,Married,,0,0,"04-28-2014",2,0,292,51,981,224,23,17,1,0,0,0,0,0,1,4,6,6,1," $90,369.00 ","","","1",70,"56+"
1626,1973,PhD,Divorced,,1,1,"05-19-2014",37,0,15,0,8,4,2,20,2,0,0,1,0,0,1,1,1,2,5," $35,860.00 ","","","2",53,"46-55"
1627,1957,"2n Cycle",Divorced,,0,0,"01-26-2013",84,0,408,61,109,48,122,41,1,1,0,0,0,0,0,5,7,9,4," $77,297.00 ","","","1",69,"56+"
1628,1971,Graduation,Together,,0,0,"10-24-2013",54,0,354,21,311,167,75,32,1,0,0,0,0,0,0,9,3,4,4," $71,796.00 ","","","0",55,"46-55"
1630,1979,Graduation,Single,,0,1,"07-08-2013",56,0,162,50,100,55,30,27,1,0,0,0,0,0,0,4,2,8,4," $61,825.00 ","","","0",47,"46-55"
1631,1965,PhD,Together,,0,0,"03-09-2012",3,0,890,63,292,0,25,12,4,0,0,0,0,0,1,8,4,7,6," $65,220.00 ","","","1",61,"56+"
1640,1954,Graduation,Divorced,,1,1,"06-22-2014",49,0,66,0,16,0,6,20,2,0,0,0,0,0,0,1,1,4,3," $64,587.00 ","","","0",72,"56+"
1646,1972,Basic,Married,,1,0,"03-16-2014",36,0,4,9,12,11,2,8,2,0,0,0,0,0,0,1,1,3,3," $25,224.00 ","","","0",54,"46-55"
1650,1960,Master,Married,,0,0,"04-22-2013",13,0,779,86,537,34,69,138,1,0,0,0,0,0,0,5,9,12,3," $81,843.00 ","","","0",66,"56+"
1655,1979,Graduation,Together,,1,0,"10-19-2013",81,0,16,3,15,2,1,11,1,0,0,0,0,0,0,1,0,3,7," $34,350.00 ","","","0",47,"46-55"
1663,1978,PhD,Together,,1,0,"10-25-2013",97,0,20,2,14,3,0,10,1,0,0,0,0,0,0,2,0,2,9," $34,043.00 ","","","0",48,"46-55"
1665,1964,PhD,Divorced,,0,2,"09-23-2013",71,0,1459,0,61,0,15,215,5,0,1,1,0,1,1,2,5,6,5," $64,140.00 ","","","4",62,"56+"
1672,1974,PhD,Together,,0,1,"01-03-2014",74,0,204,7,149,20,15,66,1,0,0,0,0,0,0,5,1,8,2," $65,640.00 ","","","0",52,"46-55"
1676,1975,Graduation,Married,,0,1,"10-30-2013",30,0,213,2,44,0,2,5,4,0,0,0,0,0,0,4,2,5,5," $43,057.00 ","","","0",51,"46-55"
1685,1967,PhD,Together,,0,0,"03-17-2013",21,0,796,14,590,38,44,0,1,0,0,0,1,0,0,4,5,13,3," $62,981.00 ","","","1",59,"56+"
1710,1978,Graduation,Single,,1,0,"07-03-2013",51,0,154,20,66,0,12,27,7,0,0,0,0,0,0,6,1,4,9," $30,168.00 ","","","0",48,"46-55"
1715,1978,Graduation,Together,,1,0,"11-02-2013",45,0,9,4,18,7,5,5,2,0,0,0,0,0,0,2,0,3,7," $25,851.00 ","","","0",48,"46-55"
1717,1988,Graduation,Single,,1,0,"04-13-2014",43,0,80,15,93,20,13,52,3,0,0,0,0,0,0,5,1,4,8," $39,747.00 ","","","0",38,"36-45"
1726,1970,Graduation,Single,,0,0,"03-18-2013",23,0,3,9,15,13,2,39,1,0,0,1,0,0,1,1,1,2,9," $22,585.00 ","","","2",56,"56+"
1729,1961,PhD,Together,,0,1,"02-10-2013",14,0,1043,24,97,32,24,157,2,0,0,0,0,0,0,3,5,10,6," $66,426.00 ","","","0",65,"56+"
1734,1968,PhD,Together,,2,1,"01-17-2013",37,0,59,0,11,4,2,5,4,0,0,0,0,0,0,3,0,4,7," $40,706.00 ","","","0",58,"56+"
1740,1944,Graduation,Married,,0,0,"07-04-2014",22,0,760,38,104,50,9,38,2,0,0,0,1,0,0,7,3,4,4," $55,956.00 ","","","1",82,"56+"
1743,1974,Graduation,Single,,0,0,"05-26-2014",99,0,273,86,208,177,14,43,1,0,0,0,0,0,0,2,3,5,1," $69,719.00 ","","","0",52,"46-55"
1744,1965,Basic,Single,,0,1,"07-01-2013",67,0,9,7,13,3,2,20,1,0,0,0,0,0,0,1,1,2,6," $23,529.00 ","","","0",61,"56+"
1745,1962,PhD,Divorced,,0,0,"03-05-2013",88,0,714,76,395,116,0,12,1,0,0,0,0,0,1,4,6,9,1," $85,696.00 ","","","1",64,"56+"
1755,1988,"2n Cycle",Together,,1,0,"11-04-2014",93,0,30,11,25,29,1,18,1,0,0,0,0,0,0,1,1,4,3," $45,204.00 ","","","0",38,"36-45"
1763,1988,Graduation,Together,,0,0,"07-27-2013",62,0,1259,172,815,97,148,33,1,1,0,1,0,1,1,7,11,10,4," $87,679.00 ","","","4",38,"36-45"
1764,1975,Graduation,Single,,1,0,"09-08-2013",92,0,100,2,128,23,7,10,4,0,0,0,0,0,0,5,1,5,8," $33,955.00 ","","","0",51,"46-55"
1772,1975,PhD,Married,,0,0,"11-01-2013",2,0,1074,37,518,193,92,129,1,1,0,0,0,1,1,5,6,7,2," $79,174.00 ","","","3",51,"46-55"
1773,1978,"2n Cycle",Married,,0,0,"04-12-2012",38,0,5,6,15,11,7,13,1,0,0,0,0,0,0,2,0,3,9," $12,393.00 ","","","0",48,"46-55"
1777,1980,Basic,Married,,0,0,"07-09-2012",29,0,2,2,11,41,7,11,1,0,0,0,0,0,0,2,0,3,8," $25,965.00 ","","","0",46,"46-55"
1802,1971,Graduation,Married,,0,1,"01-17-2013",23,0,412,5,119,38,29,77,3,0,0,0,0,0,0,3,3,12,2," $64,795.00 ","","","0",55,"46-55"
1818,1971,PhD,Together,,1,0,"03-25-2014",23,0,25,0,8,0,1,4,1,0,0,0,0,0,0,2,0,2,9," $29,732.00 ","","","0",55,"46-55"
1826,1970,Graduation,Divorced,,0,0,"06-16-2014",0,0,189,104,379,111,189,218,1,0,0,0,0,0,1,4,4,6,1," $84,835.00 ","","","1",56,"56+"
1829,1961,PhD,Divorced,,0,1,"01-19-2013",55,0,1148,0,60,0,0,24,3,0,0,0,1,0,1,9,5,4,7," $54,959.00 ","","","2",65,"56+"
1833,1974,PhD,Single,,1,0,"04-26-2014",91,0,68,8,18,19,8,12,2,0,0,0,0,0,0,2,1,4,5," $39,190.00 ","","","0",52,"46-55"
1834,1978,Master,Single,,1,0,"08-03-2014",77,0,30,5,23,4,1,4,1,0,0,0,0,0,0,2,0,3,7," $35,544.00 ","","","0",48,"46-55"
1839,1974,Graduation,Single,,0,0,"04-21-2014",25,0,56,7,48,10,2,18,1,0,0,0,0,0,0,3,0,4,7," $43,322.00 ","","","0",52,"46-55"
1857,1952,Graduation,Single,,1,1,"06-03-2014",2,0,46,0,12,0,2,23,2,0,0,0,0,0,1,2,1,2,7," $47,139.00 ","","","1",74,"56+"
1859,1972,Master,Married,,0,0,"08-27-2012",34,0,721,111,925,97,18,18,1,0,0,0,0,0,1,7,6,5,5," $75,251.00 ","","","1",54,"46-55"
1867,1957,Graduation,Single,,0,0,"11-13-2012",42,0,652,48,350,94,84,108,1,0,0,0,0,0,1,9,3,6,5," $64,849.00 ","","","1",69,"56+"
1876,1990,Graduation,Married,,0,0,"02-16-2013",15,0,32,0,8,23,4,18,1,0,0,0,0,0,0,1,0,4,6," $18,929.00 ","","","0",36,"36-45"
1878,1985,"2n Cycle",Married,,0,0,"02-18-2014",83,0,4,6,8,6,3,10,1,0,0,0,0,0,0,2,0,3,7," $23,148.00 ","","","0",41,"36-45"
1880,1959,PhD,Together,,1,1,"01-30-2014",17,0,81,0,6,0,0,6,2,0,0,0,0,0,0,2,1,3,5," $53,537.00 ","","","0",67,"56+"
1890,1971,"2n Cycle",Together,,1,1,"09-19-2012",95,0,11,1,4,2,0,7,1,0,0,0,0,0,0,1,0,2,7," $42,033.00 ","","","0",55,"46-55"
1891,1980,Master,Divorced,,0,0,"08-08-2012",12,0,667,50,850,21,83,83,1,0,0,0,0,0,1,4,6,5,2," $78,789.00 ","","","1",46,"46-55"
1907,1950,Master,Divorced,,0,1,"09-28-2012",53,0,965,69,279,54,41,69,5,0,0,0,0,0,1,8,4,9,7," $63,120.00 ","","","1",76,"56+"
1911,1987,Graduation,Together,,0,0,"05-09-2012",6,0,595,97,291,127,133,121,1,0,0,0,0,0,0,11,5,12,6," $67,430.00 ","","","0",39,"36-45"
1915,1951,PhD,Married,,0,0,"12-12-2013",57,0,794,115,243,150,0,205,1,0,0,0,0,0,0,8,5,6,3," $78,939.00 ","","","0",75,"56+"
1916,1954,Master,Married,,0,1,"07-24-2013",92,0,188,3,180,20,3,43,5,0,0,0,0,0,0,7,1,6,7," $45,736.00 ","","","0",72,"56+"
1920,1972,Graduation,Married,,1,1,"07-29-2013",59,0,44,4,21,6,0,27,2,0,0,0,0,0,0,3,0,3,7," $40,321.00 ","","","0",54,"46-55"
1921,1967,PhD,Married,,2,1,"03-10-2013",74,0,46,1,12,3,0,9,2,0,0,0,0,0,0,2,0,3,4," $59,062.00 ","","","0",59,"56+"
1927,1973,"2n Cycle",Together,,0,1,"03-23-2014",41,0,399,27,159,58,8,39,4,0,0,0,0,0,0,4,4,5,2," $69,401.00 ","","","0",53,"46-55"
1928,1973,Graduation,Married,,1,0,"09-02-2013",73,0,35,3,20,4,1,20,2,0,0,1,0,0,0,2,0,3,9," $31,814.00 ","","","1",53,"46-55"
1940,1986,Graduation,Married,,1,0,"12-07-2013",26,0,1,3,4,2,2,6,1,0,0,0,0,0,0,1,0,2,8," $25,252.00 ","","","0",40,"36-45"
1945,1962,Graduation,Married,,0,1,"09-18-2013",4,0,711,36,217,172,96,168,3,1,0,0,1,0,0,7,4,7,4," $71,434.00 ","","","2",64,"56+"
1951,1981,Basic,Married,,0,0,"01-27-2013",92,0,228,122,122,208,129,30,6,0,0,0,0,0,0,11,2,8,9," $34,445.00 ","","","0",45,"36-45"
1958,1973,PhD,Together,,0,1,"03-21-2014",85,0,582,0,65,0,0,13,6,0,0,0,0,0,0,8,2,9,5," $55,012.00 ","","","0",53,"46-55"
1964,1951,Graduation,Together,,0,0,"05-09-2013",66,0,446,107,768,33,196,53,1,0,0,0,0,0,0,5,6,6,2," $86,610.00 ","","","0",75,"56+"
1966,1965,PhD,Married,,0,0,"11-22-2013",96,0,684,100,801,21,66,0,1,0,0,0,0,1,0,6,9,10,2," $84,618.00 ","","","1",61,"56+"
1968,1971,Graduation,Widow,,1,0,"02-12-2013",37,0,5,1,5,10,0,7,1,0,0,0,0,0,0,1,0,2,7," $45,684.00 ","","","0",55,"46-55"
1970,1968,Master,Together,,0,1,"10-09-2012",14,0,63,0,21,7,0,12,1,0,0,0,0,0,0,3,0,3,8," $34,053.00 ","","","0",58,"56+"
1987,1987,Basic,Single,,1,0,"09-25-2013",34,0,1,10,11,19,3,15,2,0,0,0,0,0,0,2,0,3,6," $21,063.00 ","","","0",39,"36-45"
1990,1974,PhD,Single,,0,0,"05-11-2012",74,0,965,34,586,89,86,37,1,0,0,1,0,0,0,3,5,8,3," $63,159.00 ","","","1",52,"46-55"
1991,1967,Graduation,Together,,0,1,"01-18-2014",0,0,78,0,11,0,0,7,1,0,0,0,0,0,0,2,1,3,5," $44,931.00 ","","","0",59,"56+"
1992,1964,Graduation,Married,,0,1,"01-01-2014",2,0,522,0,257,32,16,66,4,1,0,0,0,0,1,2,2,8,7," $60,597.00 ","","","2",62,"56+"
1993,1949,PhD,Married,,0,1,"12-23-2012",63,0,867,0,86,0,0,19,3,0,0,0,1,0,0,2,3,9,8," $58,607.00 ","","","1",77,"56+"
1994,1983,Graduation,Married,,1,0,"11-15-2013",11,0,5,5,6,0,2,1,1,0,0,0,0,0,0,1,0,2,7,"","","","0",43,"36-45"
1998,1976,Graduation,Single,,1,0,"07-02-2014",82,0,34,6,21,11,4,8,1,0,0,0,0,0,0,2,1,3,6," $37,697.00 ","","","0",50,"46-55"
2002,1958,Graduation,Divorced,,0,0,"05-20-2013",81,0,587,51,932,180,34,86,1,0,0,0,0,0,0,5,6,5,3," $71,964.00 ","","","0",68,"56+"
2004,1969,Graduation,Single,,0,1,"09-18-2013",65,0,619,54,260,127,54,54,1,0,0,0,0,0,0,4,7,5,1," $72,679.00 ","","","0",57,"56+"
2005,1990,Graduation,Married,,1,0,"11-12-2013",86,0,22,3,30,0,5,15,2,0,0,0,0,0,0,2,0,4,6," $35,765.00 ","","","0",36,"36-45"
2008,1978,Graduation,Married,,0,0,"10-02-2014",93,0,372,23,384,250,12,108,1,1,0,0,0,0,0,4,5,9,2," $77,583.00 ","","","1",48,"46-55"
2021,1975,Graduation,Married,,0,1,"03-27-2013",47,0,563,76,384,84,192,89,4,0,0,0,0,0,0,6,10,13,4," $61,456.00 ","","","0",51,"46-55"
2036,1973,PhD,Together,,0,1,"11-06-2013",29,0,243,11,119,10,3,15,3,0,0,0,0,0,0,4,2,8,4," $57,906.00 ","","","0",53,"46-55"
2055,1973,PhD,Divorced,,1,1,"05-19-2014",37,0,15,0,8,4,2,20,2,0,0,1,0,0,0,1,1,2,5," $35,860.00 ","","","1",53,"46-55"
2061,1955,Graduation,Married,,0,1,"11-05-2013",61,0,78,0,11,0,0,10,1,0,0,0,1,0,0,2,0,4,6," $50,737.00 ","","","1",71,"56+"
2066,1949,Graduation,Together,,0,1,"08-30-2012",56,0,70,0,11,2,8,23,1,0,0,0,0,0,0,2,1,3,6," $38,823.00 ","","","0",77,"56+"
2072,1969,PhD,Together,,0,1,"08-16-2012",34,0,896,10,101,13,10,34,6,0,0,1,0,0,1,4,2,9,9," $53,374.00 ","","","2",57,"56+"
2075,1969,Graduation,Married,,0,0,"11-14-2013",56,0,377,10,540,80,30,10,1,0,0,0,0,0,0,3,5,7,1," $72,460.00 ","","","0",57,"56+"
2079,1947,"2n Cycle",Married,,0,0,"12-27-2013",0,0,450,26,535,73,98,26,1,0,0,0,0,0,0,5,6,10,1," $81,044.00 ","","","0",79,"56+"
2088,1972,Graduation,Together,,0,0,"04-10-2013",98,0,997,15,414,99,30,76,1,0,1,0,1,1,0,5,6,12,2," $84,906.00 ","","","3",54,"46-55"
2098,1969,PhD,Married,,2,0,"08-01-2013",38,0,11,0,5,0,0,1,1,0,0,0,0,0,0,1,0,2,8," $33,581.00 ","","","0",57,"56+"
2106,1974,"2n Cycle",Married,,0,0,"03-17-2014",99,0,0,6,3,7,6,12,1,0,0,0,0,0,0,1,0,3,8," $20,130.00 ","","","0",52,"46-55"
2109,1990,Graduation,Single,,0,0,"04-23-2013",60,0,448,71,951,40,17,17,1,0,0,0,0,1,1,6,11,10,2," $96,843.00 ","","","2",36,"36-45"
2114,1946,PhD,Single,,0,0,"11-24-2012",23,0,1006,22,115,59,68,45,1,1,0,0,0,1,1,7,6,12,3," $82,800.00 ","","","3",80,"56+"
2115,1957,Graduation,Together,,1,1,"06-20-2014",68,0,54,0,10,0,0,2,2,0,0,0,1,0,0,1,0,4,5," $50,116.00 ","","","1",69,"56+"
2118,1964,"2n Cycle",Married,,0,1,"10-09-2013",68,0,166,75,96,119,107,59,3,0,0,0,0,0,0,7,2,8,4," $62,905.00 ","","","0",62,"56+"
2125,1959,Graduation,Divorced,,0,0,"11-15-2013",82,0,194,61,480,225,112,30,1,0,0,0,0,0,0,3,4,8,2," $63,033.00 ","","","0",67,"56+"
2130,1982,Graduation,Together,,2,0,"03-23-2014",4,0,35,3,67,10,8,24,1,0,0,0,0,0,1,3,1,3,6," $45,203.00 ","","","1",44,"36-45"
2131,1959,PhD,Divorced,,0,1,"12-30-2012",37,0,1063,89,102,16,12,25,4,0,0,0,0,0,0,9,4,6,6," $62,859.00 ","","","0",67,"56+"
2134,1952,Graduation,Single,,0,1,"08-17-2012",94,0,263,5,233,69,41,83,4,0,0,0,0,0,0,5,5,8,5," $53,700.00 ","","","0",74,"56+"
2139,1975,Master,Married,,1,0,"02-10-2013",19,0,3,1,10,3,2,12,3,0,0,0,0,0,0,2,0,3,5," $7,500.00 ","","","0",51,"46-55"
2147,1969,Graduation,Together,,0,0,"08-16-2013",91,0,736,63,946,219,189,126,1,1,0,0,0,1,0,4,7,11,2," $76,653.00 ","","","2",57,"56+"
2150,1958,PhD,Widow,,0,1,"11-05-2013",83,0,860,28,409,73,56,56,1,0,0,0,0,0,0,8,9,4,4," $80,995.00 ","","","0",68,"56+"
2154,1971,Graduation,Widow,,1,1,"12-25-2012",33,0,15,0,12,7,3,7,3,0,0,0,0,0,0,2,0,3,7," $30,372.00 ","","","0",55,"46-55"
2156,1955,PhD,Married,,1,1,"03-11-2012",38,0,27,0,10,0,0,4,4,0,0,0,0,0,0,2,0,4,5," $22,554.00 ","","","0",71,"56+"
2157,1972,Graduation,Together,,1,1,"12-01-2013",49,0,15,8,16,11,5,22,4,0,0,0,0,0,0,2,0,4,6," $26,290.00 ","","","0",54,"46-55"
2162,1976,Graduation,Married,,0,1,"09-18-2013",19,0,256,34,103,90,29,49,2,0,0,0,0,0,0,3,3,10,3," $56,939.00 ","","","0",50,"46-55"
2166,1960,"2n Cycle",Widow,,1,1,"12-07-2013",55,0,12,1,3,0,0,7,1,0,0,0,0,0,0,0,1,2,4," $46,779.00 ","","","0",66,"56+"
2173,1952,Graduation,Widow,,0,1,"10-16-2013",23,0,13,6,7,0,3,3,1,0,0,0,0,0,0,1,0,3,6," $40,049.00 ","","","0",74,"56+"
2174,1954,Graduation,Single,,1,1,"08-03-2014",38,0,11,1,6,2,1,6,2,0,0,0,0,0,0,1,1,2,5," $46,344.00 ","","","0",72,"56+"
2176,1972,Graduation,Married,,1,0,"05-20-2013",40,0,1218,16,272,104,0,80,2,1,0,0,1,1,1,5,3,6,6," $80,134.00 ","","","4",54,"46-55"
2181,1970,Graduation,Married,,0,0,"06-23-2013",45,0,353,61,753,40,46,27,1,0,0,0,0,0,0,3,3,7,2," $70,617.00 ","","","0",56,"56+"
2186,1977,"2n Cycle",Together,,0,0,"10-03-2014",30,0,938,142,754,159,81,183,1,1,0,0,1,1,1,5,10,6,2," $82,326.00 ","","","4",49,"46-55"
2202,1978,Graduation,Together,,0,1,"09-04-2013",98,0,44,2,11,2,3,7,1,0,0,0,0,0,0,1,0,4,5," $41,154.00 ","","","0",48,"46-55"
2217,1975,"2n Cycle",Married,,1,1,"03-29-2013",46,0,11,1,2,2,1,6,1,0,0,0,0,0,0,0,0,3,6," $37,284.00 ","","","0",51,"46-55"
2223,1965,"2n Cycle",Divorced,,0,1,"03-08-2012",52,0,1215,33,249,64,116,149,8,0,0,0,0,0,0,8,9,8,6," $64,176.00 ","","","0",61,"56+"
2225,1977,Graduation,Divorced,,0,0,"07-06-2014",54,0,510,120,550,156,40,241,1,1,0,1,0,0,1,4,9,7,1," $82,582.00 ","","","3",49,"46-55"
2227,1958,"2n Cycle",Together,,0,0,"09-22-2012",92,0,45,47,52,21,20,25,2,0,0,0,0,0,0,3,1,5,6," $26,490.00 ","","","0",68,"56+"
2230,1970,PhD,Married,,1,0,"05-24-2014",84,0,27,2,14,0,0,0,3,0,0,0,0,0,0,3,1,3,5," $23,626.00 ","","","0",56,"56+"
2245,1969,Master,Married,,1,1,"04-22-2013",50,0,57,2,51,4,2,23,3,0,0,0,0,0,0,2,1,4,6," $43,641.00 ","","","0",57,"56+"
2246,1965,"2n Cycle",Married,,0,1,"01-09-2013",91,0,43,12,23,29,15,61,1,0,0,0,0,0,0,2,1,4,4," $46,891.00 ","","","0",61,"56+"
2253,1990,Graduation,Married,,0,0,"02-16-2013",15,0,32,0,8,23,4,18,1,0,0,0,0,0,0,1,0,4,6," $18,929.00 ","","","0",36,"36-45"
2254,1983,Graduation,Married,,0,0,"07-07-2013",95,0,627,120,414,121,80,93,1,0,0,0,0,0,0,9,6,5,5," $69,520.00 ","","","0",43,"36-45"
2256,1973,Master,Married,,1,1,"03-29-2014",33,0,17,0,3,0,0,1,2,0,0,0,0,0,0,1,0,3,6," $27,159.00 ","","","0",53,"46-55"
2258,1986,Graduation,Married,,1,0,"04-12-2012",76,0,8,4,15,7,6,2,1,0,0,0,0,0,0,1,0,3,8," $32,880.00 ","","","0",40,"36-45"
2261,1969,Graduation,Married,,1,0,"06-23-2013",5,0,4,1,5,2,0,4,1,0,0,0,0,0,0,1,0,2,7," $26,304.00 ","","","0",57,"56+"
2262,1965,Master,Together,,0,1,"08-26-2013",74,0,202,5,74,11,5,14,3,0,0,0,0,0,0,6,1,5,7," $45,143.00 ","","","0",61,"56+"
2276,1955,Graduation,Single,,0,1,"02-05-2013",71,0,430,16,322,43,24,33,5,0,0,0,0,0,0,4,7,11,3," $57,959.00 ","","","0",71,"56+"
2278,1985,"2n Cycle",Single,,1,0,"03-11-2012",86,0,4,17,19,30,24,39,2,0,0,0,0,0,0,2,1,3,6," $33,812.00 ","","","0",41,"36-45"
2281,1970,Graduation,Single,,1,0,"09-15-2013",34,0,4,3,7,0,3,11,1,0,0,1,0,0,0,1,0,2,7," $33,697.00 ","","","1",56,"56+"
2285,1954,Master,Together,,0,1,"05-28-2013",0,0,213,9,76,4,3,30,3,0,0,0,0,0,0,5,2,5,7," $36,634.00 ","","","0",72,"56+"
2286,1962,Graduation,Single,,1,1,"10-09-2013",27,0,64,1,21,0,1,27,2,0,0,0,0,0,0,2,1,3,6," $50,785.00 ","","","0",64,"56+"
2292,1985,Graduation,Single,,1,0,"02-08-2013",94,0,5,4,8,2,0,5,1,0,0,0,0,0,0,1,0,3,5," $22,327.00 ","","","0",41,"36-45"
2295,1954,PhD,Married,,0,1,"02-02-2014",57,0,539,30,92,80,46,38,1,0,0,0,0,0,0,5,3,13,3," $62,670.00 ","","","0",72,"56+"
2296,1975,Master,Married,,1,0,"12-16-2013",4,0,3,2,11,2,2,10,1,0,0,1,0,0,0,1,0,2,6," $37,368.00 ","","","1",51,"46-55"
2304,1963,PhD,Together,,0,1,"09-16-2013",86,0,625,7,99,10,22,7,2,0,0,0,0,0,0,6,3,12,4," $66,313.00 ","","","0",63,"56+"
2308,1954,Graduation,Married,,0,1,"11-18-2012",40,0,110,5,137,26,23,29,2,0,0,0,0,0,0,6,1,5,7," $46,734.00 ","","","0",72,"56+"
2315,1960,Graduation,Divorced,,0,1,"04-20-2014",55,0,10,0,11,17,29,29,1,0,0,0,0,0,0,1,2,2,4," $58,401.00 ","","","0",66,"56+"
2320,1978,"2n Cycle",Married,,0,1,"12-09-2013",98,0,508,11,59,23,5,29,5,0,0,0,0,0,0,11,1,6,9," $47,025.00 ","","","0",48,"46-55"
2324,1972,Graduation,Together,,0,1,"10-27-2013",12,0,625,38,242,50,34,76,2,0,0,1,0,0,0,7,11,11,4," $77,044.00 ","","","1",54,"46-55"
2326,1990,Graduation,Married,,0,0,"02-16-2013",15,0,32,0,8,23,4,18,1,0,0,0,0,0,0,1,0,4,6," $18,929.00 ","","","0",36,"36-45"
2337,1971,Graduation,Divorced,,1,0,"10-24-2013",77,0,9,1,24,2,1,2,3,0,0,0,0,0,0,3,0,3,6," $29,819.00 ","","","0",55,"46-55"
2345,1982,PhD,Together,,0,0,"10-25-2013",54,0,587,54,348,71,54,130,1,0,0,0,0,0,0,4,4,8,2," $70,038.00 ","","","0",44,"36-45"
2350,1972,Graduation,Married,,1,1,"03-22-2013",87,0,623,53,178,23,17,133,7,0,0,0,1,0,0,3,2,8,8," $59,666.00 ","","","1",54,"46-55"
2371,1972,Graduation,Married,,1,1,"04-13-2013",22,0,39,1,22,3,4,12,3,0,0,0,0,0,0,2,0,4,7," $33,622.00 ","","","0",54,"46-55"
2375,1972,Graduation,Together,,1,2,"09-25-2012",75,0,8,0,5,0,3,6,1,0,0,0,0,0,0,0,0,3,8," $30,261.00 ","","","0",54,"46-55"
2379,1953,Graduation,Single,,0,0,"09-22-2012",31,0,778,44,499,95,73,146,2,0,0,0,0,0,1,3,4,5,7," $69,267.00 ","","","1",73,"56+"
2387,1952,Master,Together,,1,1,"03-02-2013",9,0,177,2,71,3,2,20,6,0,0,0,0,0,1,5,2,4,8," $43,776.00 ","","","1",74,"56+"
2392,1972,Graduation,Married,,1,1,"07-29-2013",59,0,44,4,21,6,0,27,2,0,0,0,0,0,0,3,0,3,7," $40,321.00 ","","","0",54,"46-55"
2404,1976,Graduation,Married,,1,1,"05-27-2013",4,0,173,4,30,3,6,41,4,0,0,0,0,0,0,5,1,4,7," $53,359.00 ","","","0",50,"46-55"
2406,1949,Graduation,Together,,0,1,"05-08-2013",63,0,376,4,94,12,9,24,3,0,0,0,0,0,0,6,2,8,5," $54,591.00 ","","","0",77,"56+"
2407,1982,Graduation,Married,,0,0,"09-11-2012",10,0,823,25,459,124,29,95,1,0,0,0,0,1,1,6,6,7,4," $69,109.00 ","","","2",44,"36-45"
2408,1976,Graduation,Married,,1,1,"11-20-2012",20,0,490,0,184,10,28,21,12,0,0,0,0,0,0,7,4,9,7," $58,597.00 ","","","0",50,"46-55"
2410,1969,Graduation,Single,,0,0,"01-22-2014",69,0,364,40,425,158,60,50,1,0,0,0,0,0,0,3,4,8,1," $81,657.00 ","","","0",57,"56+"
2415,1962,Graduation,Together,,0,1,"07-04-2014",99,0,362,17,398,80,35,61,3,1,0,0,0,0,0,5,3,5,4," $62,568.00 ","","","1",64,"56+"
2416,1969,PhD,Single,,0,0,"03-03-2014",83,0,789,25,420,16,38,0,1,0,0,0,0,0,0,2,8,9,1," $66,582.00 ","","","0",57,"56+"
2426,1964,PhD,Divorced,,0,0,"09-14-2012",35,0,483,74,114,169,37,18,1,0,0,0,0,0,1,5,10,13,3," $78,825.00 ","","","1",62,"56+"
2428,1970,Graduation,Married,,1,0,"04-05-2013",23,0,3,18,26,11,8,12,3,0,0,0,0,0,0,2,0,4,7," $28,164.00 ","","","0",56,"56+"
2429,1954,Graduation,Divorced,,0,1,"02-14-2013",4,0,531,69,300,150,138,150,3,0,0,0,0,0,0,5,4,8,2," $72,071.00 ","","","0",72,"56+"
2431,1990,Graduation,Married,,0,0,"12-31-2012",70,0,12,4,19,12,6,14,1,0,0,0,0,0,0,2,0,3,8," $18,222.00 ","","","0",36,"36-45"
2437,1989,Graduation,Married,,0,0,"03-06-2013",69,0,861,138,461,60,30,61,1,1,0,0,1,0,0,6,5,12,3,"","","","2",37,"36-45"
2445,1974,PhD,Together,,1,0,"07-07-2013",87,0,38,1,24,0,0,0,1,0,0,0,0,0,0,2,0,3,8," $28,440.00 ","","","0",52,"46-55"
2447,1979,Graduation,Together,,1,0,"10-17-2012",71,0,4,12,15,19,7,12,2,0,0,0,0,0,0,2,0,3,7," $30,545.00 ","","","0",47,"46-55"
2452,1971,Graduation,Together,,1,1,"01-01-2013",8,0,199,33,60,8,3,15,5,0,0,0,0,0,1,5,2,5,8," $34,600.00 ","","","1",55,"46-55"
2453,1960,Graduation,Together,,0,1,"08-31-2012",83,0,526,28,135,10,21,99,3,0,0,0,0,0,0,5,3,12,5," $62,807.00 ","","","0",66,"56+"
2456,1975,PhD,Married,,0,1,"10-14-2013",84,0,80,4,46,0,17,2,5,0,0,0,0,0,0,2,1,5,6," $40,233.00 ","","","0",51,"46-55"
2457,1975,Basic,Married,,0,1,"10-26-2012",23,0,8,4,5,15,2,11,2,0,0,0,0,0,0,1,0,3,7," $30,801.00 ","","","0",51,"46-55"
2461,1955,Master,Single,,1,1,"12-18-2013",79,0,26,1,11,0,1,4,2,0,0,0,0,0,0,1,0,3,3," $51,124.00 ","","","0",71,"56+"
2471,1965,Graduation,Married,,0,0,"06-27-2014",39,0,48,58,68,16,66,43,1,0,0,0,0,0,0,3,2,6,2," $61,482.00 ","","","0",61,"56+"
2478,1973,Graduation,Married,,1,0,"08-31-2013",48,0,2,2,4,13,13,4,1,0,0,0,0,0,0,1,0,4,4," $25,410.00 ","","","0",53,"46-55"
2488,1956,"2n Cycle",Divorced,,1,1,"03-23-2013",80,0,23,1,25,0,8,7,4,0,0,0,0,0,0,2,1,3,6," $31,395.00 ","","","0",70,"56+"
2493,1966,Graduation,Married,,0,1,"02-08-2013",34,0,356,0,107,19,9,117,2,0,0,0,0,0,0,7,1,8,5," $61,286.00 ","","","0",60,"56+"
2495,1974,Master,Married,,0,1,"06-20-2014",24,0,217,38,350,111,85,15,1,0,0,0,0,0,0,4,7,10,1," $83,891.00 ","","","0",52,"46-55"
2499,1958,"2n Cycle",Single,,0,1,"06-05-2013",38,0,204,97,97,21,118,26,1,0,0,0,0,0,0,5,2,10,4," $75,342.00 ","","","0",68,"56+"
2516,1969,"2n Cycle",Married,,1,1,"08-06-2013",84,0,22,2,10,6,4,34,2,0,0,0,0,0,0,1,2,2,4," $46,831.00 ","","","0",57,"56+"
2518,1986,"2n Cycle",Together,,0,0,"01-25-2013",16,0,5,4,5,4,2,10,1,0,0,0,0,0,0,0,1,2,7," $20,491.00 ","","","0",40,"36-45"
2521,1971,Master,Married,,1,0,"10-01-2013",10,0,23,1,13,2,2,18,1,0,0,1,0,0,1,1,1,2,7," $35,178.00 ","","","2",55,"46-55"
2525,1974,PhD,Married,,0,0,"09-14-2012",65,0,153,64,123,116,64,14,2,0,0,0,0,0,1,5,2,9,6," $38,410.00 ","","","1",52,"46-55"
2532,1987,Master,Single,,0,0,"01-03-2014",95,0,982,73,351,56,14,175,1,0,0,1,0,0,0,2,4,6,5," $73,454.00 ","","","1",39,"36-45"
2534,1953,Graduation,Married,,0,1,"04-21-2014",4,0,97,1,41,6,2,41,2,0,0,0,0,0,0,4,1,3,7," $37,716.00 ","","","0",73,"56+"
2535,1978,Master,Married,,1,0,"08-18-2012",24,0,163,0,480,0,126,75,1,1,0,0,1,1,1,6,5,8,9," $88,097.00 ","","","4",48,"46-55"
2541,1976,Graduation,Married,,1,0,"09-06-2013",7,0,14,7,11,11,0,5,2,0,0,0,0,0,0,2,0,3,8," $24,027.00 ","","","0",50,"46-55"
2544,1951,Master,Divorced,,0,1,"12-10-2013",68,0,50,1,27,6,7,1,1,0,0,0,0,0,0,1,1,4,1," $57,530.00 ","","","0",75,"56+"
2546,1977,"2n Cycle",Single,,0,1,"06-22-2014",7,0,23,4,5,10,5,23,1,0,0,0,0,0,0,1,0,4,3," $31,878.00 ","","","0",49,"46-55"
2549,1983,PhD,Together,,1,0,"07-21-2013",80,0,17,0,9,0,0,1,1,0,0,0,0,0,0,1,0,3,9," $21,840.00 ","","","0",43,"36-45"
2552,1955,PhD,Single,,1,2,"10-22-2013",11,0,416,0,26,0,0,4,9,0,0,0,1,0,1,6,3,6,7," $55,521.00 ","","","2",71,"56+"
2557,1970,Master,Single,,1,0,"08-29-2013",52,0,7,1,6,3,1,11,1,0,0,1,0,0,0,1,1,2,4," $29,548.00 ","","","1",56,"56+"
2561,1966,Graduation,Single,,0,1,"11-11-2012",45,0,977,12,253,16,12,101,4,0,0,0,1,0,0,4,3,12,8," $63,810.00 ","","","1",60,"56+"
2563,1961,Basic,Married,,0,0,"06-15-2014",80,0,1,9,7,2,14,10,1,0,0,0,0,0,0,2,0,3,6," $28,249.00 ","","","0",65,"56+"
2564,1953,Graduation,Together,,0,1,"04-01-2014",87,0,111,3,28,2,6,15,2,0,0,0,0,0,0,3,1,4,6," $61,278.00 ","","","0",73,"56+"
2565,1955,Master,Divorced,,0,0,"01-06-2013",69,0,1016,12,215,16,12,63,1,0,0,0,1,0,0,4,5,10,3," $70,638.00 ","","","1",71,"56+"
2569,1987,Graduation,Married,,0,0,"10-10-2012",38,0,3,14,17,6,1,5,1,0,0,0,0,0,0,1,0,3,8," $17,323.00 ","","","0",39,"36-45"
2570,1968,Graduation,Together,,0,1,"07-23-2013",35,0,691,7,61,10,0,46,4,0,1,0,1,0,1,10,4,7,8," $56,534.00 ","","","3",58,"56+"
2574,1977,PhD,Married,,0,1,"01-31-2013",27,0,1050,12,144,0,0,24,3,1,1,0,1,0,1,6,4,8,5," $61,996.00 ","","","4",49,"46-55"
2579,1957,Graduation,Married,,0,1,"12-17-2013",95,0,495,33,255,11,33,8,4,0,0,0,0,0,0,6,7,9,4," $71,113.00 ","","","0",69,"56+"
2587,1972,PhD,Married,,1,0,"05-15-2014",21,0,14,0,6,0,0,0,2,0,0,0,0,0,0,2,0,3,5," $29,791.00 ","","","0",54,"46-55"
2589,1972,Graduation,Divorced,,1,0,"07-02-2014",65,0,25,3,16,8,5,2,2,0,0,0,0,0,0,2,1,3,6," $26,759.00 ","","","0",54,"46-55"
2591,1959,Graduation,Widow,,0,1,"06-22-2014",49,0,526,35,214,69,53,35,2,0,0,0,0,0,0,6,3,4,2," $76,320.00 ","","","0",67,"56+"
2607,1953,Graduation,Single,,0,1,"11-01-2013",78,0,424,17,118,7,23,41,6,0,0,0,0,0,0,8,2,8,8," $40,464.00 ","","","0",73,"56+"
2611,1959,Master,Together,,0,0,"01-08-2012",66,0,1206,55,445,168,18,18,1,0,0,0,0,1,0,2,4,12,1," $82,576.00 ","","","1",67,"56+"
2612,1987,Graduation,Married,,0,0,"12-24-2013",33,0,754,160,625,63,32,48,1,1,0,0,0,0,0,7,5,12,3," $75,794.00 ","","","1",39,"36-45"
2613,1960,Master,Married,,0,1,"03-04-2014",16,0,162,6,37,6,13,13,2,0,0,0,0,0,0,1,3,6,1," $54,197.00 ","","","0",66,"56+"
2620,1974,PhD,Married,,1,0,"04-13-2013",48,0,14,0,2,0,0,7,1,0,0,0,0,0,1,1,0,2,8," $34,596.00 ","","","1",52,"46-55"
2625,1954,"2n Cycle",Single,,0,1,"11-17-2013",30,0,156,29,56,30,32,47,2,0,0,0,0,0,0,3,2,7,3," $42,607.00 ","","","0",72,"56+"
2631,1982,Graduation,Together,,0,0,"08-05-2013",29,0,358,108,413,141,97,32,1,0,0,0,0,0,0,2,8,6,1," $71,853.00 ","","","0",44,"36-45"
2632,1954,Graduation,Married,,1,1,"06-18-2013",10,0,297,0,38,13,0,152,7,0,0,1,0,0,1,5,4,4,6," $50,501.00 ","","","2",72,"56+"
2634,1979,Master,Single,,1,0,"04-18-2014",10,0,5,7,31,15,4,7,3,0,0,0,0,0,1,2,1,3,6," $16,653.00 ","","","1",47,"46-55"
2639,1966,Graduation,Single,,1,1,"10-01-2014",45,0,19,5,12,10,3,19,3,0,0,0,0,0,0,3,1,2,6," $43,602.00 ","","","0",60,"56+"
2656,1971,Graduation,Divorced,,1,1,"02-21-2013",63,0,23,1,7,0,4,24,1,0,0,0,0,0,0,1,1,2,7," $40,851.00 ","","","0",55,"46-55"
2661,1964,Graduation,Single,,1,1,"04-06-2013",95,0,12,4,2,10,6,10,4,0,0,0,0,0,0,2,0,4,5," $18,701.00 ","","","0",62,"56+"
2666,1972,Master,Married,,0,1,"06-02-2014",21,0,519,50,167,130,0,41,1,0,0,0,1,0,0,8,3,11,3," $76,234.00 ","","","1",54,"46-55"
2669,1993,Graduation,Single,,0,0,"04-05-2014",66,0,375,152,335,93,91,81,1,0,0,0,0,0,0,5,4,6,2," $74,293.00 ","","","0",33,"26-35"
2674,1958,Master,Single,,0,1,"04-09-2012",79,0,543,10,205,160,143,82,1,0,0,0,0,0,1,6,3,6,3," $75,154.00 ","","","1",68,"56+"
2677,1956,Graduation,Together,,0,1,"03-31-2013",11,0,72,24,68,65,4,8,5,0,0,0,0,0,0,3,1,6,4," $46,097.00 ","","","0",70,"56+"
2678,1990,Graduation,Single,,1,0,"02-13-2013",62,0,52,12,50,4,36,55,3,0,0,0,0,0,0,5,0,3,9," $34,412.00 ","","","0",36,"36-45"
2681,1984,"2n Cycle",Married,,0,0,"01-08-2013",1,0,71,22,112,138,89,29,1,0,0,0,0,0,0,2,3,13,1," $65,370.00 ","","","0",42,"36-45"
2683,1969,Graduation,Married,,0,2,"02-02-2013",56,0,295,106,271,75,98,65,4,0,0,0,0,0,0,6,4,12,6," $52,413.00 ","","","0",57,"56+"
2686,1969,Basic,Together,,0,0,"10-21-2013",49,0,0,1,4,15,1,5,1,0,0,0,0,0,0,1,0,2,7," $22,390.00 ","","","0",57,"56+"
2694,1967,Graduation,Married,,0,1,"03-18-2014",44,0,21,0,3,0,0,0,1,0,0,0,0,0,0,1,0,3,6," $42,664.00 ","","","0",59,"56+"
2698,1976,Graduation,Single,,0,1,"07-11-2013",52,0,254,7,108,20,0,26,3,0,0,0,0,0,0,6,3,5,6," $47,025.00 ","","","0",50,"46-55"
2711,1976,Master,Together,,1,0,"06-27-2013",6,0,9,1,5,4,5,7,1,0,0,0,0,0,0,1,0,3,7," $30,560.00 ","","","0",50,"46-55"
2712,1956,Graduation,Married,,0,1,"12-25-2013",85,0,184,178,178,103,39,33,1,0,0,0,0,0,0,6,3,10,3," $71,866.00 ","","","0",70,"56+"
2715,1966,Master,Divorced,,1,1,"06-08-2012",11,0,70,3,37,4,2,64,4,0,0,0,0,0,1,3,2,2,9," $29,435.00 ","","","1",60,"56+"
2724,1981,Master,Single,,1,0,"03-30-2014",33,0,12,0,1,0,0,6,1,0,0,0,0,0,0,0,1,2,3," $36,143.00 ","","","0",45,"36-45"
2727,1973,Graduation,Together,,0,0,"04-12-2013",19,0,181,21,69,39,3,96,1,0,0,0,0,0,0,3,3,6,3," $57,100.00 ","","","0",53,"46-55"
2730,1955,Graduation,Single,,0,0,"08-20-2013",64,0,536,11,387,149,91,57,1,0,0,0,0,0,0,3,4,10,1," $80,317.00 ","","","0",71,"56+"
2736,1978,Graduation,Married,,0,1,"02-01-2013",88,0,366,124,156,71,78,54,2,0,0,0,0,0,0,5,5,11,2," $73,807.00 ","","","0",48,"46-55"
2740,1958,PhD,Widow,,1,1,"09-22-2013",81,0,62,1,16,3,2,6,4,0,0,0,0,0,0,2,1,4,5," $33,438.00 ","","","0",68,"56+"
2747,1988,PhD,Married,,0,0,"08-31-2012",90,0,864,134,768,150,38,172,1,0,0,0,0,0,0,4,10,5,3," $67,546.00 ","","","0",38,"36-45"
2781,1981,Graduation,Single,,0,0,"06-23-2014",55,0,1003,34,536,134,51,34,1,1,0,0,0,1,1,4,6,6,2," $72,066.00 ","","","3",45,"36-45"
2782,1961,PhD,Married,,0,1,"11-07-2013",23,0,352,0,27,10,0,15,3,0,0,0,0,0,0,6,1,7,6," $54,456.00 ","","","0",65,"56+"
2793,1976,PhD,Divorced,,0,1,"07-21-2013",10,0,532,88,168,69,44,133,3,0,0,0,0,0,0,7,3,13,5," $70,179.00 ","","","0",50,"46-55"
2795,1958,Master,Single,,2,1,"01-07-2013",0,0,5,0,3,0,0,5,1,0,0,0,0,0,0,1,0,2,7," $30,523.00 ","","","0",68,"56+"
2797,1977,Graduation,Married,,0,1,"08-20-2013",34,0,707,20,171,65,60,50,1,0,0,0,0,0,0,9,7,9,5," $72,117.00 ","","","0",49,"46-55"
2798,1977,PhD,Together,,0,0,"02-11-2012",54,0,763,29,138,76,176,58,0,1,0,0,1,1,1,7,9,10,4," $102,160.00 ","","","4",49,"46-55"
2802,1992,"2n Cycle",Married,,0,0,"12-15-2012",61,0,196,25,607,67,17,49,1,0,0,0,0,0,0,4,6,7,2," $87,000.00 ","","","0",34,"26-35"
2804,1975,Master,Single,,1,1,"08-18-2012",86,0,57,0,27,0,0,36,4,0,0,0,0,0,1,3,2,2,8," $46,098.00 ","","","1",51,"46-55"
2807,1969,Graduation,Married,,0,1,"02-16-2013",24,0,656,38,161,62,47,37,3,0,0,0,0,0,0,8,9,7,7," $56,796.00 ","","","0",57,"56+"
2811,1963,PhD,Single,,1,1,"12-04-2014",21,0,52,0,9,0,0,1,2,0,0,0,0,0,0,1,0,4,4," $48,918.00 ","","","0",63,"56+"
2814,1976,Master,Together,,1,0,"06-27-2013",6,0,9,1,5,4,5,7,1,0,0,0,0,0,0,1,0,3,7," $30,560.00 ","","","0",50,"46-55"
2815,1975,Graduation,Married,,1,0,"02-24-2014",46,0,7,5,39,17,15,37,2,0,0,0,0,0,0,4,0,3,7," $33,183.00 ","","","0",51,"46-55"
2826,1967,Graduation,Married,,2,1,"10-28-2013",28,0,25,0,8,2,0,2,2,0,0,0,0,0,0,2,0,3,7," $22,574.00 ","","","0",59,"56+"
2829,1955,Graduation,Married,,0,1,"10-03-2014",25,0,626,0,70,0,7,28,2,1,0,0,1,0,0,9,3,8,6," $65,210.00 ","","","2",71,"56+"
2831,1976,Graduation,Together,,0,1,"06-27-2014",99,0,453,38,279,188,38,183,2,0,0,0,0,0,0,7,7,10,3," $78,416.00 ","","","0",50,"46-55"
2836,1972,PhD,Married,,1,0,"09-16-2013",61,0,10,1,7,0,0,1,1,0,0,0,0,0,0,1,0,2,8," $43,269.00 ","","","0",54,"46-55"
2849,1979,Graduation,Single,,0,1,"01-04-2013",25,0,265,199,303,234,9,170,7,0,0,0,0,0,0,10,2,12,7," $60,474.00 ","","","0",47,"46-55"
2853,1980,Graduation,Single,,1,0,"11-03-2014",74,0,60,51,87,6,20,51,2,0,0,0,0,0,0,4,2,4,5," $51,766.00 ","","","0",46,"46-55"
2861,1983,Graduation,Single,,1,0,"04-16-2013",79,0,9,1,6,3,0,4,1,0,0,0,0,0,0,1,0,2,8," $24,072.00 ","","","0",43,"36-45"
2863,1970,Graduation,Single,,1,2,"08-23-2013",67,0,738,20,172,52,50,20,6,1,0,0,1,0,0,2,3,10,7,"","","","2",56,"56+"
2868,1949,PhD,Single,,1,1,"08-04-2013",33,0,20,1,28,3,3,2,3,0,0,0,0,0,1,2,0,3,8," $26,518.00 ","","","1",77,"56+"
2870,1973,Graduation,Married,,0,1,"09-21-2012",6,0,376,0,38,11,8,69,5,0,0,0,0,0,0,6,3,6,6," $49,094.00 ","","","0",53,"46-55"
2874,1988,"2n Cycle",Divorced,,1,0,"07-03-2013",20,0,6,4,7,4,3,8,1,0,0,0,0,0,0,1,0,3,7," $35,388.00 ","","","0",38,"36-45"
2875,1978,Graduation,Married,,0,0,"04-03-2014",93,1,444,44,382,11,8,17,1,0,0,0,0,0,0,3,7,13,2," $67,023.00 ","","","0",48,"46-55"
2877,1974,Master,Together,,1,1,"01-21-2013",21,0,410,0,59,19,9,44,10,0,0,0,0,0,0,7,1,8,7," $46,014.00 ","","","0",52,"46-55"
2878,1947,PhD,Married,,0,1,"09-28-2013",93,0,162,31,127,8,17,69,2,0,0,0,0,0,0,4,2,7,3," $67,472.00 ","","","0",79,"56+"
2882,1975,"2n Cycle",Divorced,,0,1,"01-10-2012",31,0,711,28,142,49,18,47,2,0,0,0,0,0,0,3,2,9,8," $67,893.00 ","","","0",51,"46-55"
2886,1971,Master,Divorced,,0,1,"12-08-2013",70,0,1121,0,72,0,12,12,4,1,0,0,1,0,0,10,8,10,6," $74,290.00 ","","","2",55,"46-55"
2891,1963,Graduation,Divorced,,0,1,"10-18-2013",51,0,595,23,123,10,23,154,2,0,0,0,0,0,0,8,9,4,6," $68,118.00 ","","","0",63,"56+"
2894,1985,Graduation,Single,,0,0,"10-29-2013",74,0,1067,138,750,0,19,39,1,1,0,0,1,1,1,7,5,8,4," $72,903.00 ","","","4",41,"36-45"
2895,1963,Graduation,Single,,0,1,"10-23-2013",79,0,104,1,54,13,9,14,2,0,0,0,0,0,0,3,1,5,5," $49,980.00 ","","","0",63,"56+"
2902,1958,Graduation,Together,,1,1,"03-09-2012",87,0,19,4,12,2,2,6,1,0,0,0,0,0,0,1,0,3,5,"","","","0",68,"56+"
2909,1974,PhD,Married,,0,1,"02-19-2014",89,0,934,24,230,16,24,36,2,0,0,0,1,1,0,8,4,6,3," $78,128.00 ","","","2",52,"46-55"
2918,1981,Graduation,Divorced,,1,1,"04-13-2013",72,0,44,5,19,0,4,19,3,0,0,0,0,0,0,2,0,4,5," $28,510.00 ","","","0",45,"36-45"
2920,1975,PhD,Single,,0,1,"01-12-2012",63,0,789,0,142,12,9,38,2,0,0,0,0,0,0,2,4,8,8," $52,614.00 ","","","0",51,"46-55"
2926,1952,Master,Together,,0,1,"08-23-2012",62,0,1241,0,80,0,13,40,3,0,1,0,1,0,0,3,6,11,8," $55,951.00 ","","","2",74,"56+"
2928,1975,PhD,Single,,0,1,"01-12-2012",63,0,789,0,142,12,9,38,2,0,0,0,0,0,0,2,4,8,8," $52,614.00 ","","","0",51,"46-55"
2929,1976,Graduation,Single,,0,0,"02-20-2013",27,0,18,42,24,15,20,18,1,0,0,0,0,0,0,2,1,4,7," $20,180.00 ","","","0",50,"46-55"
2930,1978,Master,Single,,0,0,"12-16-2013",7,0,852,60,207,78,36,48,2,0,0,0,0,0,0,2,6,10,5," $68,092.00 ","","","0",48,"46-55"
2931,1978,Graduation,Divorced,,0,0,"09-21-2012",95,0,737,21,106,55,63,210,0,1,0,0,0,0,0,6,7,9,3," $71,847.00 ","","","1",48,"46-55"
2936,1982,Master,Together,,1,0,"04-12-2013",46,0,18,0,4,0,0,1,1,0,0,0,0,0,0,1,0,3,7," $23,661.00 ","","","0",44,"36-45"
2937,1974,PhD,Single,,0,1,"08-28-2013",47,0,614,16,132,43,33,33,3,0,0,0,0,0,0,8,5,9,6," $68,352.00 ","","","0",52,"46-55"
2939,1970,Master,Together,,0,0,"06-22-2014",96,0,751,127,687,20,15,31,1,0,0,0,0,0,0,4,6,4,2," $79,419.00 ","","","0",56,"56+"
2942,1964,Graduation,Single,,0,1,"07-05-2013",20,0,305,3,27,4,3,144,2,0,0,1,0,0,0,5,4,4,5," $45,906.00 ","","","1",62,"56+"
2945,1955,PhD,Together,,1,1,"04-13-2014",25,0,38,0,2,0,0,6,1,0,1,1,0,0,0,1,0,3,7," $46,015.00 ","","","2",71,"56+"
2948,1954,Master,Divorced,,0,1,"01-03-2014",76,0,104,12,48,4,12,5,1,0,0,0,0,0,0,2,2,5,2," $62,637.00 ","","","0",72,"56+"
2952,1977,Master,Single,,1,0,"04-16-2014",80,0,29,3,30,3,2,9,2,0,0,0,0,0,0,3,0,3,6," $36,273.00 ","","","0",49,"46-55"
2958,1978,Graduation,Married,,2,0,"02-24-2014",53,0,19,3,10,11,8,6,3,0,0,0,0,0,0,2,1,4,4," $28,442.00 ","","","0",48,"46-55"
2961,1982,Graduation,Married,,1,0,"02-26-2013",86,0,175,10,110,54,6,27,2,0,0,1,0,0,0,6,3,4,6," $42,081.00 ","","","1",44,"36-45"
2963,1979,Graduation,Together,,0,0,"02-05-2014",56,0,709,93,374,104,80,80,1,0,0,0,0,0,0,8,6,6,3," $75,507.00 ","","","0",47,"46-55"
2964,1981,Graduation,Married,,0,0,"10-16-2013",0,0,3,10,8,3,16,32,1,0,0,0,0,0,0,1,1,2,6," $26,872.00 ","","","0",45,"36-45"
2968,1943,PhD,Divorced,,0,0,"01-02-2013",53,0,437,8,206,160,49,42,2,0,0,1,0,0,1,7,10,5,6," $48,948.00 ","","","2",83,"56+"
2975,1976,Graduation,Together,,0,1,"12-11-2012",89,0,717,42,864,219,30,84,2,1,0,0,0,0,0,6,7,9,3," $85,606.00 ","","","1",50,"46-55"
2980,1952,Master,Single,,1,1,"03-22-2013",52,0,12,0,13,4,2,4,4,0,0,0,0,0,0,3,0,3,8," $8,820.00 ","","","0",74,"56+"
2986,1976,Graduation,Married,,1,1,"12-03-2014",89,0,7,2,4,2,1,4,1,0,0,0,0,0,0,1,0,2,6," $30,772.00 ","","","0",50,"46-55"
2995,1957,Master,Together,,0,0,"08-17-2013",64,0,291,10,689,84,10,0,1,0,0,0,0,0,0,3,4,9,1," $66,636.00 ","","","0",69,"56+"
3005,1992,Graduation,Single,,0,0,"01-05-2014",7,0,530,117,678,134,44,147,1,1,0,1,0,0,1,4,10,8,1," $83,528.00 ","","","3",34,"26-35"
3006,1976,Graduation,Divorced,,1,0,"04-22-2013",83,0,17,0,14,7,3,2,1,0,0,0,0,0,0,1,0,3,7," $30,992.00 ","","","0",50,"46-55"
3007,1966,Graduation,Together,,1,1,"04-10-2012",49,0,27,2,10,0,0,1,2,0,0,0,0,0,0,1,0,3,8," $37,758.00 ","","","0",60,"56+"
3009,1962,PhD,Widow,,0,0,"09-07-2013",8,0,1462,16,128,0,0,160,1,0,1,0,1,1,1,5,3,6,6," $71,670.00 ","","","4",64,"56+"
3010,1989,Master,Together,,0,0,"02-05-2014",87,0,957,153,612,99,95,153,1,1,0,1,0,1,0,4,7,8,1," $88,420.00 ","","","3",37,"36-45"
3011,1965,Graduation,Married,,0,1,"01-27-2014",23,0,86,12,75,33,15,6,1,0,0,0,0,0,0,4,1,5,4," $69,139.00 ","","","0",61,"56+"
3025,1958,Graduation,Single,,0,1,"08-07-2013",4,0,212,6,69,4,12,3,3,0,0,0,0,0,0,6,1,5,7," $49,967.00 ","","","0",68,"56+"
3032,1984,Graduation,Married,,1,0,"02-27-2013",97,0,28,34,62,11,14,44,3,0,0,0,0,0,0,4,0,4,9," $24,570.00 ","","","0",42,"36-45"
3033,1963,Master,Together,,0,0,"11-05-2013",56,0,112,17,44,34,22,89,1,0,0,0,0,0,0,2,5,3,3," $38,620.00 ","","","0",63,"56+"
3037,1983,PhD,Married,,0,0,"06-20-2013",32,0,135,46,92,65,61,11,2,0,0,0,0,0,0,5,2,7,5," $50,150.00 ","","","0",43,"36-45"
3050,1966,Graduation,Married,,1,1,"12-17-2013",13,0,185,0,28,3,2,17,6,0,0,0,0,0,0,3,1,6,4," $54,198.00 ","","","0",60,"56+"
3056,1978,Graduation,Divorced,,0,1,"10-14-2013",63,0,587,43,337,42,87,54,3,0,0,0,0,0,0,11,6,9,6," $63,693.00 ","","","0",48,"46-55"
3066,1975,PhD,Together,,0,1,"04-02-2014",2,0,167,0,43,6,2,13,2,0,0,0,0,0,0,4,2,4,5," $61,905.00 ","","","0",51,"46-55"
3068,1990,Graduation,Married,,0,0,"10-29-2013",1,0,1,12,9,0,14,7,1,0,0,0,0,0,0,2,0,3,7," $18,351.00 ","","","0",36,"36-45"
3074,1984,PhD,Married,,0,0,"10-15-2012",66,0,1218,107,304,23,143,33,1,0,0,0,0,0,1,5,8,4,6," $70,643.00 ","","","1",42,"36-45"
3075,1972,PhD,Married,,0,0,"11-09-2013",47,0,130,30,168,20,34,0,1,0,0,0,0,0,0,3,4,7,1," $59,973.00 ","","","0",54,"46-55"
3076,1975,Graduation,Together,,1,1,"07-09-2012",18,0,452,18,102,16,18,6,4,0,0,0,0,0,0,4,2,12,3," $66,653.00 ","","","0",51,"46-55"
3081,1978,PhD,Married,,1,0,"04-22-2013",65,0,7,2,6,2,0,3,1,0,0,0,0,0,0,1,0,2,7," $41,014.00 ","","","0",48,"46-55"
3083,1974,Graduation,Married,,1,1,"07-26-2013",88,0,215,13,87,17,17,24,5,0,0,0,0,0,0,6,2,5,7," $45,837.00 ","","","0",52,"46-55"
3091,1981,"2n Cycle",Together,,1,0,"02-05-2014",27,0,340,21,134,258,14,56,1,0,0,0,0,0,0,7,5,8,4," $75,774.00 ","","","0",45,"36-45"
3099,1970,Graduation,Divorced,,1,1,"02-25-2013",48,0,183,5,65,3,5,49,5,0,0,0,0,0,0,5,2,4,9," $44,267.00 ","","","0",56,"56+"
3102,1981,"2n Cycle",Together,,1,0,"10-16-2013",32,0,2,3,12,3,5,7,1,0,0,0,0,0,0,1,0,3,8," $19,414.00 ","","","0",45,"36-45"
3104,1961,Graduation,Single,,0,0,"09-17-2012",89,0,830,59,968,51,79,19,1,0,0,0,0,1,1,5,3,12,2," $82,332.00 ","","","2",65,"56+"
3107,1976,Graduation,Together,,0,1,"02-05-2014",31,0,121,24,124,24,15,42,1,0,0,0,0,0,0,4,1,7,2," $71,322.00 ","","","0",50,"46-55"
3112,1977,Master,Married,,1,0,"05-09-2013",2,0,2,4,9,0,4,5,1,0,0,0,0,0,0,1,0,3,5," $22,701.00 ","","","0",49,"46-55"
3117,1955,Graduation,Single,,0,1,"10-18-2013",95,0,264,0,21,12,6,147,3,0,0,0,0,0,0,6,1,5,7,"","","","0",71,"56+"
3120,1981,Graduation,Together,,1,0,"08-28-2013",49,1,6,1,10,0,1,4,1,0,0,0,0,0,0,1,0,2,8," $38,547.00 ","","","0",45,"36-45"
3129,1983,Graduation,Married,,1,0,"05-22-2014",30,0,5,3,11,12,5,9,1,0,0,0,0,0,0,2,0,3,6," $30,096.00 ","","","0",43,"36-45"
3130,1964,Graduation,Single,,1,1,"04-06-2013",95,0,12,4,2,10,6,10,4,0,0,0,0,0,0,2,0,4,5," $18,701.00 ","","","0",62,"56+"
3136,1962,Master,Divorced,,0,1,"04-13-2013",88,0,317,25,265,25,19,12,3,0,0,0,0,0,0,5,3,11,5," $59,432.00 ","","","0",64,"56+"
3138,1956,Graduation,Single,,0,0,"10-20-2012",84,0,1324,27,119,71,108,27,0,1,1,0,1,1,1,7,9,6,4," $91,249.00 ","","","5",70,"56+"
3139,1982,"2n Cycle",Single,,0,0,"12-30-2013",53,0,871,111,704,145,55,166,1,0,0,0,1,0,0,4,4,10,2," $74,116.00 ","","","1",44,"36-45"
3152,1957,Graduation,Together,,1,1,"02-25-2014",84,0,15,10,19,8,17,20,3,0,0,0,0,0,0,2,1,3,5," $26,091.00 ","","","0",69,"56+"
3153,1957,PhD,Single,,2,1,"08-12-2013",24,0,11,0,4,0,0,2,1,0,0,0,0,0,0,1,0,2,8," $40,737.00 ","","","0",69,"56+"
3158,1973,Graduation,Married,,1,0,"03-01-2013",1,0,13,3,6,6,5,6,1,0,0,0,0,0,0,1,0,3,8," $32,300.00 ","","","0",53,"46-55"
3170,1957,Master,Together,,0,0,"08-31-2013",86,0,389,66,408,37,57,85,1,0,0,0,0,0,0,4,4,6,2," $68,148.00 ","","","0",69,"56+"
3174,1959,Graduation,Together,,0,1,"05-22-2013",61,0,1492,38,287,50,57,33,1,1,1,0,1,1,1,5,10,4,6," $87,771.00 ","","","5",67,"56+"
3179,1980,Graduation,Single,,0,0,"06-16-2013",75,0,249,153,940,58,134,38,0,0,0,0,0,0,0,6,6,7,2," $81,741.00 ","","","0",46,"46-55"
3182,1973,PhD,Single,,1,1,"03-31-2014",81,0,96,1,79,7,1,79,6,0,0,1,0,0,1,5,1,3,8," $46,854.00 ","","","2",53,"46-55"
3194,1974,PhD,Single,,0,0,"05-04-2014",86,0,412,12,546,78,182,0,1,0,0,0,0,0,0,4,4,10,1," $71,466.00 ","","","0",52,"46-55"
3197,1980,Graduation,Married,,0,1,"12-16-2013",38,0,275,59,107,69,101,59,2,0,0,0,0,0,0,6,4,8,4," $77,353.00 ","","","0",46,"46-55"
3202,1987,PhD,Married,,0,0,"01-10-2012",60,0,1166,0,48,0,0,36,1,0,0,0,1,1,0,4,4,10,8," $51,563.00 ","","","2",39,"36-45"
3220,1983,Graduation,Married,,1,0,"02-14-2013",30,0,29,12,59,19,1,36,2,0,0,0,0,0,0,3,0,4,8," $39,922.00 ","","","0",43,"36-45"
3225,1984,Master,Married,,1,0,"01-04-2013",71,0,116,11,72,3,17,46,4,0,0,1,0,0,1,4,1,5,6," $42,207.00 ","","","2",42,"36-45"
3231,1973,Graduation,Married,,1,0,"11-25-2013",97,0,5,4,10,2,2,7,1,0,0,0,0,0,0,1,0,3,8," $37,971.00 ","","","0",53,"46-55"
3233,1965,PhD,Married,,0,1,"03-23-2013",89,0,562,21,464,28,10,32,3,0,0,0,0,0,0,7,8,11,5," $62,745.00 ","","","0",61,"56+"
3254,1971,Graduation,Married,,1,0,"10-14-2013",65,0,407,70,239,103,88,53,1,0,0,0,0,0,0,5,4,4,2," $70,886.00 ","","","0",55,"46-55"
3262,1958,Graduation,Single,,0,0,"07-08-2012",31,0,995,112,417,42,48,41,1,0,0,0,0,0,1,2,9,13,5," $68,281.00 ","","","1",68,"56+"
3265,1959,Graduation,Married,,0,0,"03-19-2013",36,0,21,1,9,7,3,5,1,0,0,0,0,0,0,1,0,3,6," $35,701.00 ","","","0",67,"56+"
3266,1964,Graduation,Married,,0,0,"04-23-2014",96,0,14,36,11,3,26,35,1,0,0,0,0,0,0,1,1,4,2," $42,523.00 ","","","0",62,"56+"
3267,1963,Master,Together,,0,1,"06-25-2014",27,0,527,0,21,0,0,60,3,0,0,0,1,0,0,8,1,8,6," $57,288.00 ","","","1",63,"56+"
3270,1978,"2n Cycle",Together,,1,0,"01-17-2013",96,0,12,23,38,30,18,7,4,0,0,0,0,0,0,3,1,3,9," $17,117.00 ","","","0",48,"46-55"
3276,1976,"2n Cycle",Together,,1,0,"10-25-2013",53,0,11,12,35,3,5,12,1,0,0,0,0,0,0,3,0,3,7," $36,301.00 ","","","0",50,"46-55"
3277,1955,Graduation,Divorced,,0,1,"03-08-2012",9,0,219,3,100,26,0,17,2,0,0,0,0,0,0,7,1,5,8," $49,431.00 ","","","0",71,"56+"
3281,1960,PhD,Married,,1,1,"03-11-2013",69,0,206,10,67,30,27,71,6,0,0,0,0,0,0,4,1,8,6," $49,154.00 ","","","0",66,"56+"
3283,1972,"2n Cycle",Married,,0,1,"01-19-2014",57,0,200,193,100,46,185,185,2,0,0,0,0,0,0,6,2,12,3," $70,932.00 ","","","0",54,"46-55"
3286,1967,PhD,Divorced,,1,0,"01-03-2014",71,0,13,2,15,2,2,8,2,0,0,0,0,0,0,2,0,3,6," $26,642.00 ","","","0",59,"56+"
3298,1956,Master,Married,,0,1,"08-11-2012",92,0,856,0,76,12,9,199,7,0,0,0,0,0,0,9,6,9,8," $52,973.00 ","","","0",70,"56+"
3308,1952,Graduation,Married,,1,1,"03-01-2014",54,0,30,9,12,2,11,30,3,0,0,0,0,0,0,2,0,4,4," $35,704.00 ","","","0",74,"56+"
3310,1973,"2n Cycle",Married,,2,1,"08-22-2012",94,0,73,3,90,12,1,32,7,0,0,0,0,0,0,4,1,4,8," $35,688.00 ","","","0",53,"46-55"
3312,1988,Graduation,Single,,1,0,"12-05-2014",12,0,5,7,24,19,14,20,4,0,0,0,0,0,0,3,0,4,6," $34,176.00 ","","","0",38,"36-45"
3321,1967,PhD,Together,,0,2,"05-05-2013",42,0,421,5,90,0,16,10,3,0,0,0,0,0,0,7,3,7,5," $56,575.00 ","","","0",59,"56+"
3332,1985,Graduation,Single,,1,0,"08-29-2012",87,0,64,4,68,7,5,17,4,0,0,0,0,0,0,3,1,4,8," $29,760.00 ","","","0",41,"36-45"
3334,1951,Graduation,Married,,0,0,"12-02-2014",35,0,879,143,797,106,143,143,0,1,0,0,0,1,0,5,7,9,1," $94,642.00 ","","","2",75,"56+"
3336,1948,PhD,Together,,0,1,"11-21-2013",96,0,712,0,45,0,0,191,3,0,0,1,0,0,0,2,4,5,7," $66,375.00 ","","","1",78,"56+"
3340,1977,Graduation,Married,,1,0,"08-17-2012",56,0,244,15,108,4,15,50,6,0,0,0,0,0,1,7,1,6,8," $42,014.00 ","","","1",49,"46-55"
3363,1974,"2n Cycle",Married,,0,0,"03-17-2014",99,0,0,6,3,7,6,12,1,0,0,0,0,0,0,1,0,3,8," $20,130.00 ","","","0",52,"46-55"
3376,1970,Master,Divorced,,1,0,"12-13-2013",9,0,125,6,73,8,4,19,1,0,0,0,0,0,0,3,1,6,4," $55,282.00 ","","","0",56,"56+"
3381,1953,Master,Married,,1,1,"08-06-2014",51,0,70,0,16,0,0,4,2,0,0,0,0,0,0,2,0,4,6," $54,348.00 ","","","0",73,"56+"
3386,1992,Graduation,Married,,0,0,"06-21-2013",71,0,34,4,66,3,10,20,1,0,0,0,0,0,0,2,1,4,7," $34,935.00 ","","","0",34,"26-35"
3388,1967,Graduation,Divorced,,1,1,"10-30-2013",16,0,129,26,67,3,67,2,5,0,0,0,0,0,0,6,1,5,7," $70,844.00 ","","","0",59,"56+"
3389,1970,Graduation,Married,,0,1,"11-22-2012",61,0,726,53,363,123,107,161,4,0,0,0,0,0,0,8,9,13,5," $69,016.00 ","","","0",56,"56+"
3403,1958,PhD,Together,,0,1,"09-24-2012",11,0,1170,19,594,99,76,134,2,0,0,0,0,0,0,2,5,12,6," $78,952.00 ","","","0",68,"56+"
3406,1964,Graduation,Single,,0,1,"10-22-2012",97,0,138,33,87,28,24,12,4,0,0,0,0,0,0,3,2,7,3," $45,989.00 ","","","0",62,"56+"
3409,1984,Graduation,Single,,1,0,"10-15-2013",68,0,141,8,129,3,11,47,3,0,0,1,0,0,0,7,1,4,9," $36,108.00 ","","","1",42,"36-45"
3412,1951,Master,Married,,0,1,"01-15-2013",67,0,815,8,53,11,0,70,4,0,0,0,1,0,0,2,2,9,7," $67,381.00 ","","","1",75,"56+"
3421,1968,Master,Divorced,,0,1,"04-21-2013",64,0,635,15,100,20,7,131,1,0,0,0,0,0,0,9,3,9,6," $63,841.00 ","","","0",58,"56+"
3422,1975,Graduation,Married,,0,1,"11-29-2012",67,0,1115,12,128,33,12,76,1,0,1,0,1,0,0,2,3,4,6," $76,068.00 ","","","2",51,"46-55"
3426,1975,Graduation,Divorced,,1,0,"07-15-2013",89,0,1045,61,338,60,46,46,3,0,0,0,0,0,0,5,5,13,8," $70,300.00 ","","","0",51,"46-55"
3427,1955,PhD,Married,,0,1,"12-04-2013",11,0,629,0,70,0,0,35,6,0,0,0,0,0,0,11,2,7,8," $59,821.00 ","","","0",71,"56+"
3428,1991,PhD,Together,,0,0,"06-10-2013",56,0,919,0,505,99,30,45,1,0,0,0,0,0,0,4,9,10,2," $68,682.00 ","","","0",35,"26-35"
3433,1955,"2n Cycle",Married,,0,0,"03-06-2013",54,0,390,22,323,104,35,107,1,1,0,0,0,0,0,6,8,6,3," $72,635.00 ","","","1",71,"56+"
3434,1951,Graduation,Single,,0,0,"12-05-2014",60,0,483,72,567,94,12,108,1,0,0,0,0,0,0,4,4,10,1," $80,872.00 ","","","0",75,"56+"
3436,1969,Graduation,Married,,1,0,"01-26-2014",24,0,11,0,5,2,1,1,1,0,0,0,0,0,0,1,0,3,7," $14,045.00 ","","","0",57,"56+"
3439,1972,Graduation,Married,,1,1,"10-31-2012",64,0,157,6,39,6,13,75,5,0,0,0,0,0,0,4,1,5,6," $56,721.00 ","","","0",54,"46-55"
3445,1956,Graduation,Single,,0,0,"01-17-2013",56,0,216,162,224,101,92,162,2,0,0,0,0,0,1,7,4,10,5," $60,714.00 ","","","1",70,"56+"
3463,1975,PhD,Married,,0,1,"06-14-2014",41,0,674,62,134,0,26,8,4,0,0,0,0,0,0,7,3,13,5," $69,283.00 ","","","0",51,"46-55"
3469,1977,PhD,Divorced,,1,1,"06-09-2012",94,0,19,18,33,24,1,8,3,0,0,0,0,0,0,3,0,3,9," $34,487.00 ","","","0",49,"46-55"
3478,1971,PhD,Married,,1,1,"06-24-2013",17,0,267,42,309,55,42,21,10,0,0,0,0,0,1,7,4,9,5," $60,585.00 ","","","1",55,"46-55"
3479,1950,Graduation,Single,,0,0,"07-19-2013",49,0,4,8,11,12,2,13,1,0,0,1,0,0,0,2,0,3,7," $16,813.00 ","","","1",76,"56+"
3483,1958,Graduation,Married,,0,0,"06-04-2013",76,0,1039,43,204,153,58,29,3,1,1,0,1,0,1,2,8,12,8," $48,192.00 ","","","4",68,"56+"
3491,1975,Graduation,Together,,0,1,"04-29-2013",32,0,384,60,364,119,101,232,4,0,0,0,0,0,0,11,6,8,7," $55,914.00 ","","","0",51,"46-55"
3498,1976,PhD,Married,,0,1,"11-25-2012",6,0,462,61,184,10,53,107,4,0,0,1,0,0,1,7,5,9,6," $55,424.00 ","","","2",50,"46-55"
3503,1950,Graduation,Divorced,,0,0,"02-12-2013",78,0,255,47,573,52,32,15,1,0,0,0,0,0,0,5,3,6,1," $82,460.00 ","","","0",76,"56+"
3507,1970,Graduation,Single,,1,0,"08-17-2012",44,0,676,161,426,210,44,58,2,0,0,0,0,0,1,2,5,5,6," $76,467.00 ","","","1",56,"56+"
3515,1952,Graduation,Single,,0,1,"02-17-2014",94,0,87,13,34,10,6,10,1,0,0,0,0,0,0,4,0,4,5," $62,307.00 ","","","0",74,"56+"
3517,1952,Graduation,Single,,1,1,"06-05-2013",32,0,50,4,44,10,10,43,3,0,0,0,0,0,1,3,1,3,9," $40,887.00 ","","","1",74,"56+"
3518,1983,Graduation,Married,,1,0,"05-12-2012",45,0,10,1,18,10,4,7,1,0,0,0,0,0,0,1,1,2,9," $25,271.00 ","","","0",43,"36-45"
3520,1990,Master,Single,,0,0,"03-27-2013",94,0,162,28,818,0,28,56,0,1,1,1,0,1,1,4,3,7,3," $91,172.00 ","","","5",36,"36-45"
3523,1962,Graduation,Together,,0,1,"01-23-2013",83,0,583,34,309,0,22,125,2,0,0,0,0,0,0,5,4,8,3," $75,072.00 ","","","0",64,"56+"
3524,1971,Master,Single,,1,0,"04-08-2013",9,0,80,1,60,4,6,16,2,0,0,0,0,0,1,5,1,2,9," $39,763.00 ","","","1",55,"46-55"
3525,1970,Graduation,Together,,1,1,"07-12-2012",19,0,12,0,4,0,0,1,1,0,0,0,0,0,0,1,0,2,7," $38,200.00 ","","","0",56,"56+"
3526,1968,PhD,Married,,1,1,"01-27-2014",58,0,32,0,5,0,0,1,2,0,0,0,0,0,0,1,0,3,7," $38,443.00 ","","","0",58,"56+"
3535,1965,Graduation,Single,,0,0,"03-17-2014",68,0,251,108,334,65,92,117,1,0,0,0,0,0,0,4,3,5,2," $66,294.00 ","","","0",61,"56+"
3536,1960,Graduation,Together,,0,1,"03-24-2013",65,0,7,11,3,10,4,20,2,0,0,0,0,0,0,1,1,3,5," $19,740.00 ","","","0",66,"56+"
3537,1981,Graduation,Together,,1,0,"08-17-2012",57,0,31,3,31,2,8,4,3,0,0,0,0,0,0,3,0,4,8," $31,089.00 ","","","0",45,"36-45"
3547,1969,Master,Together,,1,0,"12-30-2012",12,0,14,7,9,6,16,12,2,0,0,0,0,0,1,2,0,3,6," $41,021.00 ","","","1",57,"56+"
3551,1954,Master,Together,,0,1,"03-29-2014",28,0,62,1,57,19,11,48,2,0,0,0,0,0,0,2,1,5,2," $60,033.00 ","","","0",72,"56+"
3559,1988,"2n Cycle",Married,,1,0,"10-05-2014",77,0,12,11,10,3,12,9,3,0,0,0,0,0,0,2,1,3,6," $16,248.00 ","","","0",38,"36-45"
3560,1952,Graduation,Together,,0,0,"12-05-2013",57,0,901,31,345,75,31,191,1,0,0,0,0,1,0,4,4,11,1," $83,844.00 ","","","1",74,"56+"
3565,1955,Master,Married,,1,1,"03-30-2014",62,0,56,0,14,0,0,2,3,0,0,0,0,0,0,3,0,3,7," $38,452.00 ","","","0",71,"56+"
3570,1969,PhD,Together,,1,0,"10-21-2013",64,0,159,2,51,6,2,24,3,0,0,0,0,0,0,4,1,5,5," $42,731.00 ","","","0",57,"56+"
3571,1961,PhD,Together,,0,1,"10-16-2012",48,0,918,21,118,13,10,21,3,0,0,0,1,0,1,8,3,5,6," $63,342.00 ","","","2",65,"56+"
3578,1949,Graduation,Divorced,,0,1,"10-20-2013",29,0,122,21,43,25,10,15,2,0,0,0,0,0,0,3,1,6,6," $49,160.00 ","","","0",77,"56+"
3584,1955,PhD,Single,,0,0,"08-20-2012",35,0,1181,26,120,17,13,39,2,0,0,1,0,0,1,5,10,5,8," $49,667.00 ","","","2",71,"56+"
3594,1973,Master,Married,,1,1,"05-11-2012",74,0,539,6,91,8,6,97,13,0,0,0,0,0,0,8,2,9,8," $54,108.00 ","","","0",53,"46-55"
3595,1963,Graduation,Together,,0,1,"02-28-2014",29,0,631,43,239,128,76,21,2,0,0,0,0,0,0,6,8,12,3," $77,226.00 ","","","0",63,"56+"
3598,1972,Graduation,Married,,0,1,"05-23-2013",53,0,441,35,83,7,29,11,4,0,0,0,0,0,0,4,2,12,4," $62,710.00 ","","","0",54,"46-55"
3599,1970,Graduation,Married,,0,1,"11-26-2012",61,0,575,80,428,208,93,80,3,0,0,0,0,0,0,8,4,8,5," $63,684.00 ","","","0",56,"56+"
3602,1958,Master,Married,,0,1,"12-31-2013",42,0,140,3,29,4,5,14,2,0,0,0,0,0,0,3,2,4,4," $51,412.00 ","","","0",68,"56+"
3619,1960,"2n Cycle",Divorced,,0,0,"09-23-2012",19,0,345,25,501,63,138,80,1,0,0,0,0,1,1,5,3,8,2," $87,305.00 ","","","2",66,"56+"
3623,1976,Graduation,Together,,1,0,"11-06-2014",55,0,4,0,16,17,4,4,3,0,0,0,0,0,0,4,0,3,7," $21,675.00 ","","","0",50,"46-55"
3628,1987,Basic,Single,,1,0,"01-29-2013",93,0,4,8,11,19,12,26,2,0,0,0,0,0,0,2,1,2,9," $15,038.00 ","","","0",39,"36-45"
3629,1978,Graduation,Single,,1,0,"12-19-2012",17,0,76,3,31,4,4,27,2,0,0,0,0,0,0,3,1,3,7," $38,557.00 ","","","0",48,"46-55"
3635,1962,PhD,Single,,0,1,"07-05-2014",69,0,492,0,37,7,0,42,3,0,0,0,0,0,0,6,3,8,5," $52,597.00 ","","","0",64,"56+"
3641,1976,Graduation,Married,,1,0,"01-20-2013",93,0,10,2,15,2,1,6,2,0,0,0,0,0,0,2,0,3,6," $13,624.00 ","","","0",50,"46-55"
3643,1974,Master,Married,,0,0,"03-20-2014",65,0,750,8,125,11,8,26,1,0,0,0,0,1,0,4,3,6,2," $63,206.00 ","","","1",52,"46-55"
3645,1972,PhD,Single,,1,0,"08-30-2012",19,0,19,3,26,10,9,3,3,0,0,0,0,0,1,2,0,4,8," $27,213.00 ","","","1",54,"46-55"
3657,1986,Graduation,Single,,1,0,"02-14-2013",1,0,94,1,33,13,12,12,3,0,0,0,0,0,0,4,0,4,8," $39,146.00 ","","","0",40,"36-45"
3661,1995,"2n Cycle",Single,,0,0,"12-10-2012",42,0,594,51,631,72,55,32,1,0,0,0,0,0,0,4,6,8,2," $80,617.00 ","","","0",31,"26-35"
3665,1977,"2n Cycle",Together,,1,0,"07-11-2013",46,0,1,9,8,11,3,22,3,0,0,0,0,0,0,3,0,3,8," $25,315.00 ","","","0",49,"46-55"
3667,1969,Graduation,Married,,0,0,"02-28-2013",20,0,778,178,689,41,27,44,1,1,0,0,1,1,1,8,5,11,8," $80,952.00 ","","","4",57,"56+"
3673,1971,Graduation,Single,,0,1,"07-14-2013",59,0,371,17,238,23,24,106,3,0,0,0,0,0,0,7,5,11,5," $55,239.00 ","","","0",55,"46-55"
3678,1973,Graduation,Widow,,1,1,"07-10-2012",13,0,488,23,71,15,0,59,11,0,0,0,1,0,1,8,3,7,7," $60,208.00 ","","","2",53,"46-55"
3690,1986,Master,Married,,0,0,"11-01-2013",20,0,1184,102,673,52,40,40,1,0,0,0,0,1,1,7,4,10,6," $80,141.00 ","","","2",40,"36-45"
3696,1965,Graduation,Divorced,,1,1,"01-27-2014",67,0,27,1,12,2,0,10,2,0,0,0,0,0,0,2,0,3,7," $30,630.00 ","","","0",61,"56+"
3697,1954,Graduation,Together,,0,1,"12-02-2013",20,0,69,8,26,12,7,12,2,0,0,0,0,0,0,3,0,4,7," $39,898.00 ","","","0",72,"56+"
3698,1983,Graduation,Together,,0,0,"09-08-2012",13,0,817,185,687,145,55,241,1,0,0,0,0,1,1,4,6,8,2," $78,687.00 ","","","2",43,"36-45"
3706,1978,Graduation,Single,,1,0,"08-21-2013",54,0,19,8,29,0,12,26,1,0,0,1,0,0,1,2,2,2,7," $28,647.00 ","","","2",48,"46-55"
3710,1984,PhD,Single,,1,0,"12-10-2012",41,1,19,0,35,6,4,17,2,0,0,0,0,0,1,2,1,2,7," $39,684.00 ","","","1",42,"36-45"
3711,1944,Master,Married,,0,0,"01-03-2014",19,0,1035,134,670,25,38,0,1,1,0,0,0,1,0,6,3,10,3," $80,184.00 ","","","2",82,"56+"
3712,1959,Graduation,Divorced,,0,0,"08-28-2013",63,0,212,5,33,7,0,2,1,0,0,0,1,0,0,3,2,6,4," $52,332.00 ","","","1",67,"56+"
3717,1959,Graduation,Married,,0,1,"04-23-2014",70,0,403,24,29,6,24,218,2,0,0,1,0,0,0,5,5,6,3," $61,180.00 ","","","1",67,"56+"
3722,1972,Graduation,Single,,1,1,"04-16-2014",83,0,31,1,8,0,0,8,2,0,0,0,0,0,0,2,0,3,6," $44,503.00 ","","","0",54,"46-55"
3725,1961,PhD,Single,,0,0,"09-05-2013",1,0,1248,16,349,43,16,16,1,1,1,0,1,1,1,2,4,9,4," $84,865.00 ","","","5",65,"56+"
3726,1986,PhD,Together,,1,0,"02-16-2014",66,0,4,1,9,3,0,0,1,0,0,0,0,0,0,1,0,2,8," $34,320.00 ","","","0",40,"36-45"
3732,1955,Master,Married,,0,1,"04-02-2013",72,0,393,0,239,90,69,69,6,0,0,0,0,0,0,5,7,9,4," $52,750.00 ","","","0",71,"56+"
3745,1988,"2n Cycle",Married,,1,0,"04-09-2012",92,0,5,36,7,0,10,45,2,0,0,0,0,0,0,3,0,3,8," $23,331.00 ","","","0",38,"36-45"
3749,1973,Graduation,Together,,0,0,"02-03-2013",54,0,627,91,597,159,91,15,1,0,0,0,0,0,0,6,5,12,3," $73,926.00 ","","","0",53,"46-55"
3759,1958,Graduation,Together,,0,2,"07-25-2013",34,0,743,19,181,12,0,200,2,0,0,1,0,0,0,7,6,11,5," $65,196.00 ","","","1",68,"56+"
3762,1986,PhD,Single,,0,0,"02-04-2013",30,0,196,0,512,33,130,54,1,1,0,0,0,0,1,3,5,8,1," $69,867.00 ","","","2",40,"36-45"
3766,1959,Master,Widow,,0,0,"08-16-2012",15,0,100,71,243,108,94,219,3,0,0,0,0,0,1,9,1,8,9," $33,051.00 ","","","1",67,"56+"
3767,1968,Graduation,Married,,0,1,"04-25-2013",1,0,378,0,189,97,172,172,2,0,0,0,0,0,0,5,5,12,3," $61,314.00 ","","","0",58,"56+"
3769,1972,PhD,Together,,1,0,"02-03-2014",17,0,25,1,13,0,0,3,1,0,0,0,0,0,0,1,0,3,7,"","","","0",54,"46-55"
3783,1959,PhD,Married,,1,1,"03-24-2014",43,0,105,0,10,0,1,0,2,0,0,0,0,0,0,2,1,4,5," $52,854.00 ","","","0",67,"56+"
3790,1956,Graduation,Together,,2,1,"01-23-2014",31,0,8,1,5,0,0,1,1,0,0,0,0,0,0,1,0,2,6," $34,633.00 ","","","0",70,"56+"
3798,1968,Graduation,Married,,1,1,"06-11-2013",80,0,24,2,23,0,8,24,3,0,0,0,0,0,0,2,1,3,6," $41,120.00 ","","","0",58,"56+"
3799,1955,Graduation,Married,,0,1,"11-26-2013",4,0,315,35,322,46,7,143,3,0,0,0,0,0,0,7,2,11,5," $67,225.00 ","","","0",71,"56+"
3807,1955,Graduation,Together,,0,1,"11-30-2012",83,0,473,21,176,19,21,56,3,0,0,0,0,0,0,9,2,9,6," $59,925.00 ","","","0",71,"56+"
3828,1951,Graduation,Married,,0,1,"02-17-2013",61,0,533,10,217,198,174,195,2,0,0,0,0,0,0,7,6,13,4," $71,107.00 ","","","0",75,"56+"
3829,1979,Basic,Together,,1,0,"10-12-2013",94,0,1,3,6,10,0,9,1,0,0,0,0,0,0,1,0,3,5," $24,594.00 ","","","0",47,"46-55"
3830,1953,Master,Married,,0,2,"04-24-2014",59,0,295,21,78,39,13,13,1,0,0,0,0,0,0,4,4,7,3," $59,354.00 ","","","0",73,"56+"
3834,1962,Graduation,Single,,0,1,"03-17-2013",35,0,231,161,215,171,30,53,2,0,0,0,0,0,0,8,2,11,5," $69,627.00 ","","","0",64,"56+"
3839,1958,Basic,Single,,1,1,"03-05-2013",76,0,6,12,3,21,6,40,5,0,0,0,0,0,0,2,2,3,5," $15,056.00 ","","","0",68,"56+"
3846,1974,Graduation,Married,,0,1,"08-29-2012",98,0,192,5,53,0,5,15,4,0,0,0,0,0,0,6,1,4,8," $42,557.00 ","","","0",52,"46-55"
3850,1963,Basic,Together,,0,1,"07-12-2012",52,0,3,3,3,15,4,15,1,0,0,0,0,0,0,1,0,3,6," $14,918.00 ","","","0",63,"56+"
3852,1961,Master,Together,,1,1,"08-03-2013",48,0,505,72,270,36,27,54,4,0,0,0,0,0,0,9,2,12,5," $74,881.00 ","","","0",65,"56+"
3855,1963,Graduation,Married,,0,0,"04-18-2013",74,0,30,3,47,19,21,42,1,0,0,0,0,0,0,3,2,2,8," $22,419.00 ","","","0",63,"56+"
3856,1960,Graduation,Together,,0,1,"05-10-2012",78,0,571,50,142,33,50,159,4,0,0,0,0,0,0,4,5,13,2," $63,381.00 ","","","0",66,"56+"
3859,1947,PhD,Together,,0,1,"08-31-2013",36,0,410,112,420,0,82,71,1,0,0,0,0,0,0,9,3,13,4," $73,059.00 ","","","0",79,"56+"
3865,1977,"2n Cycle",Together,,0,0,"04-30-2013",14,0,2,12,10,6,13,30,1,0,0,0,0,0,1,3,1,2,8," $20,981.00 ","","","1",49,"46-55"
3867,1947,PhD,Together,,0,1,"08-31-2013",36,0,410,112,420,0,82,71,1,0,0,0,0,0,0,9,3,13,4," $73,059.00 ","","","0",79,"56+"
3870,1978,"2n Cycle",Together,,0,0,"09-02-2013",28,0,359,35,314,93,116,89,1,0,0,0,0,0,0,7,3,13,4," $63,855.00 ","","","0",48,"46-55"
3878,1980,"2n Cycle",Single,,1,0,"02-27-2014",3,0,3,4,7,15,8,11,1,0,0,0,0,0,0,1,0,3,7," $31,859.00 ","","","0",46,"46-55"
3885,1983,PhD,Married,,1,0,"10-16-2013",10,0,16,2,18,3,0,24,1,0,0,1,0,0,1,1,1,2,8," $33,569.00 ","","","2",43,"36-45"
3887,1970,Graduation,Single,,1,0,"11-11-2012",2,0,3,17,26,20,1,39,2,0,0,0,0,0,1,2,0,3,9," $27,242.00 ","","","1",56,"56+"
3896,1984,Graduation,Married,,1,0,"07-11-2013",3,0,22,1,11,0,1,2,1,0,0,0,0,0,0,1,0,3,7," $27,255.00 ","","","0",42,"36-45"
3900,1972,Graduation,Married,,0,1,"03-29-2014",54,0,642,14,49,0,7,57,1,0,0,0,0,0,0,9,2,9,5," $65,685.00 ","","","0",54,"46-55"
3910,1975,Graduation,Divorced,,0,0,"08-10-2013",78,0,897,161,430,186,161,27,0,1,0,1,0,1,1,4,7,6,1," $83,829.00 ","","","4",51,"46-55"
3916,1971,PhD,Together,,1,0,"08-15-2012",92,0,639,8,166,11,8,58,3,0,0,0,0,0,0,7,3,12,7," $49,269.00 ","","","0",55,"46-55"
3919,1976,Master,Single,,0,0,"11-03-2013",64,0,960,0,883,50,38,0,1,1,0,0,0,0,1,5,6,8,3," $72,309.00 ","","","2",50,"46-55"
3921,1952,"2n Cycle",Widow,,0,0,"10-28-2012",96,0,24,1,108,29,29,14,1,0,0,0,0,0,0,4,1,4,8," $28,457.00 ","","","0",74,"56+"
3924,1965,PhD,Divorced,,0,1,"03-17-2014",34,0,801,0,80,0,0,35,5,0,0,0,1,0,0,8,3,12,5," $57,912.00 ","","","1",61,"56+"
3933,1980,Graduation,Together,,1,0,"10-13-2012",46,0,186,36,234,86,72,48,6,0,0,0,0,0,0,10,2,6,9," $44,010.00 ","","","0",46,"46-55"
3934,1966,Graduation,Married,,0,1,"02-08-2013",34,0,356,0,107,19,9,117,2,0,0,0,0,0,0,7,1,8,5," $61,286.00 ","","","0",60,"56+"
3945,1947,PhD,Widow,,0,1,"10-03-2013",80,0,618,44,215,0,17,36,2,0,0,1,0,0,1,11,8,4,6," $68,117.00 ","","","2",79,"56+"
3955,1965,Graduation,Divorced,,0,0,"06-22-2014",20,0,2,1,1,1,0,1,0,0,0,0,0,0,0,0,0,0,14," $4,861.00 ","","","0",61,"56+"
3967,1971,PhD,Married,,0,0,"10-25-2013",19,0,331,197,170,58,152,35,1,0,0,0,0,0,0,2,8,13,1," $78,931.00 ","","","0",55,"46-55"
3968,1970,"2n Cycle",Divorced,,0,0,"06-28-2013",77,0,918,10,129,13,0,129,1,0,1,0,1,1,1,11,3,12,7," $65,706.00 ","","","4",56,"56+"
3969,1974,Master,Together,,0,1,"01-11-2013",46,0,35,4,17,7,6,64,1,0,0,0,0,0,0,2,2,2,5," $43,018.00 ","","","0",52,"46-55"
3972,1976,Graduation,Together,,1,1,"03-04-2013",70,0,266,6,51,8,6,64,6,0,0,0,0,0,0,7,1,5,8," $50,200.00 ","","","0",50,"46-55"
3979,1983,PhD,Divorced,,0,0,"05-22-2013",98,0,982,17,672,23,34,51,1,0,0,0,0,1,1,6,2,8,2," $90,687.00 ","","","2",43,"36-45"
4001,1946,PhD,Together,,2,1,"10-06-2014",56,0,406,0,30,0,0,8,7,1,0,0,0,0,0,8,2,5,7," $64,014.00 ","","","1",80,"56+"
4002,1960,PhD,Married,,0,1,"10-13-2013",3,0,463,96,333,168,53,10,1,0,0,0,0,0,0,7,7,12,3," $77,037.00 ","","","0",66,"56+"
4012,1972,PhD,Together,,0,1,"11-08-2012",55,0,799,12,375,16,12,12,5,0,0,0,0,0,1,7,6,5,6," $62,220.00 ","","","1",54,"46-55"
4023,1970,Graduation,Married,,1,0,"06-09-2012",29,0,16,17,19,20,21,22,3,0,0,0,0,0,1,3,2,2,8," $22,979.00 ","","","1",56,"56+"
4037,1976,Graduation,Divorced,,1,0,"06-14-2013",77,0,3,1,3,8,0,5,1,0,0,0,0,0,0,1,0,2,7," $31,859.00 ","","","0",50,"46-55"
4042,1971,Graduation,Divorced,,0,1,"10-13-2012",87,0,91,3,52,2,1,31,3,0,0,0,0,0,1,4,0,4,8," $43,300.00 ","","","1",55,"46-55"
4047,1954,PhD,Married,,0,1,"11-01-2014",0,0,384,0,102,21,32,5,3,0,0,0,0,0,0,6,2,9,4," $65,324.00 ","","","0",72,"56+"
4050,1966,Master,Married,,0,0,"06-21-2014",65,0,42,16,29,12,20,8,1,0,0,0,0,0,0,2,1,4,3," $49,605.00 ","","","0",60,"56+"
4055,1992,Basic,Single,,1,0,"05-29-2014",41,0,2,10,11,12,9,20,2,0,0,0,0,0,0,3,0,3,6," $18,746.00 ","","","0",34,"26-35"
4058,1955,PhD,Single,,0,0,"12-10-2013",76,0,618,15,106,20,7,45,1,0,0,0,1,0,0,11,2,8,6," $61,284.00 ","","","1",71,"56+"
4065,1976,PhD,Married,,1,0,"12-02-2013",0,0,308,0,73,0,0,23,2,0,0,0,0,0,0,5,1,8,7," $49,544.00 ","","","0",50,"46-55"
4066,1978,"2n Cycle",Divorced,,1,0,"11-05-2014",76,0,1,5,8,4,8,20,2,0,0,0,0,0,0,2,1,2,6," $21,282.00 ","","","0",48,"46-55"
4070,1969,PhD,Married,,0,2,"01-09-2012",99,0,169,24,553,188,0,144,1,0,0,0,1,1,1,8,5,4,7," $94,871.00 ","","","3",57,"56+"
4073,1954,"2n Cycle",Married,,0,0,"01-29-2014",0,0,769,80,252,15,34,65,1,0,0,1,0,0,1,10,10,7,6," $63,564.00 ","","","2",72,"56+"
4084,1975,Graduation,Together,,0,1,"01-17-2014",41,0,224,155,155,192,93,54,2,0,0,0,0,0,0,6,4,11,4," $60,934.00 ","","","0",51,"46-55"
4086,1959,Graduation,Married,,0,0,"12-28-2012",77,0,6,1,7,23,4,19,1,0,0,0,0,0,0,1,1,2,8," $18,690.00 ","","","0",67,"56+"
4088,1962,PhD,Together,,0,1,"06-12-2012",22,0,108,1,28,13,1,4,2,0,0,0,0,0,0,3,1,4,8," $31,497.00 ","","","0",64,"56+"
4093,1975,Master,Together,,1,1,"11-02-2013",61,0,216,9,57,20,9,125,7,0,0,0,0,0,0,4,3,5,5," $53,253.00 ","","","0",51,"46-55"
4094,1961,Graduation,Married,,1,1,"08-25-2012",92,0,201,2,43,3,5,35,4,0,0,0,0,0,0,5,1,5,6," $60,544.00 ","","","0",65,"56+"
4095,1971,Graduation,Married,,1,0,"11-09-2012",80,0,167,37,64,49,34,116,8,0,0,0,0,0,0,4,3,6,7," $37,150.00 ","","","0",55,"46-55"
4096,1968,Master,Divorced,,1,0,"12-26-2013",24,0,112,19,21,16,14,5,3,0,0,0,0,0,0,4,1,4,7," $41,335.00 ","","","0",58,"56+"
4098,1973,Graduation,Married,,1,1,"01-28-2014",3,0,20,3,16,0,4,1,3,0,0,0,0,0,0,2,0,4,6," $24,639.00 ","","","0",53,"46-55"
4099,1972,Graduation,Married,,1,0,"12-11-2012",14,0,10,2,16,11,2,21,1,0,0,0,0,0,0,1,0,3,8," $30,675.00 ","","","0",54,"46-55"
4102,1975,"2n Cycle",Married,,1,1,"03-29-2013",46,0,11,1,2,2,1,6,1,0,0,0,0,0,0,0,0,3,6," $37,284.00 ","","","0",51,"46-55"
4107,1948,PhD,Together,,0,2,"08-10-2013",52,0,269,15,69,15,19,38,2,0,0,0,0,0,0,4,6,4,5," $46,681.00 ","","","0",78,"56+"
4114,1964,Master,Married,,0,0,"11-08-2012",2,0,650,37,780,27,167,32,1,0,0,0,0,0,0,6,9,13,3," $79,143.00 ","","","0",62,"56+"
4119,1963,Master,Together,,0,0,"11-05-2013",56,0,112,17,44,34,22,89,1,0,0,0,0,0,0,2,5,3,3," $38,620.00 ","","","0",63,"56+"
4120,1975,"2n Cycle",Single,,1,0,"12-17-2013",61,0,88,39,78,58,13,93,2,0,0,0,0,0,0,6,1,4,7," $49,514.00 ","","","0",51,"46-55"
4122,1975,Graduation,Married,,0,0,"08-29-2012",73,0,504,23,117,179,28,44,1,1,0,0,0,0,1,6,5,4,4," $79,205.00 ","","","2",51,"46-55"
4127,1967,PhD,Married,,0,1,"02-22-2013",97,0,1004,59,265,115,59,27,2,0,0,1,0,0,1,11,10,11,6," $77,766.00 ","","","2",59,"56+"
4128,1962,PhD,Together,,0,1,"07-20-2013",51,0,517,12,54,16,6,120,2,0,0,0,0,0,0,7,4,7,5," $56,067.00 ","","","0",64,"56+"
4136,1992,Basic,Single,,1,0,"03-12-2012",63,0,10,17,18,8,26,40,4,0,0,0,0,0,0,3,2,2,9," $7,500.00 ","","","0",34,"26-35"
4137,1948,Graduation,Together,,0,0,"06-12-2013",29,0,398,40,367,119,122,30,1,0,0,0,0,0,0,7,4,4,4," $70,666.00 ","","","0",78,"56+"
4138,1962,Graduation,Single,,0,1,"05-24-2014",68,0,411,106,147,54,115,66,1,0,0,1,0,0,0,5,10,7,1," $76,624.00 ","","","1",64,"56+"
4141,1965,Graduation,Together,,0,0,"08-21-2013",26,0,426,49,127,111,21,42,1,0,0,0,0,0,0,8,2,10,4," $71,613.00 ","","","0",61,"56+"
4148,1972,Graduation,Married,,1,2,"08-20-2012",90,0,164,24,103,12,3,42,7,0,0,0,0,0,0,5,1,6,8," $38,988.00 ","","","0",54,"46-55"
4149,1948,PhD,Together,,0,0,"05-13-2014",57,0,586,66,653,17,0,26,1,0,0,0,0,0,0,5,9,6,2," $76,140.00 ","","","0",78,"56+"
4168,1966,Graduation,Single,,1,1,"03-20-2013",30,0,231,7,137,4,15,39,9,0,0,0,0,0,1,5,1,8,7," $37,070.00 ","","","1",60,"56+"
4174,1956,Master,Together,,0,1,"04-17-2014",81,0,97,1,19,2,0,11,1,0,0,0,0,0,0,2,1,4,3," $55,249.00 ","","","0",70,"56+"
4179,1959,Graduation,Together,,0,0,"08-20-2013",94,0,8,9,9,2,5,22,1,0,0,0,0,0,0,1,1,3,4," $24,221.00 ","","","0",67,"56+"
4184,1950,PhD,Together,,0,1,"07-06-2014",48,0,189,2,29,3,2,40,2,0,0,0,0,0,0,3,2,5,4," $52,157.00 ","","","0",76,"56+"
4186,1950,Graduation,Together,,1,1,"05-08-2013",11,0,18,6,15,12,8,17,3,0,0,0,0,0,0,2,1,3,5," $34,026.00 ","","","0",76,"56+"
4188,1957,Graduation,Single,,0,1,"08-13-2012",53,0,204,5,39,17,0,89,3,0,0,0,0,0,1,5,2,4,8," $36,864.00 ","","","1",69,"56+"
4198,1965,Graduation,Together,,1,1,"12-03-2013",6,0,9,1,3,0,4,8,1,0,0,0,0,0,0,0,0,3,6," $29,672.00 ","","","0",61,"56+"
4200,1970,Master,Married,,1,0,"06-17-2014",85,0,167,2,62,24,13,7,4,0,0,0,0,0,0,4,1,6,5," $44,159.00 ","","","0",56,"56+"
4201,1962,Graduation,Single,,0,1,"03-03-2013",39,0,229,7,137,4,0,91,5,0,0,0,0,0,0,4,2,8,5," $57,967.00 ","","","0",64,"56+"
4207,1981,PhD,Married,,0,0,"01-05-2013",27,0,1001,44,107,58,44,44,1,0,0,1,0,1,0,6,7,11,2," $87,171.00 ","","","2",45,"36-45"
4211,1986,Basic,Married,,1,0,"10-29-2012",5,0,4,12,5,3,16,17,2,0,0,0,0,0,0,2,0,3,7," $20,425.00 ","","","0",40,"36-45"
4216,1981,Graduation,Single,,0,0,"02-22-2013",33,0,822,114,108,179,137,114,1,1,0,0,0,1,1,7,9,9,3," $91,065.00 ","","","3",45,"36-45"
4220,1970,PhD,Married,,0,1,"02-11-2013",26,0,73,0,13,0,1,0,1,0,0,0,0,0,0,2,1,3,3," $59,892.00 ","","","0",56,"56+"
4227,1968,Master,Together,,1,1,"06-09-2013",78,0,28,0,13,4,2,8,3,0,0,0,0,0,0,2,1,3,5," $32,889.00 ","","","0",58,"56+"
4240,1978,Graduation,Married,,1,0,"03-11-2012",79,0,4,9,16,17,0,12,2,0,0,0,0,0,0,2,1,2,8," $17,345.00 ","","","0",48,"46-55"
4246,1982,Master,Single,,0,0,"12-12-2013",2,0,67,11,26,4,3,262,0,0,0,0,0,0,0,1,0,1,17," $6,560.00 ","","","0",44,"36-45"
4248,1960,Master,Single,,0,0,"02-17-2014",23,0,1000,19,711,125,115,38,0,0,0,0,1,0,0,4,6,9,1," $98,777.00 ","","","1",66,"56+"
4252,1965,Graduation,Married,,0,1,"03-23-2014",73,0,213,5,28,7,7,41,1,0,0,0,0,0,0,4,1,6,5," $44,375.00 ","","","0",61,"56+"
4259,1986,Master,Single,,2,0,"09-24-2013",80,0,6,0,4,0,0,0,1,0,0,0,0,0,0,1,0,2,7," $19,485.00 ","","","0",40,"36-45"
4261,1946,PhD,Single,,0,0,"11-24-2012",23,0,1006,22,115,59,68,45,1,1,0,0,0,1,1,7,6,12,3," $82,800.00 ","","","3",80,"56+"
4268,1959,Graduation,Married,,0,1,"09-06-2014",50,0,129,0,21,0,1,7,1,0,0,0,0,0,0,3,1,4,4," $53,154.00 ","","","0",67,"56+"
4271,1989,"2n Cycle",Together,,1,0,"04-10-2012",80,0,46,35,69,84,41,66,6,0,0,0,0,0,0,4,1,6,7," $38,683.00 ","","","0",37,"36-45"
4278,1983,PhD,Single,,0,0,"03-06-2013",73,0,910,111,724,49,74,55,1,0,0,0,0,0,1,10,2,6,3," $87,188.00 ","","","1",43,"36-45"
4279,1963,"2n Cycle",Single,,1,1,"03-31-2014",87,0,15,4,10,3,4,18,2,0,0,0,0,0,0,1,1,3,3," $39,548.00 ","","","0",63,"56+"
4286,1970,PhD,Single,,0,1,"09-01-2014",24,0,580,6,58,8,0,27,3,0,0,1,0,0,0,7,6,6,4," $57,642.00 ","","","1",56,"56+"
4290,1972,Graduation,Married,,1,0,"03-19-2014",8,0,1,3,8,2,5,5,1,0,0,0,0,0,0,1,0,2,7," $30,467.00 ","","","0",54,"46-55"
4297,1969,Graduation,Together,,1,0,"01-26-2014",71,0,13,2,18,6,1,0,2,0,0,0,0,0,0,2,0,3,8," $23,228.00 ","","","0",57,"56+"
4298,1973,PhD,Together,,1,0,"03-24-2014",63,0,5,0,4,0,0,1,1,0,0,0,0,0,0,1,0,2,8," $20,427.00 ","","","0",53,"46-55"
4299,1960,Graduation,Together,,0,1,"09-21-2012",28,0,1001,17,572,93,125,17,7,0,0,0,0,0,1,11,11,5,7," $70,971.00 ","","","1",66,"56+"
4301,1971,Master,Married,,1,0,"10-01-2013",10,0,23,1,13,2,2,18,1,0,0,1,0,0,1,1,1,2,7," $35,178.00 ","","","2",55,"46-55"
4303,1957,PhD,Together,,0,1,"08-12-2012",76,0,107,2,12,2,2,12,0,0,0,0,0,0,0,0,0,1,20," $6,835.00 ","","","0",69,"56+"
4310,1944,Graduation,Married,,0,0,"01-22-2014",25,0,507,93,520,242,40,26,1,1,0,0,0,0,1,5,10,5,1," $80,589.00 ","","","2",82,"56+"
4320,1979,Graduation,Single,,0,1,"03-28-2013",6,0,325,83,300,86,58,91,1,0,0,0,0,0,0,6,4,12,3," $60,152.00 ","","","0",47,"46-55"
4322,1958,PhD,Together,,0,0,"11-27-2013",20,0,881,38,319,16,25,12,1,0,0,0,0,0,0,4,5,10,2," $77,863.00 ","","","0",68,"56+"
4324,1989,Graduation,Married,,1,0,"10-29-2012",42,0,235,0,235,19,4,191,5,0,0,0,0,0,0,8,1,7,8," $42,387.00 ","","","0",37,"36-45"
4328,1986,"2n Cycle",Married,,1,0,"07-09-2013",81,0,5,1,7,17,14,11,2,0,0,0,0,0,0,2,1,3,6," $21,955.00 ","","","0",40,"36-45"
4329,1984,PhD,Married,,1,0,"05-23-2014",43,0,6,0,6,2,1,1,2,0,0,0,0,0,0,1,0,3,7," $18,988.00 ","","","0",42,"36-45"
4331,1978,Master,Together,,0,0,"01-23-2014",41,0,913,26,376,17,26,13,1,0,0,0,1,1,0,3,6,11,1," $85,738.00 ","","","2",48,"46-55"
4333,1954,Graduation,Together,,1,1,"03-23-2014",76,0,41,0,10,0,0,3,4,0,0,0,1,0,0,2,1,3,7," $32,144.00 ","","","1",72,"56+"
4338,1983,Graduation,Single,,1,0,"03-25-2014",28,0,23,0,9,0,0,12,1,0,0,1,0,0,0,1,0,3,4," $39,062.00 ","","","1",43,"36-45"
4339,1970,PhD,Married,,0,1,"12-31-2013",37,0,702,17,151,0,8,35,5,0,0,0,0,0,0,5,6,12,2," $67,353.00 ","","","0",56,"56+"
4345,1964,"2n Cycle",Single,,1,1,"12-01-2014",49,0,5,1,9,2,0,4,1,0,0,0,0,0,0,1,0,2,7,"","","","0",62,"56+"
4351,1955,Graduation,Divorced,,1,1,"04-27-2013",90,0,18,2,10,0,0,25,1,0,0,1,0,0,0,1,1,2,7," $37,244.00 ","","","1",71,"56+"
4356,1971,Graduation,Together,,0,1,"08-28-2013",70,0,1224,28,140,0,14,168,3,0,0,0,1,1,0,3,3,5,6," $71,819.00 ","","","2",55,"46-55"
4368,1980,Graduation,Married,,1,0,"03-12-2013",72,0,42,7,43,20,12,10,1,0,0,0,0,0,0,3,0,4,6," $47,850.00 ","","","0",46,"46-55"
4370,1966,Graduation,Together,,2,1,"11-13-2013",83,0,18,1,32,6,3,28,3,0,0,0,0,0,0,2,0,4,6," $43,482.00 ","","","0",60,"56+"
4376,1960,"2n Cycle",Single,,0,0,"02-15-2014",27,0,10,24,15,13,1,30,1,0,0,1,0,0,1,2,1,3,7," $32,218.00 ","","","2",66,"56+"
4377,1971,Graduation,Married,,0,1,"07-01-2013",32,0,254,10,44,30,10,227,2,0,0,1,0,0,0,7,3,3,7," $52,914.00 ","","","1",55,"46-55"
4381,1971,PhD,Married,,1,1,"08-18-2013",56,0,163,2,40,8,11,11,7,0,0,0,0,0,0,3,1,6,6," $46,463.00 ","","","0",55,"46-55"
4385,1981,PhD,Single,,1,0,"05-31-2013",82,0,23,0,15,0,2,7,2,0,0,0,0,0,0,3,0,3,6," $36,038.00 ","","","0",45,"36-45"
4390,1954,Graduation,Together,,0,1,"04-15-2014",14,0,459,15,171,142,23,31,2,0,0,0,0,0,0,5,4,12,2," $75,315.00 ","","","0",72,"56+"
4391,1968,Master,Divorced,,0,1,"04-21-2013",64,0,635,15,100,20,7,131,1,0,0,0,0,0,0,9,3,9,6," $63,841.00 ","","","0",58,"56+"
4394,1965,PhD,Married,,0,0,"05-23-2014",43,0,1142,29,249,38,29,14,1,0,0,0,1,1,0,5,5,12,2," $81,051.00 ","","","2",61,"56+"
4399,1969,Graduation,Together,,0,0,"06-25-2014",3,0,458,81,356,106,50,40,1,0,0,0,0,0,0,4,4,7,2," $68,695.00 ","","","0",57,"56+"
4405,1956,Master,Married,,0,2,"07-30-2013",2,0,622,7,115,30,0,15,2,0,0,0,0,0,0,6,3,12,5," $63,915.00 ","","","0",70,"56+"
4406,1970,Graduation,Together,,0,1,"01-16-2013",29,0,846,84,352,91,56,42,4,0,0,0,0,0,0,9,4,8,5," $67,419.00 ","","","0",56,"56+"
4415,1961,Graduation,Married,,1,1,"12-09-2012",19,0,10,4,4,3,3,14,3,0,0,0,0,0,0,1,1,3,7," $16,860.00 ","","","0",65,"56+"
4418,1983,Master,Single,,0,0,"02-25-2013",36,0,671,47,655,145,111,15,1,0,0,0,0,0,1,7,5,12,2," $89,616.00 ","","","1",43,"36-45"
4426,1975,Graduation,Single,,1,1,"09-22-2013",35,0,367,4,51,6,4,95,6,1,0,0,0,0,0,7,2,6,7," $55,801.00 ","","","1",51,"46-55"
4427,1995,"2n Cycle",Single,,0,0,"09-18-2012",56,1,536,27,590,38,107,67,1,0,0,1,0,1,1,5,10,12,6," $83,257.00 ","","","3",31,"26-35"
4432,1976,Graduation,Divorced,,1,0,"03-16-2013",82,0,2,3,20,6,11,9,2,0,0,0,0,0,0,2,0,3,7," $31,615.00 ","","","0",50,"46-55"
4436,1976,Graduation,Single,,0,0,"02-20-2013",27,0,18,42,24,15,20,18,1,0,0,0,0,0,0,2,1,4,7," $20,180.00 ","","","0",50,"46-55"
4437,1962,Graduation,Married,,1,1,"04-24-2013",65,0,112,6,92,3,9,38,2,0,0,0,0,0,0,3,2,5,4," $65,316.00 ","","","0",64,"56+"
4440,1964,Master,Married,,0,1,"10-09-2013",93,0,509,0,27,0,0,10,1,0,0,0,1,0,0,8,3,6,7," $64,100.00 ","","","1",62,"56+"
4442,1961,Graduation,Single,,0,1,"05-04-2013",70,0,31,19,35,26,14,52,2,0,0,0,0,0,0,1,1,5,3," $46,524.00 ","","","0",65,"56+"
4444,1972,Graduation,Married,,1,0,"03-24-2014",28,0,11,0,16,7,6,21,1,0,0,0,0,0,0,2,0,3,8," $30,023.00 ","","","0",54,"46-55"
4452,1957,Graduation,Single,,0,1,"05-28-2014",3,0,292,6,37,0,3,34,4,1,0,0,1,0,1,6,1,6,7," $50,388.00 ","","","3",69,"56+"
4459,1989,Graduation,Single,,1,0,"12-30-2012",13,0,10,4,14,4,4,1,1,0,0,0,0,0,0,1,0,3,8," $30,279.00 ","","","0",37,"36-45"
4470,1962,Master,Married,,0,1,"10-06-2013",3,0,62,1,44,6,5,22,1,0,0,0,0,0,0,2,1,4,4," $58,646.00 ","","","0",64,"56+"
4472,1970,PhD,Divorced,,1,0,"06-27-2014",34,0,23,0,8,6,2,18,1,0,0,0,0,0,0,1,1,3,2," $35,682.00 ","","","0",56,"56+"
4475,1949,PhD,Married,,0,0,"02-16-2013",82,0,1315,22,780,145,0,178,1,0,0,0,0,0,0,7,8,9,5," $69,098.00 ","","","0",77,"56+"
4477,1958,Graduation,Together,,0,1,"09-27-2013",4,0,247,49,159,7,82,109,1,0,0,0,0,0,0,5,2,10,4," $69,096.00 ","","","0",68,"56+"
4478,1979,Graduation,Married,,1,1,"03-24-2013",87,0,457,5,106,15,17,53,8,0,0,0,0,0,0,11,1,6,8," $63,777.00 ","","","0",47,"46-55"
4480,1973,Master,Married,,0,1,"09-03-2014",61,0,365,3,15,4,3,11,5,0,0,0,0,0,0,7,2,5,6," $60,432.00 ","","","0",53,"46-55"
4483,1993,Graduation,Single,,0,0,"04-17-2013",67,0,315,26,473,220,12,182,1,0,0,0,0,0,0,2,10,6,1," $72,354.00 ","","","0",33,"26-35"
4487,1969,Master,Single,,1,0,"01-24-2013",67,0,15,20,25,2,7,26,1,0,0,0,0,0,1,2,0,4,6," $39,858.00 ","","","1",57,"56+"
4491,1949,Master,Married,,1,1,"01-10-2012",3,0,1099,0,45,0,0,34,11,0,0,0,1,0,0,3,4,10,8," $62,845.00 ","","","1",77,"56+"
4500,1991,PhD,Together,,0,0,"06-10-2013",56,0,919,0,505,99,30,45,1,0,0,0,0,0,0,4,9,10,2," $68,682.00 ","","","0",35,"26-35"
4501,1965,Master,Single,,0,0,"10-11-2013",94,0,292,127,635,132,127,165,1,0,0,0,0,0,0,3,7,9,1," $69,882.00 ","","","0",61,"56+"
4507,1952,Graduation,Single,,0,0,"11-27-2012",87,0,631,28,491,30,14,56,1,0,0,0,0,0,0,6,7,8,3," $72,228.00 ","","","0",74,"56+"
4508,1952,Graduation,Single,,0,0,"05-22-2014",92,0,203,35,305,46,17,227,1,0,0,0,0,0,0,2,11,5,1," $75,127.00 ","","","0",74,"56+"
4518,1979,Graduation,Together,,0,1,"04-20-2013",59,0,386,172,183,185,132,111,2,0,0,0,0,0,0,9,5,11,5," $85,693.00 ","","","0",47,"46-55"
4530,1948,Master,Widow,,0,0,"10-24-2012",36,0,972,19,595,180,26,138,3,1,0,0,0,0,1,3,7,10,3," $78,427.00 ","","","2",78,"56+"
4541,1955,Graduation,Together,,0,1,"10-24-2013",84,0,116,6,82,6,6,41,2,0,0,0,0,0,0,3,1,6,5," $38,946.00 ","","","0",71,"56+"
4543,1980,Graduation,Married,,0,0,"10-31-2012",32,0,777,129,573,216,21,203,1,0,0,0,0,1,0,2,7,9,4," $82,497.00 ","","","1",46,"46-55"
4547,1960,Graduation,Together,,1,1,"04-17-2013",86,0,6,2,9,2,1,5,2,0,0,0,0,0,0,1,0,3,8," $13,672.00 ","","","0",66,"56+"
4548,1981,Graduation,Single,,1,1,"11-23-2013",66,0,23,4,10,0,2,15,1,0,0,0,0,0,0,1,0,3,4," $41,967.00 ","","","0",45,"36-45"
4550,1966,Master,Together,,0,1,"06-24-2014",51,0,61,0,3,0,0,7,1,0,0,0,0,0,0,1,1,3,5," $33,564.00 ","","","0",60,"56+"
4552,1991,Graduation,Married,,0,0,"06-22-2013",37,0,83,2,101,64,26,117,1,0,0,0,0,0,0,3,5,3,4," $51,373.00 ","","","0",35,"26-35"
4554,1965,Graduation,Together,,0,1,"01-10-2013",89,0,171,45,73,59,10,90,4,0,0,0,0,0,0,3,2,8,4," $47,009.00 ","","","0",61,"56+"
4557,1970,Graduation,Together,,1,0,"04-10-2013",11,0,10,7,19,8,2,21,2,0,0,0,0,0,0,2,2,2,6," $22,070.00 ","","","0",56,"56+"
4580,1969,Graduation,Married,,0,0,"10-25-2013",46,0,1394,22,708,89,91,182,1,1,0,1,0,1,1,9,7,9,5," $75,759.00 ","","","4",57,"56+"
4587,1944,Master,Widow,,0,0,"07-18-2013",90,0,162,25,53,16,0,10,1,0,0,0,0,0,0,3,1,7,3," $45,006.00 ","","","0",82,"56+"
4597,1970,PhD,Together,,0,0,"02-07-2013",67,0,889,55,685,168,92,129,1,0,0,0,0,0,0,3,2,13,1," $82,072.00 ","","","0",56,"56+"
4599,1976,Master,Married,,0,2,"04-11-2013",66,0,411,0,26,0,0,21,6,0,0,0,0,0,0,7,1,7,7," $49,681.00 ","","","0",50,"46-55"
4603,1960,PhD,Married,,0,1,"01-31-2014",50,0,371,32,189,0,58,6,2,0,0,0,0,0,0,5,4,10,4," $65,695.00 ","","","0",66,"56+"
4607,1959,Graduation,Together,,0,0,"08-23-2013",24,0,227,23,389,42,21,75,1,0,0,0,0,0,0,4,5,7,2," $71,367.00 ","","","0",67,"56+"
4608,1987,Graduation,Divorced,,0,0,"02-25-2014",18,0,163,23,424,27,65,76,1,0,0,0,0,0,1,3,10,13,1," $81,361.00 ","","","1",39,"36-45"
4609,1966,PhD,Married,,0,1,"11-01-2014",14,0,383,0,53,6,4,40,3,0,0,0,0,0,0,8,1,6,6," $57,705.00 ","","","0",60,"56+"
4611,1970,Graduation,Together,,0,0,"01-21-2013",36,0,1009,181,104,202,21,207,0,1,0,0,0,1,1,9,8,13,3," $105,471.00 ","","","3",56,"56+"
4619,1945,PhD,Single,,0,0,"05-28-2014",9,0,6,2,3,1,262,3,0,0,0,0,0,0,0,27,0,0,1," $113,734.00 ","","","0",81,"56+"
4637,1954,PhD,Single,,0,0,"05-18-2013",73,0,960,64,464,146,0,16,1,1,0,0,0,0,0,6,9,9,3," $74,637.00 ","","","1",72,"56+"
4640,1967,Graduation,Divorced,,0,1,"09-21-2012",65,0,561,85,171,25,123,114,2,0,0,0,0,0,0,4,7,13,2," $70,647.00 ","","","0",59,"56+"
4643,1973,Graduation,Married,,1,0,"08-26-2012",40,0,8,26,46,38,9,49,2,0,0,0,0,0,0,3,0,4,8," $27,803.00 ","","","0",53,"46-55"
4646,1951,"2n Cycle",Married,,0,0,"01-12-2013",44,0,207,26,447,75,0,223,1,1,0,0,0,0,0,5,7,12,2," $78,497.00 ","","","1",75,"56+"
4653,1978,Graduation,Together,,1,0,"03-26-2013",46,0,131,0,16,2,1,39,4,0,0,0,0,0,0,3,1,4,8," $42,011.00 ","","","0",48,"46-55"
4654,1992,Graduation,Together,,0,0,"07-11-2013",40,0,571,12,523,63,60,24,1,0,0,0,0,0,0,3,10,5,2," $75,114.00 ","","","0",34,"26-35"
4656,1990,"2n Cycle",Single,,1,0,"03-30-2013",28,0,342,32,230,34,32,40,5,0,0,1,0,0,0,10,5,4,9," $51,250.00 ","","","1",36,"36-45"
4669,1981,Basic,Married,,1,0,"11-02-2013",46,0,4,19,9,28,25,17,3,0,0,0,0,0,0,3,0,4,7," $24,480.00 ","","","0",45,"36-45"
4673,1963,PhD,Married,,0,1,"10-30-2012",17,0,1004,12,145,32,12,36,3,1,0,0,0,0,1,10,3,5,5," $81,300.00 ","","","2",63,"56+"
4676,1951,Master,Widow,,0,2,"05-03-2014",86,0,612,91,520,258,107,107,2,0,0,0,0,0,0,9,6,8,5," $73,705.00 ","","","0",75,"56+"
4679,1977,Master,Married,,0,1,"05-23-2014",42,0,721,0,152,119,50,50,3,0,0,0,0,0,0,7,6,12,4," $78,710.00 ","","","0",49,"46-55"
4682,1958,Graduation,Married,,0,0,"10-15-2013",88,0,99,27,102,28,48,6,1,0,0,0,0,0,0,2,2,8,1," $51,876.00 ","","","0",68,"56+"
4686,1962,PhD,Widow,,0,0,"02-04-2014",28,0,861,31,558,62,95,79,0,0,0,0,0,1,0,6,5,13,2," $82,571.00 ","","","1",64,"56+"
4687,1958,Master,Married,,0,0,"05-23-2013",92,0,674,92,736,39,0,92,1,0,0,0,0,0,0,3,11,9,1," $80,739.00 ","","","0",68,"56+"
4690,1953,Graduation,Married,,0,1,"02-13-2013",45,0,443,10,75,0,10,48,4,0,0,0,0,0,0,8,1,8,8," $50,725.00 ","","","0",73,"56+"
4692,1976,Graduation,Married,,1,0,"01-08-2012",19,0,7,0,12,13,7,32,5,0,0,1,0,0,1,4,1,2,9," $7,500.00 ","","","2",50,"46-55"
4697,1949,Master,Divorced,,0,0,"06-13-2013",62,0,248,3,81,4,3,51,3,0,0,0,0,0,0,7,1,5,8," $35,416.00 ","","","0",77,"56+"
4698,1983,PhD,Married,,0,0,"06-20-2013",32,0,135,46,92,65,61,11,2,0,0,0,0,0,0,5,2,7,5," $50,150.00 ","","","0",43,"36-45"
4702,1964,Graduation,Single,,0,0,"12-08-2012",20,0,1000,155,379,224,17,120,1,0,0,0,0,0,0,4,8,4,8," $61,839.00 ","","","0",62,"56+"
4706,1966,Graduation,Single,,0,1,"04-27-2013",65,0,29,0,5,0,1,5,1,0,0,0,0,0,0,1,0,3,5," $34,704.00 ","","","0",60,"56+"
4712,1991,"2n Cycle",Together,,0,0,"11-28-2012",18,0,8,8,22,24,11,9,1,0,0,0,0,0,0,1,1,4,4," $20,193.00 ","","","0",35,"26-35"
4713,1979,PhD,Married,,1,0,"11-22-2012",15,0,74,0,42,2,1,6,2,0,0,0,0,0,0,2,1,4,7," $31,605.00 ","","","0",47,"46-55"
4725,1950,PhD,Together,,0,1,"04-13-2014",71,0,30,2,25,0,1,9,1,0,0,0,0,0,0,1,1,4,2," $50,616.00 ","","","0",76,"56+"
4741,1974,"2n Cycle",Married,,1,0,"01-30-2014",17,0,391,32,70,21,32,16,2,0,0,0,1,0,0,6,2,9,5," $65,463.00 ","","","1",52,"46-55"
4743,1969,PhD,Married,,0,1,"03-03-2013",72,0,689,8,167,11,8,88,5,0,0,0,0,0,0,8,4,11,6," $56,242.00 ","","","0",57,"56+"
4749,1968,Graduation,Together,,1,1,"09-26-2012",55,0,368,24,68,38,0,88,6,0,0,0,0,0,0,8,2,6,7," $58,554.00 ","","","0",58,"56+"
4754,1966,Master,Married,,0,1,"09-25-2013",91,0,30,11,33,13,6,29,1,0,0,0,0,0,0,2,0,4,4," $33,585.00 ","","","0",60,"56+"
4756,1952,"2n Cycle",Divorced,,0,0,"12-20-2013",42,0,176,29,818,0,33,112,1,0,0,0,0,0,1,7,6,11,4," $63,998.00 ","","","1",74,"56+"
4764,1952,Master,Together,,1,1,"08-19-2012",52,0,45,12,52,25,22,13,4,0,0,0,0,0,1,3,1,4,7," $40,442.00 ","","","1",74,"56+"
4767,1965,"2n Cycle",Married,,0,0,"07-04-2014",41,0,635,114,254,132,152,76,1,0,0,0,0,1,0,6,6,7,3," $70,924.00 ","","","1",61,"56+"
4769,1977,Master,Together,,1,1,"06-18-2014",52,0,456,4,24,0,0,9,7,0,0,0,1,0,0,8,2,6,7," $57,954.00 ","","","1",49,"46-55"
4785,1970,PhD,Together,,0,2,"04-14-2014",3,0,520,7,154,19,0,14,2,0,0,0,0,0,0,6,3,11,3," $77,622.00 ","","","0",56,"56+"
4786,1977,Graduation,Married,,1,1,"04-10-2012",94,0,555,82,257,93,61,61,4,0,0,0,0,0,0,10,3,12,6," $75,330.00 ","","","0",49,"46-55"
4789,1953,Graduation,Together,,0,0,"09-17-2013",95,0,769,22,500,210,143,33,1,1,0,1,0,1,0,4,8,5,2," $80,812.00 ","","","3",73,"56+"
4790,1958,Graduation,Divorced,,0,1,"02-06-2014",54,0,574,8,216,21,16,33,1,0,0,0,0,0,0,4,3,5,1," $79,803.00 ","","","0",68,"56+"
4791,1980,Graduation,Together,,1,1,"12-16-2012",35,0,19,1,17,2,0,2,1,0,0,0,0,0,0,1,0,3,8," $44,964.00 ","","","0",46,"46-55"
4796,1952,Graduation,Divorced,,0,1,"04-19-2014",71,0,18,10,3,3,5,0,1,0,0,0,0,0,0,1,0,3,2," $49,638.00 ","","","0",74,"56+"
4808,1956,Graduation,Married,,0,0,"05-09-2013",12,0,1,2,5,6,0,3,1,0,0,0,0,0,0,1,0,2,7," $15,759.00 ","","","0",70,"56+"
4817,1956,Graduation,Divorced,,0,0,"04-08-2012",91,0,3,2,7,0,4,2,1,0,0,0,0,0,0,1,0,2,8," $22,304.00 ","","","0",70,"56+"
4827,1956,PhD,Single,,0,1,"10-03-2013",3,0,154,22,202,39,30,8,5,0,0,0,0,0,1,4,2,9,4," $54,998.00 ","","","1",70,"56+"
4828,1954,Graduation,Divorced,,0,1,"06-18-2014",12,0,71,99,278,185,121,38,1,0,0,0,0,0,0,5,10,5,1," $79,865.00 ","","","0",72,"56+"
4832,1979,Graduation,Married,,1,0,"07-03-2014",84,0,6,5,17,3,24,46,2,0,0,0,0,0,0,2,2,2,7," $27,244.00 ","","","0",47,"46-55"
4837,1965,PhD,Married,,0,1,"02-16-2013",57,0,753,43,226,69,10,204,2,0,0,0,0,0,0,8,5,13,4," $71,322.00 ","","","0",61,"56+"
4838,1978,Graduation,Together,,1,0,"06-19-2013",40,0,5,1,8,0,0,1,1,0,0,0,0,0,0,1,0,2,8," $22,775.00 ","","","0",48,"46-55"
4843,1952,Graduation,Single,,0,0,"05-22-2014",92,0,203,35,305,46,17,227,1,0,0,0,0,0,0,2,11,5,1," $75,127.00 ","","","0",74,"56+"
4855,1974,PhD,Together,,1,0,"06-06-2013",19,0,14,0,24,3,3,2,1,0,0,0,0,0,1,3,0,2,9," $30,351.00 ","","","1",52,"46-55"
4856,1957,"2n Cycle",Married,,0,0,"06-11-2012",38,0,556,54,845,202,133,63,1,1,0,1,0,0,0,7,7,10,3," $82,347.00 ","","","2",69,"56+"
4860,1970,Graduation,Single,,1,0,"08-03-2013",66,0,7,2,8,3,2,3,1,0,0,0,0,0,0,1,0,3,6," $24,206.00 ","","","0",56,"56+"
4864,1977,Graduation,Married,,1,0,"02-05-2013",68,0,72,7,58,13,1,24,4,0,0,0,0,0,0,4,1,3,8," $34,380.00 ","","","0",49,"46-55"
4865,1974,Master,Divorced,,1,1,"08-31-2013",2,0,229,7,140,10,3,11,7,0,0,0,0,0,1,5,1,8,7," $53,367.00 ","","","1",52,"46-55"
4867,1968,PhD,Single,,1,1,"09-20-2013",2,0,58,0,18,2,0,10,4,0,0,0,0,0,0,3,0,4,7," $38,236.00 ","","","0",58,"56+"
4877,1973,Master,Married,,0,1,"04-03-2014",2,0,34,0,7,0,0,0,1,0,0,0,0,0,0,1,0,3,7," $38,576.00 ","","","0",53,"46-55"
4887,1976,PhD,Divorced,,1,1,"11-22-2013",65,0,10,5,28,11,1,8,1,0,0,0,0,0,0,2,0,3,5," $55,412.00 ","","","0",50,"46-55"
4910,1967,Graduation,Divorced,,0,0,"08-30-2012",81,0,1132,134,384,175,134,115,1,0,0,0,0,0,0,11,5,13,7," $68,743.00 ","","","0",59,"56+"
4915,1956,"2n Cycle",Married,,0,1,"03-08-2012",86,0,176,72,98,136,21,229,4,0,0,0,0,0,0,5,2,12,5," $53,230.00 ","","","0",70,"56+"
4927,1971,Graduation,Together,,2,0,"01-15-2014",76,0,8,3,22,21,1,13,3,0,0,0,0,0,0,3,0,3,9," $16,626.00 ","","","0",55,"46-55"
4931,1977,Graduation,Together,,0,0,"04-29-2013",13,0,1,0,1725,2,1,1,0,0,0,0,0,0,0,0,28,0,1," $157,146.00 ","","","0",49,"46-55"
4937,1973,"2n Cycle",Married,,1,1,"10-06-2014",62,0,12,2,20,3,2,5,1,0,0,0,0,0,0,1,0,3,7," $46,094.00 ","","","0",53,"46-55"
4939,1946,Graduation,Together,,0,0,"08-31-2012",20,0,84,5,38,150,12,28,2,0,0,0,0,0,0,4,1,6,7," $37,760.00 ","","","0",80,"56+"
4943,1953,Graduation,Married,,0,0,"09-30-2012",73,0,1379,33,216,0,33,66,1,0,0,0,1,1,0,2,4,9,6," $70,503.00 ","","","2",73,"56+"
4944,1959,Graduation,Together,,0,0,"08-23-2013",24,0,227,23,389,42,21,75,1,0,0,0,0,0,0,4,5,7,2," $71,367.00 ","","","0",67,"56+"
4945,1953,Graduation,Widow,,0,0,"07-11-2012",29,0,815,10,239,28,10,108,2,0,0,0,0,0,0,10,4,12,6," $53,653.00 ","","","0",73,"56+"
4947,1966,"2n Cycle",Single,,0,0,"09-15-2012",44,0,606,24,974,197,194,64,1,1,0,0,1,0,1,7,7,9,4," $89,572.00 ","","","3",60,"56+"
4954,1956,Graduation,Married,,1,1,"01-21-2014",53,0,106,27,68,52,7,5,6,0,0,0,0,0,0,4,2,5,6," $48,195.00 ","","","0",70,"56+"
4961,1974,Master,Together,,1,0,"01-21-2014",56,0,29,0,25,2,2,3,4,0,0,0,0,0,0,2,1,4,4," $21,255.00 ","","","0",52,"46-55"
4964,1958,PhD,Together,,0,0,"01-26-2014",90,0,680,11,392,75,0,0,1,0,0,0,0,0,0,2,11,4,1," $74,250.00 ","","","0",68,"56+"
4967,1960,PhD,Together,,0,1,"03-29-2013",19,0,233,0,23,0,0,12,4,0,0,0,0,0,0,5,1,5,8," $38,201.00 ","","","0",66,"56+"
4971,1962,PhD,Together,,0,1,"06-12-2012",22,0,108,1,28,13,1,4,2,0,0,0,0,0,0,3,1,4,8," $31,497.00 ","","","0",64,"56+"
4973,1970,Graduation,Single,,1,0,"11-05-2014",39,0,2,3,6,4,1,9,1,0,0,0,0,0,0,1,1,2,7," $20,587.00 ","","","0",56,"56+"
4974,1970,Graduation,Single,,1,2,"09-25-2012",98,0,433,89,650,16,102,102,10,0,0,0,0,0,0,4,6,9,7," $83,273.00 ","","","0",56,"56+"
4988,1948,PhD,Married,,1,1,"04-05-2014",58,0,19,6,20,0,5,12,3,0,0,0,0,0,0,1,1,4,4," $34,469.00 ","","","0",78,"56+"
4990,1954,Graduation,Married,,0,0,"02-05-2013",90,0,524,0,134,28,28,155,1,0,0,0,0,0,0,11,1,8,7," $59,111.00 ","","","0",72,"56+"
4992,1975,Master,Together,,1,0,"09-19-2013",12,0,6,4,16,3,10,30,3,0,0,0,0,0,1,3,1,2,7," $17,459.00 ","","","1",51,"46-55"
4994,1943,Master,Single,,0,0,"01-10-2013",53,0,1193,33,281,129,66,33,1,0,0,0,0,1,0,7,5,13,3," $77,598.00 ","","","1",83,"56+"
4998,1962,Graduation,Together,,0,0,"05-23-2014",85,0,292,30,415,63,33,200,1,1,0,0,0,0,0,4,5,4,2," $76,081.00 ","","","1",64,"56+"
5010,1988,Graduation,Single,,1,0,"02-02-2014",72,0,2,8,8,6,1,9,2,0,0,0,0,0,0,1,0,3,8," $25,008.00 ","","","0",38,"36-45"
5011,1963,Graduation,Divorced,,0,1,"10-18-2013",51,0,595,23,123,10,23,154,2,0,0,0,0,0,0,8,9,4,6," $68,118.00 ","","","0",63,"56+"
5012,1989,Graduation,Married,,1,0,"04-07-2013",56,0,5,4,13,8,0,4,1,0,0,0,0,0,0,1,0,3,8," $28,691.00 ","","","0",37,"36-45"
5015,1976,Master,Married,,1,0,"09-14-2012",94,0,68,6,38,3,6,41,2,0,0,0,0,0,0,2,2,3,7," $34,529.00 ","","","0",50,"46-55"
5025,1979,Graduation,Single,,1,0,"12-24-2013",32,0,23,17,23,43,20,9,1,0,0,0,0,0,0,2,1,4,3," $48,526.00 ","","","0",47,"46-55"
5029,1946,Graduation,Married,,0,0,"06-08-2013",14,0,3,1,2,4,3,1,1,0,0,0,0,0,0,0,0,3,5," $18,100.00 ","","","0",80,"56+"
5031,1974,Graduation,Together,,0,0,"09-22-2012",14,0,777,35,731,39,137,114,1,0,0,0,0,1,1,5,9,11,2," $83,145.00 ","","","2",52,"46-55"
5036,1984,PhD,Single,,1,0,"11-28-2012",38,0,252,3,42,4,3,102,2,0,0,0,0,0,0,4,5,3,6," $42,710.00 ","","","0",42,"36-45"
5043,1951,Basic,Married,,0,0,"05-11-2012",89,0,7,23,78,133,49,144,2,0,0,0,0,0,0,4,2,5,7," $26,997.00 ","","","0",75,"56+"
5046,1958,Graduation,Divorced,,0,1,"01-23-2014",97,0,756,138,354,160,169,61,2,0,0,0,0,0,0,10,6,7,4," $78,331.00 ","","","0",68,"56+"
5048,1971,PhD,Single,,2,0,"11-05-2013",53,0,20,6,43,19,5,38,1,0,0,0,0,0,0,3,1,2,8," $42,767.00 ","","","0",55,"46-55"
5049,1974,PhD,Together,,1,0,"06-06-2013",19,0,14,0,24,3,3,2,1,0,0,0,0,0,0,3,0,2,9," $30,351.00 ","","","0",52,"46-55"
5057,1961,Master,Married,,0,1,"09-14-2013",74,0,264,47,188,54,47,11,2,0,0,0,0,0,0,4,4,10,2," $61,794.00 ","","","0",65,"56+"
5062,1963,PhD,Married,,1,1,"07-27-2013",71,0,35,0,4,0,0,0,1,0,0,0,0,0,0,2,0,2,8," $54,072.00 ","","","0",63,"56+"
5063,1977,Graduation,Single,,1,0,"12-18-2012",76,0,41,5,129,10,3,3,3,0,0,0,0,0,0,4,1,4,9," $28,769.00 ","","","0",49,"46-55"
5067,1994,Graduation,Together,,0,0,"02-14-2014",11,0,966,26,282,52,26,26,1,1,1,0,1,1,0,2,7,11,5," $80,134.00 ","","","4",32,"26-35"
5068,1971,Graduation,Single,,1,0,"07-31-2013",75,0,14,1,7,2,1,1,1,0,0,0,0,0,0,2,0,2,9," $22,804.00 ","","","0",55,"46-55"
5074,1986,Master,Married,,1,0,"08-07-2013",10,0,30,0,10,2,0,5,1,0,0,0,0,0,0,1,0,3,7," $28,072.00 ","","","0",40,"36-45"
5077,1979,Graduation,Together,,0,1,"02-11-2013",46,0,425,115,292,23,35,79,1,0,0,0,0,0,0,6,6,11,3," $77,298.00 ","","","0",47,"46-55"
5079,1971,Graduation,Married,,1,1,"03-03-2013",82,0,71,1,16,0,0,9,4,0,0,0,0,0,0,2,1,3,8,"","","","0",55,"46-55"
5080,1993,Graduation,Single,,0,0,"10-21-2013",12,0,420,0,452,182,64,140,1,0,0,0,0,0,1,6,6,4,2," $70,515.00 ","","","1",33,"26-35"
5081,1967,"2n Cycle",Together,,1,1,"10-20-2013",54,0,9,0,16,6,6,10,1,0,0,0,0,0,0,1,0,3,8," $47,821.00 ","","","0",59,"56+"
5084,1975,Graduation,Widow,,0,1,"12-25-2013",87,0,445,53,213,104,98,151,1,0,0,0,0,0,0,6,4,13,4," $58,330.00 ","","","0",51,"46-55"
5092,1949,PhD,Widow,,0,1,"12-02-2013",39,0,380,0,47,6,0,34,4,0,0,0,1,0,1,7,1,7,8," $51,569.00 ","","","2",77,"56+"
5093,1974,PhD,Divorced,,1,0,"09-18-2012",15,0,40,3,30,10,7,11,3,0,0,0,0,0,1,3,0,3,9," $25,509.00 ","","","1",52,"46-55"
5107,1973,PhD,Divorced,,1,1,"05-19-2014",37,0,15,0,8,4,2,20,2,0,0,1,0,0,0,1,1,2,5," $35,860.00 ","","","1",53,"46-55"
5113,1971,PhD,Divorced,,0,0,"07-11-2013",67,0,584,100,835,65,83,35,1,0,0,1,0,0,1,5,5,5,2," $86,979.00 ","","","2",55,"46-55"
5114,1965,Master,Married,,0,1,"12-19-2012",1,0,670,9,249,0,28,9,2,0,0,0,0,0,0,5,4,5,4," $74,806.00 ","","","0",61,"56+"
5117,1963,"2n Cycle",Married,,0,0,"02-08-2012",32,0,63,151,137,153,19,53,2,0,0,0,0,0,0,4,4,8,5," $32,632.00 ","","","0",63,"56+"
5120,1982,"2n Cycle",Together,,0,0,"09-25-2012",78,0,398,96,447,220,96,32,1,0,0,0,0,0,0,5,7,6,3," $66,664.00 ","","","0",44,"36-45"
5121,1977,Graduation,Single,,0,1,"03-21-2014",30,0,479,5,82,7,17,171,2,0,0,1,0,0,0,7,6,5,5," $56,628.00 ","","","1",49,"46-55"
5123,1951,Master,Married,,0,0,"04-15-2013",57,0,37,12,23,8,11,52,1,0,0,0,0,0,0,2,1,3,7," $27,450.00 ","","","0",75,"56+"
5125,1960,Graduation,Married,,0,0,"05-17-2013",64,0,333,0,815,129,42,29,1,0,0,0,0,0,0,4,10,11,2," $79,530.00 ","","","0",66,"56+"
5136,1973,Graduation,Single,,0,1,"01-17-2014",58,0,654,7,92,0,15,30,7,0,0,0,1,1,0,9,4,8,6," $65,333.00 ","","","2",53,"46-55"
5138,1950,Graduation,Together,,0,1,"01-14-2013",68,0,19,1,14,3,2,4,1,0,0,0,0,0,0,1,0,3,8," $28,320.00 ","","","0",76,"56+"
5140,1985,PhD,Married,,1,0,"08-24-2012",66,0,1047,0,140,67,38,153,2,0,0,0,0,0,0,4,3,12,8," $64,355.00 ","","","0",41,"36-45"
5147,1948,Graduation,Single,,0,0,"07-29-2013",57,0,774,70,118,182,187,93,1,0,0,0,0,0,0,4,9,13,1," $90,842.00 ","","","0",78,"56+"
5150,1979,Basic,Single,,1,0,"12-17-2012",64,0,0,4,7,11,10,15,2,0,0,0,0,0,0,2,0,3,6," $20,194.00 ","","","0",47,"46-55"
5153,1967,PhD,Married,,0,1,"02-22-2013",97,0,1004,59,265,115,59,27,2,0,0,1,0,0,1,11,10,11,6," $77,766.00 ","","","2",59,"56+"
5154,1972,Master,Divorced,,1,0,"11-08-2013",54,0,26,3,13,2,10,0,1,0,0,0,0,0,0,2,0,3,6," $37,760.00 ","","","0",54,"46-55"
5156,1970,"2n Cycle",Married,,0,1,"01-15-2014",13,0,129,129,259,168,121,83,5,0,0,0,0,0,0,6,3,12,4," $62,466.00 ","","","0",56,"56+"
5172,1976,Master,Together,,0,1,"11-14-2013",4,0,738,0,232,13,20,50,2,0,0,0,0,0,0,3,5,7,7," $65,104.00 ","","","0",50,"46-55"
5176,1988,Graduation,Together,,1,0,"08-12-2013",88,0,7,6,13,7,6,14,1,0,0,1,0,0,0,1,0,3,9," $29,604.00 ","","","1",38,"36-45"
5177,1974,Master,Married,,0,1,"12-12-2013",56,0,298,7,68,4,0,19,2,0,0,0,0,0,0,6,2,6,6," $58,494.00 ","","","0",52,"46-55"
5180,1968,PhD,Divorced,,0,1,"04-18-2014",56,0,128,0,16,0,1,4,2,0,0,0,0,0,0,4,0,4,7," $50,616.00 ","","","0",58,"56+"
5181,1982,Basic,Single,,1,0,"03-20-2013",58,0,2,4,2,0,11,5,1,0,0,0,0,0,0,1,0,2,9," $24,367.00 ","","","0",44,"36-45"
5184,1995,Graduation,Single,,0,0,"03-26-2014",65,0,4,2,11,2,0,4,1,0,0,0,0,0,0,1,0,2,6," $34,824.00 ","","","0",31,"26-35"
5185,1955,Graduation,Married,,0,0,"02-14-2013",83,0,199,66,315,97,174,41,1,0,0,0,0,0,0,4,3,5,2," $74,268.00 ","","","0",71,"56+"
5186,1955,PhD,Married,,0,1,"12-03-2014",59,0,576,7,115,19,7,7,2,0,0,0,1,0,0,7,4,9,6," $58,482.00 ","","","1",71,"56+"
5204,1971,Graduation,Together,,0,0,"06-29-2013",21,0,380,98,733,110,112,28,1,0,0,0,0,1,1,8,8,5,3," $74,538.00 ","","","2",55,"46-55"
5207,1963,PhD,Married,,1,1,"09-24-2012",41,0,489,6,152,8,6,132,10,0,0,0,0,0,1,9,4,6,8," $53,378.00 ","","","1",63,"56+"
5209,1954,Graduation,Divorced,,0,1,"06-17-2013",21,0,443,5,71,21,16,82,2,0,0,0,0,0,0,8,2,7,7," $50,002.00 ","","","0",72,"56+"
5221,1957,Graduation,Married,,0,1,"01-12-2012",93,0,714,8,99,11,0,47,4,0,0,1,0,0,0,10,7,5,8," $52,852.00 ","","","1",69,"56+"
5223,1966,Master,Together,,0,1,"04-23-2014",80,0,33,8,10,2,10,3,2,0,0,0,0,0,0,2,1,3,4," $45,903.00 ","","","0",60,"56+"
5229,1969,PhD,Together,,0,1,"02-16-2014",81,0,30,1,8,0,0,3,1,0,0,0,0,0,0,1,0,3,7," $54,132.00 ","","","0",57,"56+"
5231,1974,"2n Cycle",Married,,0,2,"02-27-2014",15,0,27,2,7,0,2,13,1,0,0,0,0,0,0,1,0,3,5," $45,894.00 ","","","0",52,"46-55"
5232,1965,Graduation,Married,,0,1,"01-27-2014",23,0,86,12,75,33,15,6,1,0,0,0,0,0,0,4,1,5,4," $69,139.00 ","","","0",61,"56+"
5234,1967,"2n Cycle",Together,,1,1,"11-07-2013",85,0,12,5,25,0,9,30,2,0,0,0,0,0,0,1,1,3,5," $30,753.00 ","","","0",59,"56+"
5236,1979,Graduation,Together,,0,1,"08-25-2012",30,0,1230,0,396,232,178,158,1,1,0,0,1,1,0,10,2,8,5," $77,568.00 ","","","3",47,"46-55"
5237,1950,PhD,Single,,1,2,"01-01-2014",79,0,28,1,21,3,0,10,3,0,0,0,0,0,0,2,1,3,5," $48,767.00 ","","","0",76,"56+"
5247,1955,PhD,Married,,1,1,"10-05-2014",52,0,31,0,6,2,1,5,2,0,0,0,0,0,0,1,0,4,4," $38,725.00 ","","","0",71,"56+"
5250,1943,Master,Widow,,0,0,"10-30-2013",75,0,532,126,490,164,126,126,1,0,0,0,0,1,1,5,5,11,1,"","","","2",83,"56+"
5252,1969,Graduation,Divorced,,1,0,"10-26-2012",80,0,16,12,18,7,1,13,1,0,0,0,0,0,0,2,0,3,7," $23,910.00 ","","","0",57,"56+"
5253,1956,Master,Together,,1,1,"09-07-2013",85,0,145,13,46,17,2,4,6,0,0,0,0,0,0,4,2,4,7," $54,603.00 ","","","0",70,"56+"
5255,1986,Graduation,Single,,1,0,"02-20-2013",19,0,5,1,3,3,263,362,0,0,0,0,0,0,0,27,0,0,1,"","","","0",40,"36-45"
5263,1977,"2n Cycle",Married,,1,0,"01-22-2013",99,0,5,10,13,3,8,16,1,0,0,0,0,0,0,1,0,3,8," $31,056.00 ","","","0",49,"46-55"
5267,1970,Graduation,Divorced,,1,0,"03-14-2013",43,0,16,2,18,2,1,5,1,0,0,0,0,0,0,1,0,3,7," $33,986.00 ","","","0",56,"56+"
5268,1960,Graduation,Married,,1,1,"11-08-2013",95,0,17,8,14,10,4,3,2,0,0,0,0,0,0,1,0,4,7," $29,440.00 ","","","0",66,"56+"
5272,1965,Master,Married,,0,1,"06-27-2013",64,0,378,0,88,19,4,73,4,0,0,0,0,0,0,8,5,3,7," $53,843.00 ","","","0",61,"56+"
5278,1964,Graduation,Married,,0,0,"01-25-2014",83,0,307,26,360,138,31,40,1,1,0,0,0,0,0,6,9,5,3," $82,224.00 ","","","1",62,"56+"
5283,1976,PhD,Single,,1,1,"02-17-2014",72,0,93,1,21,0,4,25,3,0,0,0,0,0,0,2,1,4,5," $42,473.00 ","","","0",50,"46-55"
5286,1987,Master,Single,,0,0,"10-28-2013",68,0,112,1,54,7,7,36,1,0,0,0,0,0,0,3,2,4,3," $41,020.00 ","","","0",39,"36-45"
5287,1973,Graduation,Married,,1,0,"06-19-2014",77,0,45,2,26,4,1,1,3,0,0,0,0,0,0,3,1,3,7," $34,961.00 ","","","0",53,"46-55"
5289,1975,"2n Cycle",Single,,1,1,"09-11-2012",30,0,8,4,12,15,4,29,2,0,0,0,0,0,0,1,1,2,4," $41,658.00 ","","","0",51,"46-55"
5290,1964,PhD,Married,,1,1,"08-14-2013",51,0,220,0,33,3,0,23,5,0,0,0,0,0,0,5,1,5,8," $41,551.00 ","","","0",62,"56+"
5294,1989,Graduation,Single,,1,0,"11-20-2013",49,0,6,8,19,16,4,4,3,0,0,0,0,0,0,3,0,4,7," $18,358.00 ","","","0",37,"36-45"
5299,1970,PhD,Married,,1,0,"11-19-2013",43,0,1181,107,199,39,30,30,2,0,0,0,0,0,0,7,3,13,8," $69,084.00 ","","","0",56,"56+"
5300,1973,Master,Married,,1,0,"12-30-2013",60,0,19,7,19,0,1,24,1,0,0,0,0,0,0,2,1,2,7," $38,961.00 ","","","0",53,"46-55"
5302,1986,Graduation,Together,,0,0,"02-15-2013",13,0,298,27,697,216,24,166,1,0,0,0,0,0,1,4,6,5,2," $78,394.00 ","","","1",40,"36-45"
5303,1974,PhD,Together,,0,0,"08-04-2014",42,0,471,0,510,99,21,12,1,0,0,0,0,0,0,6,4,9,2," $79,632.00 ","","","0",52,"46-55"
5304,1974,PhD,Single,,1,0,"10-13-2012",35,0,24,0,8,0,0,1,2,0,0,0,0,0,0,1,0,3,6," $30,899.00 ","","","0",52,"46-55"
5313,1971,Master,Married,,1,1,"04-18-2014",20,0,30,0,11,0,0,3,3,0,0,0,0,0,0,2,0,4,5," $38,196.00 ","","","0",55,"46-55"
5314,1951,Graduation,Together,,0,1,"03-18-2013",69,0,270,3,27,39,6,99,7,0,0,0,0,0,0,7,1,5,8," $40,689.00 ","","","0",75,"56+"
5316,1976,Master,Together,,0,0,"04-07-2013",89,0,36,4,18,6,2,18,1,0,0,0,0,0,0,2,0,4,7," $21,024.00 ","","","0",50,"46-55"
5320,1973,Master,Divorced,,1,1,"01-29-2013",20,0,79,7,58,6,3,18,4,0,0,0,0,0,1,3,1,4,6," $44,051.00 ","","","1",53,"46-55"
5324,1981,PhD,Married,,1,0,"01-19-2014",94,0,173,43,118,46,27,15,5,0,0,0,0,0,0,5,3,6,5," $58,293.00 ","","","0",45,"36-45"
5329,1949,PhD,Divorced,,1,1,"09-27-2013",24,0,8,0,3,0,0,0,1,0,0,0,0,0,0,0,0,3,5," $35,946.00 ","","","0",77,"56+"
5331,1977,Graduation,Married,,0,0,"11-09-2012",8,0,587,51,898,247,0,86,1,0,0,0,0,0,0,3,6,7,2," $74,985.00 ","","","0",49,"46-55"
5332,1960,"2n Cycle",Married,,0,0,"07-27-2013",2,0,362,50,431,134,35,54,1,0,0,0,0,0,0,3,6,7,1," $82,504.00 ","","","0",66,"56+"
5336,1971,Master,Together,,1,0,"04-06-2013",37,0,39,1,9,2,0,8,0,0,0,0,0,0,0,1,0,1,1," $157,733.00 ","","","0",55,"46-55"
5341,1962,"2n Cycle",Divorced,,0,1,"05-01-2013",2,0,983,76,184,180,138,27,1,0,0,0,0,1,0,6,3,4,7," $81,975.00 ","","","1",64,"56+"
5342,1976,Basic,Divorced,,1,0,"08-08-2012",31,0,0,1,3,10,6,9,2,0,0,0,0,0,0,1,0,3,8," $9,548.00 ","","","0",50,"46-55"
5346,1973,"2n Cycle",Married,,1,0,"03-07-2013",87,0,25,5,19,7,0,23,3,0,0,0,0,0,0,3,0,3,7," $23,559.00 ","","","0",53,"46-55"
5350,1991,Master,Single,,0,0,"02-13-2014",29,0,1156,120,915,94,144,96,1,0,0,0,0,1,1,3,4,10,1," $90,638.00 ","","","2",35,"26-35"
5370,1973,PhD,Married,,1,0,"01-16-2013",38,0,239,3,141,0,7,23,4,0,0,1,0,0,0,7,1,6,8," $32,644.00 ","","","1",53,"46-55"
5371,1989,Graduation,Single,,1,0,"08-04-2014",0,0,6,16,24,11,0,34,2,0,0,1,0,0,1,3,1,2,7," $21,474.00 ","","","2",37,"36-45"
5376,1979,Graduation,Married,,1,0,"06-01-2013",42,0,1,1,1725,1,1,1,15,0,0,0,0,0,0,0,28,0,1," $2,447.00 ","","","0",47,"46-55"
5386,1953,Graduation,Together,,0,0,"04-03-2013",62,0,1111,24,790,160,45,172,0,1,0,0,1,1,1,5,8,5,2," $94,384.00 ","","","4",73,"56+"
5389,1964,Graduation,Married,,0,2,"10-20-2013",93,0,238,17,68,8,10,6,3,0,0,0,1,0,0,6,2,5,7," $48,920.00 ","","","1",62,"56+"
5393,1977,Graduation,Single,,1,0,"07-08-2012",64,0,22,0,6,6,2,6,1,0,0,0,0,0,0,1,0,3,7," $23,763.00 ","","","0",49,"46-55"
5394,1979,Basic,Single,,1,1,"03-17-2013",42,0,3,9,4,7,8,7,4,0,0,0,0,0,0,1,1,4,3," $16,014.00 ","","","0",47,"46-55"
5396,1988,Graduation,Married,,0,0,"01-13-2013",48,0,758,12,385,33,89,89,1,0,0,0,0,0,0,9,7,13,4," $68,487.00 ","","","0",38,"36-45"
5407,1954,Graduation,Together,,0,1,"12-09-2013",70,0,729,17,133,11,0,195,5,0,0,1,0,0,0,10,6,7,7," $53,103.00 ","","","1",72,"56+"
5423,1983,Graduation,Together,,1,0,"10-27-2013",35,0,6,0,5,2,1,2,1,0,0,0,0,0,0,1,0,2,7," $28,359.00 ","","","0",43,"36-45"
5424,1983,Graduation,Married,,1,0,"02-14-2013",30,0,29,12,59,19,1,36,2,0,0,0,0,0,0,3,0,4,8," $39,922.00 ","","","0",43,"36-45"
5429,1948,PhD,Married,,0,1,"08-20-2013",10,0,145,1,33,2,1,1,1,0,0,0,0,0,0,4,1,4,6," $45,579.00 ","","","0",78,"56+"
5430,1956,Graduation,Together,,1,1,"09-14-2012",0,0,454,0,171,8,19,32,12,0,0,0,0,0,0,9,2,8,8," $54,450.00 ","","","0",70,"56+"
5441,1965,PhD,Widow,,0,1,"08-25-2013",97,0,267,6,54,8,3,50,2,0,0,0,0,0,0,5,2,6,5," $54,111.00 ","","","0",61,"56+"
5453,1956,Master,Married,,0,0,"09-26-2012",26,0,1083,108,649,253,151,108,1,1,0,0,0,0,0,4,7,12,2," $90,226.00 ","","","1",70,"56+"
5454,1979,Master,Married,,1,0,"01-12-2013",80,0,37,0,7,3,0,3,1,0,0,0,0,0,0,2,0,3,5," $45,057.00 ","","","0",47,"46-55"
5455,1971,PhD,Married,,1,0,"08-22-2013",89,0,99,0,15,2,1,5,3,0,0,0,0,0,0,2,1,4,7," $32,011.00 ","","","0",55,"46-55"
5462,1974,Graduation,Married,,0,1,"12-08-2012",63,0,757,80,217,29,80,11,5,0,0,0,0,0,0,9,6,12,6," $67,445.00 ","","","0",52,"46-55"
5474,1970,Graduation,Single,,1,0,"11-30-2013",79,0,45,7,99,4,25,43,3,0,0,0,0,0,0,4,1,4,6," $43,020.00 ","","","0",56,"56+"
5491,1951,Master,Together,,0,1,"11-04-2013",70,0,172,12,112,8,0,15,4,0,0,0,0,0,0,6,1,5,7," $47,352.00 ","","","0",75,"56+"
5493,1976,Graduation,Married,,1,1,"03-19-2014",21,0,15,0,2,0,0,6,1,0,0,1,0,0,0,1,0,2,6," $39,356.00 ","","","1",50,"46-55"
5510,1977,Master,Married,,0,1,"11-21-2012",2,0,262,6,61,0,10,102,3,0,0,0,0,0,0,5,2,6,5," $43,263.00 ","","","0",49,"46-55"
5512,1977,Master,Married,,0,1,"05-23-2014",19,0,451,0,39,0,4,24,1,0,0,0,0,0,0,7,1,8,5," $55,842.00 ","","","0",49,"46-55"
5513,1966,Graduation,Together,,1,1,"04-10-2012",49,0,27,2,10,0,0,1,2,0,0,0,0,0,0,1,0,3,8," $37,758.00 ","","","0",60,"56+"
5517,1969,Graduation,Married,,1,0,"09-15-2013",51,0,15,0,11,0,2,9,1,0,0,0,0,0,0,1,1,2,8," $25,293.00 ","","","0",57,"56+"
5519,1956,Graduation,Together,,0,1,"07-08-2013",8,0,316,58,161,76,51,135,1,0,0,0,0,0,1,6,9,4,5," $64,090.00 ","","","1",70,"56+"
5524,1957,Graduation,Single,,0,0,"04-09-2012",58,0,635,88,546,172,88,88,3,0,0,0,0,0,1,8,10,4,7," $58,138.00 ","","","1",69,"56+"
5527,1987,Graduation,Together,,1,0,"02-13-2013",25,0,4,12,11,3,13,15,2,0,0,0,0,0,0,2,0,3,8," $22,434.00 ","","","0",39,"36-45"
5529,1946,PhD,Together,,2,1,"10-06-2014",56,0,406,0,30,0,0,8,7,1,0,0,0,0,0,8,2,5,7," $64,014.00 ","","","1",80,"56+"
5534,1975,Master,Married,,0,1,"10-20-2013",30,0,123,1,26,2,0,72,2,0,0,1,0,0,0,3,2,3,7," $47,808.00 ","","","1",51,"46-55"
5536,1959,Graduation,Together,,0,1,"05-22-2013",61,0,1492,38,287,50,57,33,1,1,1,0,1,1,1,5,10,4,6," $87,771.00 ","","","5",67,"56+"
5538,1975,Graduation,Divorced,,0,0,"08-10-2013",78,0,897,161,430,186,161,27,0,1,0,1,0,1,1,4,7,6,1," $83,829.00 ","","","4",51,"46-55"
5543,1966,Graduation,Together,,0,1,"06-24-2013",49,0,545,7,114,37,21,78,5,0,0,0,1,0,0,7,2,11,5," $57,811.00 ","","","1",60,"56+"
5544,1970,Graduation,Single,,0,1,"10-11-2012",32,0,957,40,175,158,53,107,2,0,0,0,1,0,0,7,8,5,5," $67,384.00 ","","","1",56,"56+"
5545,1972,PhD,Married,,0,0,"05-04-2014",72,0,572,8,259,34,35,80,1,0,0,0,0,0,0,3,5,5,1," $78,075.00 ","","","0",54,"46-55"
5547,1982,PhD,Married,,0,0,"07-08-2013",9,0,1478,19,403,0,19,0,1,0,0,0,1,1,1,7,6,6,3," $84,169.00 ","","","3",44,"36-45"
5552,1963,Master,Divorced,,1,1,"05-13-2013",50,0,81,18,113,47,13,21,6,0,0,0,0,0,0,4,2,5,6," $48,721.00 ","","","0",63,"56+"
5555,1975,Graduation,Divorced,,0,0,"07-02-2014",81,0,1,1,1,1,1,1,0,0,0,0,0,0,0,0,0,0,0," $153,924.00 ","","","0",51,"46-55"
5558,1954,PhD,Single,,0,0,"03-31-2014",90,0,1020,31,430,62,63,79,1,0,0,0,0,1,0,4,6,4,1," $90,933.00 ","","","1",72,"56+"
5562,1974,Graduation,Married,,0,1,"06-26-2013",92,0,502,12,109,16,6,90,2,0,0,0,0,0,0,7,2,10,6," $60,093.00 ","","","0",52,"46-55"
5564,1969,Graduation,Together,,0,1,"09-08-2012",26,0,509,133,497,78,24,97,2,0,0,0,0,0,0,7,5,6,4," $62,882.00 ","","","0",57,"56+"
5577,1983,Graduation,Together,,1,0,"03-05-2014",77,0,8,0,9,2,1,3,1,0,0,0,0,0,0,1,0,2,6," $43,776.00 ","","","0",43,"36-45"
5585,1972,Graduation,Single,,1,0,"04-20-2013",1,0,12,2,17,6,1,10,2,0,0,0,0,0,1,2,0,3,8," $21,359.00 ","","","1",54,"46-55"
5589,1964,Graduation,Divorced,,0,1,"08-31-2012",95,0,631,0,115,10,7,30,3,0,0,0,0,0,0,9,2,10,7," $51,983.00 ","","","0",62,"56+"
5596,1956,"2n Cycle",Together,,0,1,"12-10-2013",44,0,513,14,154,19,0,28,1,0,0,0,0,0,0,9,2,9,6," $58,821.00 ","","","0",70,"56+"
5602,1989,PhD,Together,,0,0,"05-17-2013",98,0,466,22,432,147,113,102,1,0,0,0,0,0,0,8,7,12,3," $66,973.00 ","","","0",37,"36-45"
5610,1965,Graduation,Together,,1,1,"04-21-2014",58,0,7,3,10,8,1,7,2,0,0,0,0,0,0,1,0,3,7," $33,456.00 ","","","0",61,"56+"
5621,1969,Graduation,Married,,1,1,"12-12-2012",8,0,73,57,100,71,15,0,5,0,0,0,0,0,1,6,1,5,9," $48,752.00 ","","","1",57,"56+"
5623,1980,Master,Married,,1,0,"09-26-2013",95,0,15,4,13,0,0,19,1,0,0,1,0,0,0,1,1,2,7," $31,535.00 ","","","1",46,"46-55"
5626,1964,PhD,Single,,0,0,"11-23-2013",13,0,338,4,89,11,8,13,1,0,0,0,0,0,0,4,2,9,4," $61,798.00 ","","","0",62,"56+"
5628,1982,Graduation,Together,,0,0,"08-02-2013",25,0,848,154,323,201,61,78,1,0,0,1,0,0,0,10,3,10,6," $61,416.00 ","","","1",44,"36-45"
5631,1991,Graduation,Single,,0,0,"02-05-2013",92,0,202,47,197,55,42,149,1,0,0,0,0,0,0,5,4,8,4," $49,767.00 ","","","0",35,"26-35"
5633,1980,Graduation,Married,,1,1,"06-25-2014",47,0,97,12,84,13,10,15,7,0,0,0,0,0,0,3,1,6,5," $50,183.00 ","","","0",46,"46-55"
5636,1963,Graduation,Single,,0,0,"09-11-2012",50,0,51,4,50,12,1,49,1,0,0,0,0,0,1,4,0,3,8," $30,983.00 ","","","1",63,"56+"
5642,1979,Master,Together,,1,0,"09-12-2013",0,0,140,4,61,0,13,4,2,0,0,0,0,0,0,3,1,6,4," $62,499.00 ","","","0",47,"46-55"
5644,1957,Graduation,Together,,0,1,"12-10-2013",96,0,309,3,24,4,3,20,2,0,0,0,1,0,0,5,1,7,7," $42,213.00 ","","","1",69,"56+"
5654,1972,Graduation,Married,,2,1,"03-16-2014",34,0,20,4,10,6,4,17,2,0,0,0,0,0,0,2,0,3,6," $36,026.00 ","","","0",54,"46-55"
5667,1964,PhD,Married,,0,1,"11-10-2012",90,0,1013,30,399,60,46,153,3,0,0,0,0,0,1,9,10,4,6," $60,896.00 ","","","1",62,"56+"
5675,1960,PhD,Divorced,,0,1,"04-10-2012",98,0,459,0,24,6,0,4,6,0,0,0,1,0,0,4,5,7,6," $50,611.00 ","","","1",66,"56+"
5680,1984,"2n Cycle",Married,,1,0,"04-22-2014",66,0,10,4,7,0,6,3,1,0,0,0,0,0,0,1,0,3,6," $35,684.00 ","","","0",42,"36-45"
5682,1953,PhD,Single,,0,1,"03-23-2013",8,0,948,10,86,13,21,21,4,0,0,0,0,0,0,6,9,11,5," $64,108.00 ","","","0",73,"56+"
5684,1971,Master,Divorced,,1,1,"11-10-2013",25,0,56,0,9,0,0,3,2,0,0,0,0,0,0,2,0,3,7," $44,635.00 ","","","0",55,"46-55"
5687,1980,Graduation,Divorced,,0,0,"09-23-2012",98,0,563,50,774,28,31,187,1,0,0,0,0,0,0,7,7,12,3," $81,702.00 ","","","0",46,"46-55"
5692,1989,Basic,Married,,1,0,"12-22-2012",82,0,1,4,3,8,9,7,1,0,0,0,0,0,0,1,0,3,8," $25,443.00 ","","","0",37,"36-45"
5710,1970,Graduation,Together,,0,1,"10-10-2012",31,0,110,0,5,2,0,3,2,0,0,0,1,0,0,2,1,4,5," $40,548.00 ","","","1",56,"56+"
5718,1950,Graduation,Married,,0,0,"08-15-2013",17,0,674,168,108,192,42,231,1,1,0,0,0,1,1,5,11,6,3," $80,763.00 ","","","3",76,"56+"
5721,1956,PhD,Married,,0,0,"11-05-2014",60,0,611,76,749,59,45,26,1,0,0,0,0,1,0,7,10,6,2," $84,117.00 ","","","1",70,"56+"
5723,1976,PhD,Together,,0,1,"11-01-2014",63,0,81,1,31,2,1,0,1,0,0,0,0,0,0,1,1,5,2," $49,187.00 ","","","0",50,"46-55"
5726,1983,Master,Single,,1,0,"03-20-2014",15,1,16,7,23,0,8,6,3,0,0,0,0,0,0,3,0,4,5," $31,788.00 ","","","0",43,"36-45"
5731,1983,Master,Married,,1,0,"05-04-2013",64,0,12,0,13,2,0,10,1,0,0,0,0,0,0,1,0,3,7," $27,100.00 ","","","0",43,"36-45"
5734,1974,PhD,Married,,1,1,"11-20-2013",83,0,46,4,36,2,2,1,1,0,0,0,0,0,0,2,0,4,5," $61,917.00 ","","","0",52,"46-55"
5735,1991,Master,Single,,0,0,"02-13-2014",29,0,1156,120,915,94,144,96,1,0,0,0,0,1,0,3,4,10,1," $90,638.00 ","","","1",35,"26-35"
5740,1970,"2n Cycle",Divorced,,1,1,"02-14-2013",1,0,4,2,12,7,5,26,2,0,0,0,0,0,1,1,2,2,6," $25,959.00 ","","","1",56,"56+"
5748,1965,Graduation,Married,,0,1,"01-12-2012",96,0,115,27,44,4,146,139,3,0,0,0,0,0,1,5,2,6,5," $59,754.00 ","","","1",61,"56+"
5751,1973,"2n Cycle",Divorced,,1,0,"02-13-2014",54,0,2,3,10,11,2,10,1,0,0,0,0,0,0,1,0,3,6," $31,163.00 ","","","0",53,"46-55"
5756,1983,Graduation,Together,,1,0,"03-04-2014",64,0,46,0,7,0,0,2,2,0,0,0,0,0,0,2,0,3,6," $39,453.00 ","","","0",43,"36-45"
5758,1982,Graduation,Married,,0,0,"01-14-2014",23,0,1074,0,69,0,0,46,1,1,1,1,0,1,1,10,4,13,6," $65,169.00 ","","","5",44,"36-45"
5763,1972,Master,Together,,1,0,"10-11-2013",63,0,123,17,171,39,0,30,5,0,0,0,0,0,0,6,2,5,6," $49,854.00 ","","","0",54,"46-55"
5782,1982,"2n Cycle",Together,,0,1,"09-28-2013",15,0,402,35,106,101,77,42,2,0,0,0,1,0,0,9,2,9,5," $58,582.00 ","","","1",44,"36-45"
5788,1972,Graduation,Together,,1,0,"02-17-2013",46,0,56,10,92,19,7,25,3,0,0,0,0,0,0,3,2,4,5," $46,053.00 ","","","0",54,"46-55"
5790,1985,Graduation,Married,,1,0,"01-27-2013",62,0,25,6,16,20,0,5,2,0,0,0,0,0,0,2,0,3,8," $31,158.00 ","","","0",41,"36-45"
5794,1974,PhD,Married,,0,1,"03-17-2014",1,0,408,0,21,0,0,17,3,1,0,0,1,0,1,7,1,7,8," $46,374.00 ","","","3",52,"46-55"
5796,1963,Graduation,Married,,0,0,"11-26-2013",70,0,560,21,442,29,44,29,1,0,0,0,0,1,0,4,5,13,1," $77,437.00 ","","","1",63,"56+"
5798,1973,Master,Together,,0,0,"11-23-2013",87,0,445,37,359,98,28,18,1,0,0,0,0,0,0,2,4,8,1,"","","","0",53,"46-55"
5802,1972,Basic,Married,,0,0,"02-28-2013",40,0,2,7,11,16,12,27,1,0,0,0,0,0,0,2,0,4,6," $14,188.00 ","","","0",54,"46-55"
5823,1970,PhD,Single,,0,1,"08-03-2014",63,0,35,0,2,0,0,2,2,0,0,0,0,0,0,1,0,4,5," $32,303.00 ","","","0",56,"56+"
5824,1972,PhD,Together,,2,1,"11-04-2014",1,0,7,0,1,0,0,0,1,0,0,0,0,0,0,1,0,2,6," $34,578.00 ","","","0",54,"46-55"
5827,1958,Graduation,Divorced,,1,1,"04-16-2014",53,0,36,0,12,2,2,10,4,0,0,0,0,0,0,3,1,3,5," $35,246.00 ","","","0",68,"56+"
5830,1972,PhD,Single,,0,0,"12-09-2012",96,0,899,102,838,133,102,40,1,0,0,0,0,0,1,5,6,10,2," $86,857.00 ","","","1",54,"46-55"
5831,1967,Graduation,Married,,0,1,"08-22-2012",93,0,1017,50,500,65,50,133,3,1,0,0,1,0,1,5,5,5,8," $77,870.00 ","","","3",59,"56+"
5832,1960,"2n Cycle",Together,,0,0,"04-20-2014",32,0,493,183,352,184,23,28,0,0,0,0,0,0,0,3,5,13,0," $92,556.00 ","","","0",66,"56+"
5835,1976,PhD,Divorced,,1,0,"02-07-2013",39,0,21,2,28,3,2,9,3,0,0,0,0,0,0,2,0,4,8," $14,849.00 ","","","0",50,"46-55"
5837,1967,Graduation,Married,,1,1,"12-28-2012",67,0,247,8,160,6,8,65,7,0,0,0,0,0,0,6,3,6,7," $51,479.00 ","","","0",59,"56+"
5841,1966,Graduation,Together,,0,1,"06-28-2013",61,0,606,7,155,10,0,54,5,0,0,0,0,0,0,10,3,8,7," $60,894.00 ","","","0",60,"56+"
5846,1977,Graduation,Divorced,,1,0,"12-19-2012",68,0,2,1,6,2,1,1,1,0,0,0,0,0,0,1,0,2,6," $40,246.00 ","","","0",49,"46-55"
5847,1969,Graduation,Divorced,,0,1,"05-29-2013",95,0,312,21,206,102,92,149,3,0,0,0,0,0,0,7,3,10,5," $69,901.00 ","","","0",57,"56+"
5848,1970,Graduation,Together,,0,0,"01-13-2014",43,0,724,74,929,97,55,130,1,0,1,1,0,1,1,5,6,7,2," $81,205.00 ","","","4",56,"56+"
5863,1953,Graduation,Married,,0,1,"05-29-2013",95,0,359,0,134,13,26,123,4,0,0,0,0,0,0,6,3,8,5," $47,703.00 ","","","0",73,"56+"
5866,1974,Graduation,Together,,1,0,"03-20-2014",39,0,97,3,66,12,7,34,3,0,0,0,0,0,0,4,1,4,7," $48,186.00 ","","","0",52,"46-55"
5868,1980,Graduation,Married,,1,0,"08-22-2013",49,0,2,4,9,10,5,16,2,0,0,0,0,0,0,1,0,3,7," $19,107.00 ","","","0",46,"46-55"
5871,1979,Master,Together,,0,0,"08-31-2012",98,0,73,28,217,10,24,115,3,0,0,0,0,0,0,6,1,6,8," $24,401.00 ","","","0",47,"46-55"
5872,1951,Graduation,Single,,0,1,"01-06-2013",23,0,240,90,216,63,6,24,4,0,0,0,0,0,0,4,4,10,3," $60,689.00 ","","","0",75,"56+"
5883,1972,Graduation,Married,,1,0,"05-26-2013",78,0,138,120,204,16,126,60,3,0,0,0,0,0,0,7,4,7,5," $77,981.00 ","","","0",54,"46-55"
5885,1973,"2n Cycle",Married,,2,1,"08-22-2012",94,0,73,3,90,12,1,32,7,0,0,0,0,0,0,4,1,4,8," $35,688.00 ","","","0",53,"46-55"
5892,1980,Graduation,Married,,1,0,"10-04-2013",11,0,158,6,45,8,2,2,7,0,0,0,0,0,0,3,2,5,7," $34,968.00 ","","","0",46,"46-55"
5896,1987,Master,Married,,0,0,"03-18-2014",94,0,272,7,80,20,7,11,1,0,0,0,0,0,0,4,4,6,2," $73,395.00 ","","","0",39,"36-45"
5899,1950,PhD,Together,,1,1,"03-13-2014",68,0,28,0,6,1,1,13,1,0,0,1,0,0,0,1,0,0,20," $5,648.00 ","","","1",76,"56+"
5907,1952,Master,Married,,1,1,"03-11-2012",24,0,8,0,8,0,0,2,1,0,0,0,0,0,0,1,0,2,8," $33,444.00 ","","","0",74,"56+"
5909,1964,Graduation,Married,,0,1,"09-19-2013",25,0,895,10,101,13,0,152,5,0,0,0,0,0,0,3,4,8,8," $58,512.00 ","","","0",62,"56+"
5922,1974,PhD,Married,,0,1,"10-13-2013",48,0,210,0,6,0,0,2,2,0,0,0,0,0,0,4,1,5,7," $40,344.00 ","","","0",52,"46-55"
5929,1973,PhD,Married,,1,0,"06-05-2014",14,0,19,3,19,3,1,3,2,0,0,0,0,0,0,2,0,3,7," $37,401.00 ","","","0",53,"46-55"
5935,1956,Master,Single,,0,1,"12-24-2012",60,0,547,7,140,0,7,63,3,0,0,0,0,0,0,7,5,8,5," $55,284.00 ","","","0",70,"56+"
5939,1971,Graduation,Together,,1,1,"01-17-2014",84,0,43,5,28,7,6,33,4,0,0,0,0,0,0,3,1,3,5," $38,232.00 ","","","0",55,"46-55"
5948,1975,Graduation,Single,,0,1,"04-29-2014",96,0,143,6,52,11,8,17,2,0,0,0,0,0,0,4,1,5,5," $57,338.00 ","","","0",51,"46-55"
5954,1972,Master,Divorced,,1,0,"09-10-2013",92,0,76,14,74,13,5,10,2,0,0,0,0,0,0,5,0,4,8," $42,618.00 ","","","0",54,"46-55"
5955,1962,Graduation,Together,,0,0,"11-17-2012",27,0,833,33,549,151,133,233,1,0,0,0,0,0,0,4,3,8,3," $72,025.00 ","","","0",64,"56+"
5956,1948,PhD,Divorced,,1,2,"10-16-2013",74,0,144,2,99,7,2,30,5,0,0,0,0,0,0,6,1,4,8," $45,072.00 ","","","0",78,"56+"
5959,1968,Graduation,Single,,1,1,"10-15-2012",80,0,158,0,23,0,0,18,6,0,0,0,0,0,0,3,1,5,8," $35,893.00 ","","","0",58,"56+"
5961,1978,Graduation,Married,,1,0,"07-06-2014",29,0,8,4,20,6,3,16,1,0,0,0,0,0,0,1,0,3,5," $42,693.00 ","","","0",48,"46-55"
5966,1974,PhD,Married,,1,1,"10-11-2012",64,0,203,0,10,0,0,2,5,0,0,0,1,0,0,3,1,6,6," $45,207.00 ","","","1",52,"46-55"
5967,1952,Graduation,Together,,1,1,"07-18-2013",60,0,26,2,19,10,5,8,3,0,0,0,0,0,0,2,1,3,8," $33,402.00 ","","","0",74,"56+"
5975,1967,PhD,Single,,1,0,"09-30-2013",82,0,37,0,17,0,0,3,1,0,0,0,0,0,0,2,0,3,7," $40,304.00 ","","","0",59,"56+"
5985,1965,Master,Single,,0,1,"10-13-2012",0,0,80,1,37,0,1,3,3,0,0,0,0,0,0,2,1,4,7," $33,168.00 ","","","0",61,"56+"
5987,1989,"2n Cycle",Together,,1,0,"04-05-2014",52,0,2,2,11,10,6,12,2,0,0,0,0,0,0,1,0,4,5," $10,404.00 ","","","0",37,"36-45"
5989,1959,"2n Cycle",Divorced,,0,1,"04-16-2013",51,0,752,122,476,39,153,34,1,0,0,0,0,0,0,10,2,11,8," $78,353.00 ","","","0",67,"56+"
5991,1949,Master,Married,,0,1,"08-06-2013",24,0,173,2,39,3,2,47,3,0,0,0,0,0,0,5,1,4,7," $48,150.00 ","","","0",77,"56+"
5995,1962,Graduation,Divorced,,1,1,"12-18-2012",54,0,165,3,147,4,24,41,7,0,0,0,0,0,1,6,2,5,8," $39,552.00 ","","","1",64,"56+"
6001,1979,Graduation,Married,,0,1,"02-01-2013",62,0,614,35,160,58,35,35,2,0,0,0,0,0,0,5,8,10,5," $56,775.00 ","","","0",47,"46-55"
6019,1971,PhD,Married,,1,0,"03-30-2014",9,0,45,3,9,4,4,7,1,0,0,1,0,0,1,1,2,2,6," $37,126.00 ","","","2",55,"46-55"
6024,1953,Graduation,Together,,0,0,"04-03-2013",62,0,1111,24,790,160,45,172,0,1,0,0,1,1,1,5,8,5,2," $94,384.00 ","","","4",73,"56+"
6036,1959,Master,Together,,0,0,"03-17-2014",78,0,1168,92,408,72,129,55,1,0,0,0,0,1,0,5,6,7,1," $89,120.00 ","","","1",67,"56+"
6049,1982,Master,Together,,0,0,"05-12-2013",85,0,1142,51,415,90,69,37,1,1,0,1,0,0,0,7,8,11,3," $73,450.00 ","","","2",44,"36-45"
6050,1975,"2n Cycle",Married,,0,1,"11-12-2012",33,0,1171,43,219,19,14,47,4,0,0,1,0,0,0,6,3,13,9," $57,036.00 ","","","1",51,"46-55"
6055,1979,Graduation,Married,,0,0,"01-11-2012",94,0,546,72,376,94,145,72,1,0,0,0,1,0,0,5,5,8,3," $71,626.00 ","","","1",47,"46-55"
6059,1953,PhD,Together,,1,2,"04-03-2013",81,0,986,36,168,16,0,108,7,0,0,0,0,0,1,11,3,4,7," $64,504.00 ","","","1",73,"56+"
6071,1989,Graduation,Single,,0,0,"07-19-2013",77,0,493,70,324,146,40,84,1,0,0,0,0,0,0,3,7,11,1," $81,217.00 ","","","0",37,"36-45"
6072,1970,Master,Single,,0,0,"02-02-2013",16,0,918,57,842,99,38,133,1,1,0,0,0,0,1,5,8,6,3," $75,345.00 ","","","2",56,"56+"
6086,1955,Graduation,Married,,0,0,"11-23-2013",62,0,445,25,706,80,76,48,1,1,0,0,0,0,0,6,5,12,2," $80,395.00 ","","","1",71,"56+"
6097,1959,Graduation,Single,,1,1,"01-16-2013",64,0,313,8,104,6,4,126,9,0,0,0,0,0,0,8,1,6,9," $50,664.00 ","","","0",67,"56+"
6103,1948,Graduation,Married,,0,0,"06-09-2013",40,0,40,15,15,17,6,7,1,0,0,0,0,0,0,2,1,3,4," $42,192.00 ","","","0",78,"56+"
6116,1968,"2n Cycle",Married,,0,1,"05-07-2013",13,0,19,13,18,10,7,8,1,0,0,0,0,0,0,1,1,3,3," $48,985.00 ","","","0",58,"56+"
6119,1963,PhD,Single,,1,1,"10-05-2013",52,0,10,0,3,0,0,4,1,0,0,0,0,0,0,1,0,2,6," $36,736.00 ","","","0",63,"56+"
6131,1980,"2n Cycle",Married,,1,1,"01-12-2013",87,0,141,70,106,72,19,23,2,0,0,0,0,0,0,4,2,8,3," $70,829.00 ","","","0",46,"46-55"
6141,1972,Master,Single,,1,0,"04-25-2013",46,0,191,9,97,0,6,82,2,0,0,0,0,0,0,6,1,5,7," $49,494.00 ","","","0",54,"46-55"
6142,1943,Master,Married,,0,0,"08-20-2013",65,1,629,17,177,69,0,8,1,0,0,0,0,0,0,5,3,5,2," $65,073.00 ","","","0",83,"56+"
6147,1971,Graduation,Divorced,,1,0,"10-18-2012",51,0,5,2,8,2,2,9,1,0,0,0,0,0,0,0,1,2,7," $25,818.00 ","","","0",55,"46-55"
6168,1963,Graduation,Divorced,,1,1,"07-15-2013",28,0,33,0,5,0,0,15,2,0,0,0,0,0,0,1,1,2,4," $45,146.00 ","","","0",63,"56+"
6173,1979,Graduation,Together,,0,1,"02-11-2013",46,0,425,115,292,23,35,79,1,0,0,0,0,0,0,6,6,11,3," $77,298.00 ","","","0",47,"46-55"
6177,1985,PhD,Married,,1,0,"08-05-2013",32,0,76,10,56,3,1,23,2,0,0,0,0,0,0,4,0,4,8," $33,454.00 ","","","0",41,"36-45"
6181,1950,"2n Cycle",Together,,0,0,"07-31-2012",36,0,488,21,238,56,108,28,1,0,0,0,0,0,0,8,7,11,6," $52,203.00 ","","","0",76,"56+"
6182,1984,Graduation,Together,,1,0,"10-02-2014",26,0,11,4,20,10,3,5,2,0,0,0,0,0,0,2,0,4,6," $26,646.00 ","","","0",42,"36-45"
6183,1962,Master,Married,,0,1,"10-06-2013",3,0,62,1,44,6,5,22,1,0,0,0,0,0,0,2,1,4,4," $58,646.00 ","","","0",64,"56+"
6184,1969,PhD,Married,,0,0,"12-12-2012",6,0,561,64,785,84,128,48,1,0,0,0,0,0,0,3,3,8,1," $68,462.00 ","","","0",57,"56+"
6197,1962,PhD,Single,,1,1,"04-20-2013",39,0,37,0,17,0,0,3,3,0,0,0,0,0,0,3,0,3,9," $27,238.00 ","","","0",64,"56+"
6200,1951,Graduation,Married,,0,1,"08-04-2013",50,0,340,108,185,130,38,100,2,0,0,0,0,0,0,6,6,9,3," $75,903.00 ","","","0",75,"56+"
6201,1978,Graduation,Single,,1,1,"11-29-2013",45,1,22,2,14,0,1,10,2,0,0,0,0,0,0,2,0,3,7," $38,643.00 ","","","0",48,"46-55"
6202,1960,Graduation,Together,,0,1,"05-10-2012",78,0,571,50,142,33,50,159,4,0,0,0,0,0,0,4,5,13,2," $63,381.00 ","","","0",66,"56+"
6203,1947,Graduation,Together,,0,0,"08-24-2013",58,0,499,149,815,173,49,49,1,0,0,0,0,0,0,6,7,12,3," $74,485.00 ","","","0",79,"56+"
6205,1967,Master,Single,,1,0,"02-24-2014",13,0,34,3,29,0,4,10,3,0,0,0,0,0,1,2,1,3,5," $32,557.00 ","","","1",59,"56+"
6211,1976,PhD,Together,,1,0,"02-05-2014",47,0,18,0,9,0,1,11,1,0,0,0,0,0,0,1,0,3,6," $37,395.00 ","","","0",50,"46-55"
6214,1982,Master,Married,,1,0,"05-04-2013",53,0,14,10,29,4,7,15,1,0,0,0,0,0,0,2,0,3,6," $43,815.00 ","","","0",44,"36-45"
6215,1977,Graduation,Married,,1,1,"12-29-2013",24,0,10,0,10,3,1,7,2,0,0,0,0,0,1,1,1,2,8," $31,353.00 ","","","1",49,"46-55"
6218,1965,Graduation,Married,,0,1,"10-20-2012",74,0,457,4,29,0,0,9,1,0,0,0,1,0,0,8,1,7,7," $59,594.00 ","","","1",61,"56+"
6222,1967,Graduation,Married,,2,1,"10-28-2013",28,0,25,0,8,2,0,2,2,0,0,0,0,0,0,2,0,3,7," $22,574.00 ","","","0",59,"56+"
6230,1971,Graduation,Divorced,,1,1,"02-15-2013",53,0,110,5,59,7,1,7,5,0,0,0,0,0,0,5,0,4,8," $44,421.00 ","","","0",55,"46-55"
6233,1976,Graduation,Married,,0,1,"07-09-2012",21,0,507,19,364,25,47,9,3,0,0,0,0,0,0,9,5,10,7," $65,991.00 ","","","0",50,"46-55"
6237,1966,PhD,Single,,0,2,"07-12-2013",92,0,81,4,33,5,2,291,0,0,0,0,0,0,0,23,1,1,0," $7,144.00 ","","","0",60,"56+"
6245,1950,PhD,Together,,0,1,"06-13-2013",71,0,378,14,68,19,14,14,2,0,0,0,0,0,0,3,5,8,3," $59,292.00 ","","","0",76,"56+"
6246,1953,Graduation,Single,,0,0,"11-13-2013",40,0,703,102,601,0,58,43,1,0,0,0,0,0,1,3,11,8,1," $73,892.00 ","","","1",73,"56+"
6248,1947,Master,Single,,0,0,"10-17-2013",47,0,1276,24,746,94,29,48,0,0,0,0,0,1,1,9,7,11,3," $91,712.00 ","","","2",79,"56+"
6250,1949,PhD,Widow,,0,1,"11-19-2012",62,0,710,15,30,20,0,0,3,0,0,0,0,0,1,11,2,8,8," $54,356.00 ","","","1",77,"56+"
6255,1952,Master,Together,,0,1,"03-06-2014",29,0,138,39,63,55,18,21,1,0,0,0,0,0,0,4,1,7,2," $70,545.00 ","","","0",74,"56+"
6257,1976,Master,Single,,0,1,"01-23-2013",81,0,255,43,134,37,14,24,1,0,0,0,0,0,0,7,2,7,7," $60,482.00 ","","","0",50,"46-55"
6260,1955,Master,Together,,0,0,"11-19-2012",55,0,984,51,432,180,120,190,1,0,0,0,0,1,1,3,10,13,1," $82,384.00 ","","","2",71,"56+"
6261,1979,Graduation,Married,,0,1,"11-26-2013",81,0,270,31,88,11,48,22,3,0,0,0,0,0,0,3,2,10,4," $58,025.00 ","","","0",47,"46-55"
6262,1962,Master,Single,,0,0,"10-04-2013",93,0,816,42,450,55,56,154,1,0,0,0,0,0,0,3,10,8,2," $72,217.00 ","","","0",64,"56+"
6263,1968,Graduation,Together,,1,2,"08-22-2012",34,0,28,9,37,12,7,13,3,0,0,0,0,0,0,2,0,4,8," $35,322.00 ","","","0",58,"56+"
6271,1952,PhD,Married,,0,1,"06-19-2014",13,0,53,0,8,0,0,2,1,0,0,0,0,0,0,2,0,3,5," $50,870.00 ","","","0",74,"56+"
6274,1948,Master,Married,,0,0,"11-15-2013",81,0,1076,16,417,42,48,16,1,0,0,0,1,1,0,8,10,6,3," $83,790.00 ","","","2",78,"56+"
6281,1966,Graduation,Divorced,,0,1,"02-14-2013",27,0,673,0,199,37,47,26,2,0,0,1,0,0,0,6,3,5,4," $55,686.00 ","","","1",60,"56+"
6283,1968,Master,Divorced,,0,1,"04-21-2013",64,0,635,15,100,20,7,131,1,0,0,0,0,0,0,9,3,9,6," $63,841.00 ","","","0",58,"56+"
6287,1986,Graduation,Together,,1,0,"07-30-2013",2,0,14,0,16,0,0,6,1,0,0,0,0,0,1,1,1,2,6," $34,728.00 ","","","1",40,"36-45"
6289,1951,Master,Together,,1,1,"04-28-2013",85,0,135,0,10,0,4,36,2,0,0,0,0,0,0,3,1,4,5," $59,385.00 ","","","0",75,"56+"
6292,1986,PhD,Married,,0,0,"03-30-2013",60,0,1311,0,359,46,89,17,1,0,0,0,0,1,1,4,3,10,2," $82,333.00 ","","","2",40,"36-45"
6295,1977,Graduation,Married,,0,1,"04-02-2013",46,0,652,8,158,21,0,142,4,0,0,0,0,0,0,11,6,5,8," $54,233.00 ","","","0",49,"46-55"
6299,1968,PhD,Divorced,,0,1,"02-01-2013",28,0,324,48,186,39,18,198,6,0,0,1,0,0,1,6,8,4,7," $42,564.00 ","","","2",58,"56+"
6303,1986,PhD,Together,,0,0,"11-23-2013",72,0,410,73,747,76,161,30,0,0,0,0,0,0,0,5,5,12,1," $91,820.00 ","","","0",40,"36-45"
6310,1978,Graduation,Married,,1,0,"09-09-2013",4,0,30,8,12,8,8,12,1,0,0,0,0,0,0,2,0,4,5," $33,039.00 ","","","0",48,"46-55"
6312,1959,Graduation,Married,,0,1,"03-17-2013",29,0,258,107,291,84,37,86,4,0,0,0,0,0,0,10,3,13,7," $65,031.00 ","","","0",67,"56+"
6318,1988,Graduation,Married,,0,0,"01-13-2013",48,0,758,12,385,33,89,89,1,0,0,0,0,0,0,9,7,13,4," $68,487.00 ","","","0",38,"36-45"
6320,1976,Master,Single,,0,0,"06-02-2013",42,0,768,44,561,77,44,14,1,0,0,0,0,0,0,6,6,10,3," $70,893.00 ","","","0",50,"46-55"
6327,1967,Graduation,Together,,0,0,"12-19-2013",87,0,565,32,435,28,32,54,1,0,0,0,0,0,0,2,8,6,1," $65,777.00 ","","","0",59,"56+"
6336,1960,Graduation,Married,,1,1,"06-04-2014",55,0,13,2,14,8,7,4,4,0,0,0,0,0,0,2,0,4,6," $29,315.00 ","","","0",66,"56+"
6340,1985,Graduation,Single,,1,0,"10-27-2013",52,0,3,3,7,0,2,11,2,0,0,0,0,0,0,1,0,3,6," $29,938.00 ","","","0",41,"36-45"
6343,1959,Graduation,Married,,0,1,"03-31-2014",6,0,835,73,380,114,73,43,1,0,0,0,1,0,0,6,9,7,2," $79,823.00 ","","","1",67,"56+"
6347,1979,Basic,Single,,1,0,"06-27-2013",26,0,1,1,4,11,9,10,1,0,0,0,0,0,0,1,0,3,8," $15,862.00 ","","","0",47,"46-55"
6349,1987,Master,Divorced,,0,0,"06-07-2013",71,0,621,73,414,78,48,85,1,0,0,0,0,0,0,8,4,6,5," $61,787.00 ","","","0",39,"36-45"
6354,1984,Graduation,Together,,1,0,"08-31-2012",51,0,5,2,16,3,2,19,2,0,0,0,0,0,1,1,1,2,8," $15,345.00 ","","","1",42,"36-45"
6355,1978,Graduation,Married,,1,1,"06-17-2014",19,0,20,0,14,7,3,1,3,0,0,0,0,0,0,2,0,4,3," $44,359.00 ","","","0",48,"46-55"
6357,1959,"2n Cycle",Divorced,,0,1,"11-17-2013",29,0,230,35,75,63,57,31,3,0,0,0,0,0,0,7,1,7,5," $59,052.00 ","","","0",67,"56+"
6365,1987,"2n Cycle",Married,,0,0,"02-09-2013",5,0,10,12,12,25,1,20,1,0,0,0,0,0,0,2,0,3,6," $30,390.00 ","","","0",39,"36-45"
6374,1954,PhD,Married,,0,1,"05-17-2013",50,0,223,2,31,0,2,39,5,0,0,0,0,0,0,5,2,4,8," $36,930.00 ","","","0",72,"56+"
6376,1979,Graduation,Single,,1,0,"10-06-2013",83,0,191,56,139,51,8,100,4,0,0,0,0,0,0,4,3,8,4," $57,537.00 ","","","0",47,"46-55"
6379,1949,Master,Widow,,1,1,"05-29-2013",3,0,67,1,20,0,2,31,3,0,0,0,0,0,1,2,2,2,7," $47,570.00 ","","","1",77,"56+"
6382,1953,Graduation,Together,,1,1,"06-26-2014",97,0,25,0,11,3,0,15,1,0,0,0,0,0,0,1,0,3,4," $48,794.00 ","","","0",73,"56+"
6383,1971,PhD,Together,,1,0,"05-25-2014",78,0,26,0,15,2,1,2,2,0,0,0,0,0,0,3,0,3,8," $32,892.00 ","","","0",55,"46-55"
6384,1978,Graduation,Divorced,,0,1,"11-02-2014",30,0,909,12,278,0,12,242,3,0,0,1,0,0,0,5,2,11,8," $71,022.00 ","","","1",48,"46-55"
6387,1976,PhD,Together,,1,1,"08-05-2014",39,0,42,0,17,0,0,18,3,0,0,1,0,0,0,2,1,3,5," $52,190.00 ","","","1",50,"46-55"
6398,1974,Basic,Married,,1,0,"03-29-2014",2,0,7,10,13,16,0,4,2,0,0,0,0,0,0,3,0,3,8," $18,393.00 ","","","0",52,"46-55"
6404,1969,Graduation,Together,,1,2,"03-24-2013",10,0,151,7,89,0,7,28,5,0,0,0,0,0,0,4,1,6,5," $58,917.00 ","","","0",57,"56+"
6406,1988,Master,Married,,0,0,"10-28-2013",13,0,647,107,391,175,67,40,1,0,0,0,0,0,0,6,4,10,3," $78,285.00 ","","","0",38,"36-45"
6409,1967,Graduation,Divorced,,0,0,"05-18-2013",18,0,267,140,599,34,12,127,1,0,0,0,0,0,1,7,5,7,6," $57,136.00 ","","","1",59,"56+"
6417,1971,Master,Together,,0,0,"10-14-2012",85,0,829,138,430,60,92,15,1,0,0,0,0,0,0,4,6,13,2," $80,573.00 ","","","0",55,"46-55"
6421,1961,Graduation,Together,,0,0,"03-07-2013",32,0,1050,178,555,77,138,118,1,1,0,0,0,0,0,4,7,9,1," $88,347.00 ","","","1",65,"56+"
6422,1954,Graduation,Married,,0,0,"01-17-2013",20,0,344,189,482,50,33,172,1,0,0,0,0,0,0,5,6,5,2," $86,718.00 ","","","0",72,"56+"
6424,1977,Graduation,Together,,1,0,"01-30-2014",9,0,12,6,2,11,2,16,1,0,0,0,0,0,0,1,0,3,4," $33,178.00 ","","","0",49,"46-55"
6428,1950,PhD,Widow,,0,0,"03-05-2014",37,0,605,10,345,84,54,32,1,0,0,0,0,0,0,1,8,7,0," $76,842.00 ","","","0",76,"56+"
6431,1964,PhD,Married,,1,1,"02-23-2013",13,0,42,1,18,3,0,4,2,0,0,0,0,0,0,2,0,3,7," $45,759.00 ","","","0",62,"56+"
6437,1985,"2n Cycle",Single,,1,0,"06-19-2013",80,0,21,8,20,15,3,9,1,0,0,0,0,0,0,2,0,3,7," $41,473.00 ","","","0",41,"36-45"
6439,1958,Graduation,Married,,0,1,"08-17-2012",37,0,789,0,133,0,28,152,7,0,0,0,0,0,0,11,5,8,7," $61,074.00 ","","","0",68,"56+"
6445,1967,Graduation,Together,,0,0,"07-14-2013",73,0,243,101,405,29,40,40,1,0,0,0,0,0,0,4,5,6,2," $66,825.00 ","","","0",59,"56+"
6457,1976,Graduation,Divorced,,0,1,"05-29-2014",77,0,527,24,230,32,24,65,2,0,0,0,0,0,0,6,4,12,4," $64,892.00 ","","","0",50,"46-55"
6460,1982,Graduation,Married,,1,0,"07-13-2013",78,0,12,4,6,11,8,16,2,0,0,0,0,0,0,2,0,3,8," $28,718.00 ","","","0",44,"36-45"
6461,1969,Master,Single,,0,1,"05-19-2013",74,0,581,49,157,43,8,108,1,0,0,0,1,0,0,5,6,11,2," $62,772.00 ","","","1",57,"56+"
6466,1965,PhD,Married,,1,1,"12-03-2014",22,0,105,0,9,2,1,4,3,0,0,0,0,0,0,2,1,4,3," $57,236.00 ","","","0",61,"56+"
6471,1971,Master,Single,,1,0,"10-17-2013",17,0,14,2,30,8,2,3,1,0,0,0,0,0,0,2,0,4,5," $36,230.00 ","","","0",55,"46-55"
6488,1959,PhD,Married,,0,1,"06-04-2014",86,0,76,0,7,0,0,16,1,0,0,0,0,0,0,3,2,2,5," $38,829.00 ","","","0",67,"56+"
6497,1960,Graduation,Married,,0,1,"07-11-2012",32,0,293,6,23,13,6,92,4,0,0,0,0,0,0,6,2,5,8," $51,651.00 ","","","0",66,"56+"
6504,1975,"2n Cycle",Together,,1,0,"11-20-2013",24,0,2,5,9,28,6,28,3,0,0,1,0,0,0,2,1,3,5," $19,789.00 ","","","1",51,"46-55"
6507,1980,Graduation,Single,,1,0,"04-10-2013",16,0,16,11,15,2,0,12,2,0,0,0,0,0,0,1,1,4,3," $30,828.00 ","","","0",46,"46-55"
6515,1977,Graduation,Together,,1,0,"06-12-2013",92,0,6,2,18,2,8,14,1,0,0,0,0,0,0,2,0,3,4," $39,771.00 ","","","0",49,"46-55"
6516,1989,Basic,Married,,1,0,"03-18-2013",37,0,0,0,1,7,4,6,1,0,0,0,0,0,0,1,0,2,7," $17,487.00 ","","","0",37,"36-45"
6518,1951,PhD,Widow,,0,1,"11-06-2013",8,0,546,0,48,0,6,6,1,0,0,0,0,0,0,7,3,8,5," $67,680.00 ","","","0",75,"56+"
6521,1954,Graduation,Together,,0,0,"03-18-2014",18,0,613,22,319,33,102,12,1,0,0,0,0,0,0,4,6,9,1," $77,972.00 ","","","0",72,"56+"
6528,1982,Master,Together,,1,0,"05-06-2014",75,0,2,2,2,2,1,1,1,0,0,0,0,0,0,1,0,2,8," $18,492.00 ","","","0",44,"36-45"
6534,1974,Graduation,Together,,1,0,"04-01-2014",94,0,29,0,29,0,5,4,1,0,0,0,0,0,0,2,0,3,5," $47,889.00 ","","","0",52,"46-55"
6543,1945,Master,Together,,0,0,"01-15-2013",45,0,521,168,706,80,76,61,1,0,0,0,0,0,0,3,6,4,2," $62,847.00 ","","","0",81,"56+"
6544,1949,PhD,Together,,0,1,"05-22-2014",63,0,529,0,356,63,28,0,3,0,0,0,0,0,0,6,7,11,3," $67,911.00 ","","","0",77,"56+"
6565,1949,Master,Married,,0,1,"03-28-2013",91,0,1012,80,498,0,16,176,2,1,0,0,0,0,0,11,4,9,5," $76,995.00 ","","","1",77,"56+"
6566,1954,PhD,Married,,1,1,"08-11-2012",39,0,826,50,317,50,38,38,9,0,0,0,0,0,0,5,2,12,8," $72,550.00 ","","","0",72,"56+"
6568,1984,Graduation,Married,,1,0,"03-28-2013",97,0,11,0,36,15,5,12,1,0,0,0,0,0,0,2,0,3,7," $38,680.00 ","","","0",42,"36-45"
6575,1981,Graduation,Together,,1,1,"10-27-2012",51,0,230,48,214,13,32,75,8,0,0,0,0,0,0,9,1,7,9," $56,386.00 ","","","0",45,"36-45"
6583,1955,"2n Cycle",Married,,0,0,"03-06-2013",54,0,390,22,323,104,35,107,1,1,0,0,0,0,0,6,8,6,3," $72,635.00 ","","","1",71,"56+"
6605,1944,PhD,Divorced,,0,0,"11-27-2013",85,0,504,13,131,8,0,26,1,0,0,0,1,0,0,9,4,6,7," $55,614.00 ","","","1",82,"56+"
6606,1969,Master,Married,,1,0,"03-31-2013",11,0,964,34,137,15,0,11,2,0,0,0,1,0,0,5,2,10,8," $70,091.00 ","","","1",57,"56+"
6609,1966,Graduation,Widow,,0,0,"09-18-2012",64,0,1,26,25,17,23,15,1,0,0,0,0,0,1,3,0,3,9," $27,038.00 ","","","1",60,"56+"
6613,1970,Master,Married,,1,0,"12-10-2012",39,0,513,7,133,46,14,14,6,0,0,0,0,0,0,8,4,8,8," $44,511.00 ","","","0",56,"56+"
6616,1975,Graduation,Together,,0,1,"10-23-2013",47,0,178,3,85,71,66,58,2,0,0,0,0,0,0,3,3,8,2," $59,481.00 ","","","0",51,"46-55"
6619,1978,Graduation,Married,,1,1,"02-01-2013",91,0,22,1,13,4,0,4,2,0,0,0,0,0,0,1,0,3,7," $38,415.00 ","","","0",48,"46-55"
6634,1979,Master,Divorced,,1,0,"07-08-2013",78,0,22,3,18,0,0,11,1,0,0,0,0,0,0,2,0,3,7," $33,462.00 ","","","0",47,"46-55"
6637,1988,Graduation,Single,,0,0,"02-11-2013",46,0,277,162,305,173,76,124,1,0,0,0,0,0,0,3,4,7,1," $66,951.00 ","","","0",38,"36-45"
6642,1961,Graduation,Divorced,,2,1,"01-23-2013",50,0,30,5,22,8,9,28,4,0,0,0,0,0,0,2,1,4,6," $27,215.00 ","","","0",65,"56+"
6646,1984,Graduation,Together,,1,0,"01-03-2014",23,0,3,0,5,13,0,1,1,0,0,0,0,0,0,1,0,3,6," $16,529.00 ","","","0",42,"36-45"
6652,1965,Graduation,Married,,0,0,"09-06-2014",28,0,227,151,573,98,54,31,1,0,0,0,0,0,0,3,4,9,1," $77,343.00 ","","","0",61,"56+"
6653,1970,PhD,Married,,1,1,"07-30-2012",72,0,293,0,87,4,11,23,4,0,0,0,0,0,1,7,2,5,7," $55,158.00 ","","","1",56,"56+"
6658,1972,Graduation,Together,,0,1,"07-22-2013",37,0,771,51,154,54,10,154,7,0,0,0,0,0,0,11,2,12,6," $59,868.00 ","","","0",54,"46-55"
6661,1974,Graduation,Married,,0,1,"12-08-2012",63,0,757,80,217,29,80,11,5,0,0,0,0,0,0,9,6,12,6," $67,445.00 ","","","0",52,"46-55"
6663,1940,PhD,Single,,0,0,"08-07-2013",96,0,144,0,7,0,0,6,1,0,0,0,0,0,0,3,1,4,5," $51,141.00 ","","","0",86,"56+"
6673,1965,Graduation,Single,,0,0,"03-19-2013",51,0,28,6,27,12,17,39,1,0,0,0,0,0,0,3,0,3,8," $23,478.00 ","","","0",61,"56+"
6678,1989,Graduation,Together,,1,0,"03-28-2014",5,0,33,4,24,4,2,5,2,0,0,0,0,0,0,3,0,4,7," $31,928.00 ","","","0",37,"36-45"
6679,1966,Graduation,Single,,0,0,"12-06-2014",29,0,10,3,3,0,0,0,1,0,0,0,0,0,0,0,0,3,3," $33,279.00 ","","","0",60,"56+"
6682,1973,Basic,Married,,1,0,"11-12-2012",41,0,2,8,1,4,7,15,1,0,0,0,0,0,0,1,0,3,8," $18,978.00 ","","","0",53,"46-55"
6690,1966,Master,Married,,1,1,"03-14-2013",30,0,38,4,22,4,2,20,4,0,0,0,0,0,0,3,1,3,7," $38,179.00 ","","","0",60,"56+"
6694,1964,Graduation,Married,,0,1,"11-25-2013",27,0,438,66,400,12,38,114,1,0,0,0,0,0,0,8,3,13,4," $75,236.00 ","","","0",62,"56+"
6710,1951,Master,Single,,2,1,"11-17-2012",84,0,68,1,13,3,5,13,1,0,0,0,0,0,0,2,0,4,6," $58,217.00 ","","","0",75,"56+"
6715,1948,PhD,Single,,0,1,"02-01-2013",3,0,502,19,132,0,6,26,6,0,0,0,0,0,0,6,2,11,6," $60,200.00 ","","","0",78,"56+"
6720,1968,Master,Together,,0,1,"10-16-2013",11,0,314,11,53,4,3,107,3,0,0,0,1,0,1,7,3,4,7," $43,795.00 ","","","2",58,"56+"
6721,1951,Graduation,Married,,0,1,"07-29-2013",21,0,572,19,286,50,38,248,3,0,0,0,0,0,0,6,3,5,3," $71,965.00 ","","","0",75,"56+"
6722,1954,PhD,Married,,0,1,"06-28-2014",98,0,479,28,136,75,14,35,3,0,0,0,0,0,0,10,3,7,6," $70,421.00 ","","","0",72,"56+"
6728,1985,Graduation,Together,,1,0,"08-27-2012",38,0,16,0,17,6,3,6,2,0,0,0,0,0,0,1,0,3,9," $29,103.00 ","","","0",41,"36-45"
6729,1988,Graduation,Single,,0,0,"10-08-2012",95,0,456,19,832,75,118,38,1,0,0,0,0,0,0,4,5,11,3," $68,655.00 ","","","0",38,"36-45"
6730,1954,Graduation,Married,,1,1,"03-11-2012",92,1,34,1,14,0,0,5,3,0,0,0,0,0,0,2,0,3,8," $38,998.00 ","","","0",72,"56+"
6742,1979,Graduation,Married,,1,0,"01-13-2013",82,1,2,2,1,3,1,2,1,0,0,0,0,0,0,1,0,2,8," $17,688.00 ","","","0",47,"46-55"
6749,1966,Graduation,Single,,1,1,"08-08-2012",78,0,957,47,494,82,47,95,4,0,0,0,0,0,0,5,3,6,8," $86,358.00 ","","","0",60,"56+"
6768,1962,Graduation,Divorced,,1,2,"12-01-2013",75,0,22,1,8,2,1,2,2,0,0,0,0,0,0,1,0,3,8," $37,859.00 ","","","0",64,"56+"
6770,1985,Graduation,Married,,1,0,"08-20-2013",5,0,5,13,14,0,5,31,2,0,0,1,0,0,1,2,1,2,6," $21,355.00 ","","","2",41,"36-45"
6798,1966,Graduation,Single,,1,1,"03-20-2013",30,0,231,7,137,4,15,39,9,0,0,0,0,0,1,5,1,8,7," $37,070.00 ","","","1",60,"56+"
6810,1983,Graduation,Divorced,,0,0,"05-28-2013",76,0,267,98,606,48,70,98,1,0,0,0,0,1,1,3,2,6,1," $82,025.00 ","","","2",43,"36-45"
6815,1980,"2n Cycle",Married,,0,0,"05-23-2014",4,0,448,21,125,52,101,62,0,1,0,1,0,1,1,7,6,8,2," $96,547.00 ","","","4",46,"46-55"
6818,1974,Graduation,Married,,0,1,"12-09-2012",26,0,98,0,106,49,10,106,5,0,0,0,0,0,0,5,1,5,6," $44,989.00 ","","","0",52,"46-55"
6825,1953,Graduation,Together,,1,1,"06-03-2013",86,0,13,0,3,0,0,0,1,0,0,0,0,0,0,1,0,2,7," $41,452.00 ","","","0",73,"56+"
6853,1982,Master,Single,,0,0,"04-07-2013",12,0,712,26,538,69,13,80,1,0,0,0,1,1,1,3,6,11,1," $75,777.00 ","","","3",44,"36-45"
6856,1979,Graduation,Together,,1,0,"03-09-2012",75,0,14,0,23,4,5,19,3,0,0,0,0,0,1,3,0,3,9," $21,645.00 ","","","1",47,"46-55"
6859,1987,Graduation,Single,,1,0,"08-10-2013",30,0,37,4,24,16,9,9,2,0,0,0,0,0,0,4,0,3,9," $29,236.00 ","","","0",39,"36-45"
6862,1971,Graduation,Divorced,,0,0,"05-18-2014",65,0,1,1,3,1,1,1,15,0,0,0,0,0,0,0,0,0,20," $1,730.00 ","","","0",55,"46-55"
6864,1989,Master,Divorced,,0,0,"05-22-2014",34,0,8,4,10,2,2,4,2,0,0,0,0,0,0,3,0,3,5," $10,979.00 ","","","0",37,"36-45"
6866,1969,Master,Together,,1,1,"03-23-2014",56,0,8,0,14,2,3,7,1,0,0,0,0,0,0,1,0,3,5," $35,924.00 ","","","0",57,"56+"
6870,1959,PhD,Divorced,,0,1,"09-17-2013",73,0,182,2,49,17,13,20,1,0,0,0,0,0,0,3,1,7,2," $68,805.00 ","","","0",67,"56+"
6872,1974,PhD,Married,,0,1,"08-21-2013",43,0,284,3,84,4,7,23,2,0,0,0,0,0,0,4,2,8,4," $65,352.00 ","","","0",52,"46-55"
6875,1965,PhD,Together,,0,0,"08-28-2012",38,0,167,13,180,86,13,70,2,0,0,0,0,0,0,7,3,5,8," $32,727.00 ","","","0",61,"56+"
6878,1954,Graduation,Widow,,0,0,"12-12-2012",14,0,43,12,96,78,40,55,3,0,0,0,0,0,0,4,1,6,7," $27,421.00 ","","","0",72,"56+"
6885,1977,Graduation,Divorced,,1,0,"01-12-2013",36,0,38,0,12,3,1,1,1,0,0,0,0,0,0,2,0,3,7," $32,952.00 ","","","0",49,"46-55"
6887,1967,Graduation,Single,,1,1,"04-24-2014",33,0,245,16,223,21,43,16,2,0,0,0,0,0,0,8,1,8,6," $79,146.00 ","","","0",59,"56+"
6892,1968,Graduation,Divorced,,0,1,"03-06-2014",23,0,641,7,56,0,0,28,8,1,0,0,1,0,0,10,4,6,8," $61,671.00 ","","","2",58,"56+"
6905,1994,Graduation,Together,,0,0,"08-22-2012",55,0,241,45,604,34,26,54,1,0,0,0,0,0,0,6,4,10,2," $80,685.00 ","","","0",32,"26-35"
6906,1953,Master,Widow,,0,0,"03-06-2013",73,0,167,48,602,63,72,72,1,1,0,0,1,1,1,3,10,4,2," $84,953.00 ","","","4",73,"56+"
6912,1967,PhD,Married,,0,2,"08-20-2013",60,0,593,30,91,29,22,7,1,0,0,0,0,0,0,6,3,12,4," $63,246.00 ","","","0",59,"56+"
6918,1989,Graduation,Married,,1,0,"04-07-2013",56,0,5,4,13,8,0,4,1,0,0,0,0,0,0,1,0,3,8," $28,691.00 ","","","0",37,"36-45"
6919,1978,"2n Cycle",Married,,1,0,"04-06-2013",39,0,4,7,15,13,9,15,3,0,0,0,0,0,0,2,1,3,6," $26,224.00 ","","","0",48,"46-55"
6927,1968,PhD,Married,,1,1,"05-10-2012",70,0,224,0,30,0,0,10,8,0,0,0,0,0,0,5,1,5,8," $44,377.00 ","","","0",58,"56+"
6931,1967,Graduation,Divorced,,0,0,"02-15-2014",19,0,464,151,292,65,60,30,1,0,0,0,0,1,1,8,3,4,4," $76,982.00 ","","","2",59,"56+"
6932,1941,PhD,Married,,0,0,"04-13-2013",77,0,1285,42,716,55,0,21,0,0,0,0,0,1,0,7,10,5,2," $93,027.00 ","","","1",85,"56+"
6935,1951,"2n Cycle",Married,,0,0,"01-12-2013",44,0,207,26,447,75,0,223,1,1,0,0,0,0,0,5,7,12,2," $78,497.00 ","","","1",75,"56+"
6940,1966,PhD,Single,,1,2,"10-21-2013",86,0,100,1,39,6,1,76,4,0,0,1,0,0,0,3,2,3,6," $46,734.00 ","","","1",60,"56+"
6941,1971,Graduation,Single,,0,0,"07-14-2013",92,0,17,8,12,11,15,32,1,0,0,0,0,0,0,2,1,2,7," $31,632.00 ","","","0",55,"46-55"
6945,1952,Graduation,Single,,0,0,"04-06-2013",72,0,387,20,713,38,54,163,1,0,0,0,0,0,0,9,11,11,5," $84,574.00 ","","","0",74,"56+"
6950,1958,Master,Married,,1,1,"12-15-2013",25,0,35,1,16,0,1,1,2,0,0,0,0,0,0,2,0,3,7," $49,572.00 ","","","0",68,"56+"
6958,1977,Master,Married,,1,0,"05-07-2013",42,0,14,0,4,0,0,8,1,0,0,0,0,0,0,1,1,2,6," $27,889.00 ","","","0",49,"46-55"
6961,1974,Graduation,Married,,2,0,"05-22-2014",26,0,1,1,5,0,3,1,1,0,0,0,0,0,0,1,0,2,8," $26,751.00 ","","","0",52,"46-55"
6963,1947,Graduation,Single,,0,0,"05-03-2014",85,0,675,11,400,15,45,11,1,0,0,0,0,1,0,2,5,10,1," $77,457.00 ","","","1",79,"56+"
6969,1982,Graduation,Together,,1,0,"07-08-2013",75,0,99,13,66,43,8,4,3,0,0,0,0,0,0,4,1,5,7," $50,272.00 ","","","0",44,"36-45"
6974,1972,PhD,Together,,0,0,"12-31-2013",89,0,518,42,742,55,56,84,1,0,0,0,0,0,0,6,10,5,2," $83,443.00 ","","","0",54,"46-55"
6977,1974,Graduation,Together,,0,1,"10-14-2012",87,0,1073,0,629,145,37,37,1,0,0,0,0,1,0,10,5,13,6," $75,702.00 ","","","1",52,"46-55"
6982,1976,Graduation,Married,,0,0,"03-19-2013",14,0,783,30,537,140,76,15,1,0,0,0,0,0,0,4,10,9,2," $74,068.00 ","","","0",50,"46-55"
6983,1950,Master,Divorced,,1,1,"01-05-2014",24,0,23,2,17,2,1,0,2,0,0,0,0,0,0,2,0,3,7," $38,054.00 ","","","0",76,"56+"
6988,1986,Graduation,Married,,1,0,"10-01-2013",93,0,656,80,455,52,107,93,2,0,0,1,0,1,0,8,4,8,4," $71,952.00 ","","","2",40,"36-45"
6991,1951,Graduation,Divorced,,0,1,"10-04-2013",88,0,537,6,42,16,6,30,2,0,0,0,0,0,0,9,3,6,8," $43,185.00 ","","","0",75,"56+"
6999,1980,Master,Married,,0,0,"05-13-2014",80,0,656,16,106,32,16,8,1,0,0,0,0,0,0,7,3,12,3," $69,661.00 ","","","0",46,"46-55"
7000,1972,"2n Cycle",Single,,0,0,"10-13-2013",18,0,279,172,74,38,8,246,1,0,0,0,0,0,0,2,10,10,1," $65,704.00 ","","","0",54,"46-55"
7002,1955,Graduation,Single,,0,1,"03-10-2013",13,0,163,48,90,0,45,52,1,0,0,0,0,0,0,3,2,8,3," $62,535.00 ","","","0",71,"56+"
7004,1984,Graduation,Single,,1,0,"03-16-2013",82,0,24,3,26,7,1,23,3,0,0,1,0,0,0,3,1,2,9," $11,012.00 ","","","1",42,"36-45"
7005,1981,Graduation,Single,,0,0,"06-16-2014",71,0,479,35,179,28,7,85,1,0,0,0,1,0,0,5,3,12,2," $58,684.00 ","","","1",45,"36-45"
7007,1968,Master,Married,,2,0,"01-04-2014",47,0,17,3,18,3,4,18,2,0,0,0,0,0,0,3,1,2,7," $29,543.00 ","","","0",58,"56+"
7010,1965,"2n Cycle",Married,,0,0,"07-04-2014",41,0,635,114,254,132,152,76,1,0,0,0,0,1,0,6,6,7,3," $70,924.00 ","","","1",61,"56+"
7011,1973,Graduation,Married,,1,0,"12-10-2012",47,0,43,2,27,0,9,12,3,0,0,0,0,0,0,3,0,4,7," $33,471.00 ","","","0",53,"46-55"
7019,1963,Graduation,Together,,1,1,"01-23-2013",49,0,109,18,16,24,26,18,4,0,0,0,0,0,0,3,1,5,4," $54,414.00 ","","","0",63,"56+"
7022,1971,Graduation,Married,,1,0,"09-28-2012",2,0,739,107,309,140,80,35,1,0,0,0,0,0,0,2,5,13,6," $76,445.00 ","","","0",55,"46-55"
7023,1953,PhD,Single,,2,1,"11-26-2012",87,0,189,2,55,0,5,12,4,0,0,0,0,0,0,6,1,4,9," $46,231.00 ","","","0",73,"56+"
7030,1955,PhD,Married,,0,1,"03-30-2013",1,0,1200,0,204,38,29,14,3,1,0,0,0,0,0,11,9,12,6," $66,465.00 ","","","1",71,"56+"
7034,1978,"2n Cycle",Married,,1,0,"01-09-2013",34,0,8,7,9,13,6,12,2,0,0,0,0,0,0,2,0,3,8," $25,804.00 ","","","0",48,"46-55"
7037,1974,PhD,Married,,1,0,"11-08-2013",50,0,194,55,134,15,0,3,3,0,0,0,0,0,0,4,2,8,6," $37,087.00 ","","","0",52,"46-55"
7042,1983,Graduation,Married,,0,0,"01-03-2013",14,0,3,3,14,15,21,10,1,0,0,0,0,0,1,2,1,2,9," $36,790.00 ","","","1",43,"36-45"
7053,1966,PhD,Single,,0,0,"06-29-2013",75,0,604,28,674,91,28,28,1,0,0,0,0,0,0,3,10,8,1," $78,420.00 ","","","0",60,"56+"
7055,1952,PhD,Together,,0,1,"09-10-2012",57,0,888,0,57,0,0,76,2,0,0,0,0,0,0,8,5,11,5," $61,010.00 ","","","0",74,"56+"
7059,1963,Graduation,Married,,0,0,"06-26-2014",47,0,483,84,398,205,84,241,1,0,0,1,0,0,0,3,7,8,1," $80,124.00 ","","","1",63,"56+"
7072,1973,Graduation,Married,,0,1,"03-29-2013",69,0,432,79,341,177,136,170,2,0,0,0,0,0,0,8,5,4,4," $67,432.00 ","","","0",53,"46-55"
7079,1962,Graduation,Divorced,,0,1,"08-09-2012",38,0,897,23,207,15,11,92,5,0,0,0,0,0,0,9,6,12,6," $63,887.00 ","","","0",64,"56+"
7093,1985,Graduation,Married,,1,0,"11-14-2013",74,0,3,6,5,0,2,6,1,0,0,0,0,0,0,0,0,3,7," $19,986.00 ","","","0",41,"36-45"
7094,1975,Graduation,Widow,,0,1,"12-25-2013",87,0,445,53,213,104,98,151,1,0,0,0,0,0,0,6,4,13,4," $58,330.00 ","","","0",51,"46-55"
7101,1963,PhD,Widow,,0,1,"01-25-2013",24,0,953,0,71,0,0,174,6,0,0,0,0,0,0,10,5,10,8," $52,278.00 ","","","0",63,"56+"
7106,1943,PhD,Married,,0,0,"03-31-2014",73,0,483,0,591,156,0,12,1,0,0,0,0,0,0,3,5,10,1," $75,865.00 ","","","0",83,"56+"
7108,1965,Master,Widow,,1,1,"08-09-2012",54,0,205,20,47,23,2,56,6,0,0,0,0,0,0,5,2,5,5," $51,390.00 ","","","0",61,"56+"
7118,1957,Graduation,Married,,0,1,"01-08-2012",61,0,833,80,363,52,26,174,2,0,0,1,0,0,1,9,5,6,6," $73,803.00 ","","","2",69,"56+"
7119,1982,Graduation,Single,,0,0,"12-01-2013",45,0,395,15,263,60,54,38,1,0,0,0,0,0,0,2,3,6,1," $68,627.00 ","","","0",44,"36-45"
7124,1968,Graduation,Divorced,,1,1,"01-02-2013",72,0,43,4,12,8,0,27,5,0,0,0,0,0,0,2,1,4,5," $36,997.00 ","","","0",58,"56+"
7128,1977,PhD,Single,,1,1,"07-12-2013",91,0,4,0,5,0,1,5,1,0,0,0,0,0,0,1,0,2,7," $42,997.00 ","","","0",49,"46-55"
7129,1962,PhD,Married,,0,1,"02-17-2013",72,0,686,17,142,23,26,35,8,0,0,0,0,0,0,6,4,13,6," $54,693.00 ","","","0",64,"56+"
7141,1986,Master,Single,,1,0,"12-29-2012",15,0,88,10,46,2,3,64,4,0,0,0,0,0,1,5,1,2,10," $21,888.00 ","","","1",40,"36-45"
7143,1955,"2n Cycle",Together,,0,1,"06-11-2013",14,0,209,162,209,41,162,37,5,0,0,0,0,0,0,4,7,10,2," $74,805.00 ","","","0",71,"56+"
7152,1983,Master,Married,,1,0,"05-04-2013",64,0,12,0,13,2,0,10,1,0,0,0,0,0,0,1,0,3,7," $27,100.00 ","","","0",43,"36-45"
7165,1972,Graduation,Together,,0,1,"10-22-2013",59,0,381,35,172,56,86,93,2,0,0,0,0,0,0,8,2,10,5," $64,474.00 ","","","0",54,"46-55"
7181,1977,Graduation,Married,,0,1,"07-11-2013",97,0,35,0,13,2,0,2,2,0,0,0,0,0,0,2,0,3,8," $30,368.00 ","","","0",49,"46-55"
7186,1966,PhD,Together,,1,1,"05-26-2014",43,0,24,0,2,0,0,9,2,0,0,1,0,0,0,1,1,2,5," $30,843.00 ","","","1",60,"56+"
7187,1969,Master,Together,,1,1,"05-18-2013",52,0,375,42,48,94,66,96,7,0,0,0,0,0,0,4,10,4,3,"","","","0",57,"56+"
7192,1955,Graduation,Together,,0,1,"04-15-2013",58,1,172,73,93,95,78,34,2,0,0,0,0,0,0,2,4,10,1," $65,748.00 ","","","0",71,"56+"
7196,1950,PhD,Married,,1,1,"08-02-2014",20,0,9,0,3,0,0,1,1,0,0,0,0,0,0,0,0,3,3," $41,145.00 ","","","0",76,"56+"
7212,1966,Graduation,Married,,0,1,"08-06-2014",99,0,54,0,7,0,0,4,1,0,0,0,0,0,0,2,0,3,6," $44,794.00 ","","","0",60,"56+"
7214,1957,Graduation,Married,,0,0,"05-07-2013",49,0,792,0,275,45,45,126,1,0,0,0,0,0,0,4,8,5,3," $62,187.00 ","","","0",69,"56+"
7215,1983,Graduation,Single,,0,0,"12-03-2013",69,0,722,27,102,44,72,168,0,1,0,0,1,1,1,6,8,13,2," $101,970.00 ","","","4",43,"36-45"
7224,1977,Graduation,Married,,1,1,"12-29-2013",24,0,10,0,10,3,1,7,2,0,0,0,0,0,0,1,1,2,8," $31,353.00 ","","","0",49,"46-55"
7230,1960,PhD,Divorced,,0,1,"04-10-2012",98,0,459,0,24,6,0,4,6,0,0,0,1,0,1,4,5,7,6," $50,611.00 ","","","2",66,"56+"
7232,1973,Graduation,Widow,,0,1,"11-02-2014",99,0,55,0,6,2,0,4,2,0,0,0,0,0,0,1,1,3,5," $42,429.00 ","","","0",53,"46-55"
7233,1972,Graduation,Married,,0,0,"09-17-2012",4,0,496,32,849,229,48,128,2,1,0,0,0,0,0,5,3,6,4," $69,209.00 ","","","1",54,"46-55"
7235,1975,"2n Cycle",Married,,1,0,"09-12-2013",37,0,2,5,12,4,8,7,3,0,0,0,0,0,0,2,0,4,5," $17,003.00 ","","","0",51,"46-55"
7244,1951,Graduation,Single,,2,1,"01-01-2014",96,0,48,5,48,6,10,7,3,0,0,0,0,0,0,2,1,4,6,"","","","0",75,"56+"
7247,1960,Graduation,Widow,,0,1,"11-22-2012",72,0,505,0,26,0,0,75,5,0,0,0,1,0,0,7,4,6,6," $47,916.00 ","","","1",66,"56+"
7250,1978,Graduation,Together,,1,0,"01-10-2013",48,0,344,35,178,15,23,17,7,0,0,0,0,0,0,7,2,9,6," $57,867.00 ","","","0",48,"46-55"
7254,1969,Graduation,Together,,1,0,"12-27-2013",74,0,39,0,56,20,8,14,3,0,0,0,0,0,0,3,1,3,7," $38,361.00 ","","","0",57,"56+"
7261,1971,Graduation,Together,,1,1,"01-01-2013",8,0,199,33,60,8,3,15,5,0,0,0,0,0,1,5,2,5,8," $34,600.00 ","","","1",55,"46-55"
7264,1978,"2n Cycle",Single,,2,1,"12-05-2014",2,0,12,0,4,0,0,1,1,0,0,0,0,0,0,1,0,2,8," $52,195.00 ","","","0",48,"46-55"
7270,1981,Graduation,Divorced,,0,0,"01-25-2014",91,0,908,48,217,32,12,24,1,0,0,0,1,0,0,2,3,13,6," $56,981.00 ","","","1",45,"36-45"
7274,1957,Graduation,Married,,0,0,"09-28-2012",87,0,736,163,818,212,163,61,1,0,0,0,1,0,0,4,7,10,2," $78,618.00 ","","","1",69,"56+"
7275,1971,Master,Single,,1,1,"04-10-2013",34,0,79,1,31,4,4,12,3,0,0,0,0,0,0,2,1,4,6," $33,316.00 ","","","0",55,"46-55"
7279,1969,PhD,Together,,0,0,"09-30-2013",3,0,260,86,559,63,9,67,1,0,0,0,0,0,0,4,6,4,2," $69,476.00 ","","","0",57,"56+"
7281,1959,PhD,Single,,0,0,"05-11-2013",80,0,81,11,50,3,2,39,1,0,0,0,0,0,0,1,3,4,2,"","","","0",67,"56+"
7284,1953,Graduation,Married,,1,2,"04-12-2013",8,0,10,0,7,2,0,1,1,0,0,0,0,0,0,1,0,2,8," $48,686.00 ","","","0",73,"56+"
7286,1968,Graduation,Together,,1,0,"05-24-2013",92,0,13,6,15,3,5,13,1,0,0,0,0,0,0,2,0,2,10," $41,728.00 ","","","0",58,"56+"
7290,1985,Graduation,Single,,0,0,"05-10-2012",68,0,347,44,534,17,0,26,1,0,0,0,0,0,0,3,5,12,2," $70,596.00 ","","","0",41,"36-45"
7297,1973,Graduation,Single,,1,0,"12-26-2013",54,0,5,3,10,12,7,20,4,0,0,0,0,0,0,3,1,3,7," $7,500.00 ","","","0",53,"46-55"
7300,1952,Graduation,Divorced,,0,1,"06-29-2014",50,0,448,4,34,6,4,39,3,0,0,0,1,0,0,8,1,7,5," $69,142.00 ","","","1",74,"56+"
7301,1982,"2n Cycle",Single,,1,0,"11-17-2012",76,0,4,22,11,3,7,32,2,0,0,0,0,0,1,3,0,3,8," $23,616.00 ","","","1",44,"36-45"
7313,1949,"2n Cycle",Widow,,0,0,"03-06-2013",63,0,570,73,614,133,102,73,1,1,0,0,0,0,0,6,5,11,3," $74,859.00 ","","","1",77,"56+"
7321,1962,Graduation,Together,,0,0,"05-23-2014",85,0,292,30,415,63,33,200,1,1,0,0,0,0,0,4,5,4,2," $76,081.00 ","","","1",64,"56+"
7325,1986,PhD,Together,,1,0,"06-29-2013",86,0,23,0,11,2,1,3,1,0,0,0,0,0,0,1,0,3,5," $38,197.00 ","","","0",40,"36-45"
7326,1971,Master,Married,,0,1,"03-23-2014",83,0,34,1,19,2,7,0,1,0,0,0,0,0,0,1,1,3,2," $56,850.00 ","","","0",55,"46-55"
7327,1959,PhD,Married,,1,1,"12-29-2013",71,0,21,5,3,10,1,7,3,0,0,0,0,0,0,1,1,4,2," $36,732.00 ","","","0",67,"56+"
7342,1961,"2n Cycle",Widow,,0,1,"09-09-2012",6,0,341,142,113,259,151,66,3,0,0,0,0,0,0,6,6,12,5," $59,184.00 ","","","0",65,"56+"
7348,1958,PhD,Single,,0,0,"03-17-2014",0,0,336,130,411,240,32,43,1,0,0,0,0,0,1,4,7,5,2," $71,691.00 ","","","1",68,"56+"
7349,1973,Basic,Together,,1,0,"02-10-2012",7,0,6,17,16,6,16,42,4,0,0,0,0,0,1,3,1,3,8," $9,722.00 ","","","1",53,"46-55"
7352,1957,Graduation,Married,,0,1,"10-21-2013",28,0,161,28,136,32,3,45,4,0,0,0,0,0,0,3,4,6,3," $55,267.00 ","","","0",69,"56+"
7366,1982,Master,Single,,0,0,"04-07-2013",12,0,712,26,538,69,13,80,1,0,0,0,1,1,1,3,6,11,1," $75,777.00 ","","","3",44,"36-45"
7369,1981,Master,Married,,1,0,"02-10-2013",56,0,25,6,25,6,0,0,2,0,0,0,0,0,0,2,0,3,8," $36,959.00 ","","","0",45,"36-45"
7373,1952,PhD,Divorced,,0,2,"10-29-2012",8,0,96,12,96,33,22,43,6,0,0,0,0,0,1,4,1,6,6," $46,610.00 ","","","1",74,"56+"
7375,1976,Graduation,Together,,0,1,"10-25-2012",84,0,297,7,79,0,11,182,2,0,0,0,0,0,0,8,2,4,8," $51,369.00 ","","","0",50,"46-55"
7378,1981,Master,Together,,1,0,"08-31-2012",34,0,393,5,136,7,5,27,5,0,0,1,0,0,0,10,1,6,9," $42,021.00 ","","","1",45,"36-45"
7381,1968,Graduation,Divorced,,0,0,"06-12-2012",10,0,797,153,293,72,97,30,1,1,0,0,1,1,1,11,4,6,4," $75,693.00 ","","","4",58,"56+"
7384,1951,Master,Together,,0,0,"07-21-2013",18,0,113,61,204,34,26,47,2,0,0,0,0,0,0,7,1,7,8," $39,767.00 ","","","0",75,"56+"
7386,1976,Graduation,Divorced,,1,0,"04-22-2013",83,0,17,0,14,7,3,2,1,0,0,0,0,0,0,1,0,3,7," $30,992.00 ","","","0",50,"46-55"
7393,1978,Graduation,Together,,1,1,"10-12-2012",15,0,56,5,24,4,0,3,3,0,0,0,0,0,0,2,1,3,5," $41,580.00 ","","","0",48,"46-55"
7396,1966,Graduation,Married,,0,0,"10-11-2012",92,0,342,51,936,207,35,26,1,0,0,0,0,1,0,5,8,12,3," $80,398.00 ","","","1",60,"56+"
7397,1951,Graduation,Single,,0,1,"07-19-2013",45,0,494,5,82,7,0,100,3,0,0,0,0,0,0,7,2,9,7," $49,090.00 ","","","0",75,"56+"
7408,1952,PhD,Married,,0,1,"03-03-2014",8,0,216,2,6,0,0,9,2,0,0,0,0,0,0,5,1,4,7," $54,549.00 ","","","0",74,"56+"
7409,1970,Graduation,Together,,1,0,"10-26-2013",66,0,211,2,30,7,7,10,2,0,0,0,0,0,0,4,1,6,5," $53,187.00 ","","","0",56,"56+"
7411,1964,PhD,Married,,1,1,"05-06-2014",31,0,11,0,5,0,0,1,2,0,0,0,0,0,0,1,0,3,6," $31,686.00 ","","","0",62,"56+"
7414,1971,Graduation,Married,,1,1,"09-15-2012",18,0,96,1,42,12,3,32,4,0,0,0,0,0,0,3,1,4,8," $43,824.00 ","","","0",55,"46-55"
7419,1968,Master,Divorced,,1,0,"04-23-2014",90,0,8,3,19,0,2,3,2,0,0,0,0,0,0,2,0,3,6," $27,071.00 ","","","0",58,"56+"
7422,1987,Graduation,Single,,1,0,"08-22-2012",90,0,85,44,54,102,78,6,3,0,0,0,0,0,0,5,1,7,7," $46,923.00 ","","","0",39,"36-45"
7426,1971,"2n Cycle",Married,,1,1,"07-11-2013",76,0,111,16,37,7,9,18,3,0,0,0,0,0,0,3,1,5,3," $54,690.00 ","","","0",55,"46-55"
7428,1975,Graduation,Together,,0,0,"09-30-2013",47,0,240,132,445,250,192,108,1,0,0,0,0,0,0,3,7,8,1," $80,144.00 ","","","0",51,"46-55"
7431,1991,PhD,Single,,0,0,"10-11-2012",40,0,1332,17,311,23,51,86,1,0,0,0,1,0,1,7,4,5,9," $68,126.00 ","","","2",35,"26-35"
7433,1985,Graduation,Single,,1,0,"08-29-2012",87,0,64,4,68,7,5,17,4,0,0,0,0,0,0,3,1,4,8," $29,760.00 ","","","0",41,"36-45"
7437,1988,Graduation,Single,,1,0,"04-28-2014",31,0,13,0,8,2,1,5,1,0,0,0,0,0,0,1,0,4,3," $27,938.00 ","","","0",38,"36-45"
7441,1973,Graduation,Divorced,,1,0,"06-10-2012",80,0,958,159,447,20,0,31,3,0,0,0,0,0,0,2,10,12,7," $71,128.00 ","","","0",53,"46-55"
7444,1969,Master,Married,,1,1,"10-19-2013",20,0,19,0,9,0,0,2,2,0,0,0,0,0,0,1,0,3,8," $42,169.00 ","","","0",57,"56+"
7446,1967,Master,Together,,0,1,"09-09-2013",16,0,520,42,98,0,42,14,2,0,0,0,0,0,0,6,4,10,6," $62,513.00 ","","","0",59,"56+"
7451,1960,Master,Single,,0,0,"02-17-2014",23,0,1000,19,711,125,115,38,0,0,0,0,1,0,0,4,6,9,1," $98,777.00 ","","","1",66,"56+"
7453,1954,Graduation,Single,,0,1,"02-02-2013",46,0,157,43,127,68,56,37,6,0,0,1,0,0,1,3,8,4,4," $36,130.00 ","","","2",72,"56+"
7458,1956,Master,Together,,1,1,"06-03-2013",26,0,39,2,25,4,3,24,2,0,0,0,0,0,0,3,0,3,8," $34,941.00 ","","","0",70,"56+"
7462,1954,Graduation,Single,,0,0,"11-24-2012",67,0,68,0,226,51,157,68,3,0,0,0,0,0,0,10,2,4,9," $22,507.00 ","","","0",72,"56+"
7476,1964,Master,Single,,0,1,"02-12-2012",93,0,928,63,254,0,12,12,4,0,0,0,1,0,0,5,4,10,4," $63,972.00 ","","","1",62,"56+"
7485,1950,PhD,Widow,,1,1,"07-05-2014",48,0,67,4,32,17,2,16,3,0,0,0,0,0,0,2,1,4,4," $56,551.00 ","","","0",76,"56+"
7488,1963,Master,Single,,0,1,"01-22-2013",30,0,420,15,186,151,38,15,3,0,0,0,0,0,0,5,3,13,3," $64,191.00 ","","","0",63,"56+"
7494,1950,PhD,Divorced,,1,1,"01-21-2013",11,0,209,0,40,3,2,15,4,0,0,0,0,0,0,6,1,4,8," $42,873.00 ","","","0",76,"56+"
7495,1948,PhD,Married,,0,1,"12-20-2013",72,0,77,28,31,16,0,4,2,0,0,0,0,0,0,2,1,5,4," $56,223.00 ","","","0",78,"56+"
7500,1967,Graduation,Single,,1,1,"04-24-2014",33,0,245,16,223,21,43,16,2,0,0,0,0,0,0,8,1,8,6," $79,146.00 ","","","0",59,"56+"
7503,1976,Graduation,Single,,0,0,"12-10-2012",40,0,1032,105,779,137,105,51,0,0,0,1,0,0,1,5,8,9,4," $75,825.00 ","","","2",50,"46-55"
7505,1957,PhD,Married,,1,1,"01-19-2014",24,0,22,1,9,0,0,14,1,0,0,0,0,0,0,1,1,2,4," $44,155.00 ","","","0",69,"56+"
7514,1956,"2n Cycle",Together,,1,1,"03-07-2013",74,0,84,10,34,11,10,28,4,0,0,0,0,0,0,3,1,4,6," $54,342.00 ","","","0",70,"56+"
7516,1983,Graduation,Married,,1,0,"05-22-2014",30,0,5,3,11,12,5,9,1,0,0,0,0,0,0,2,0,3,6," $30,096.00 ","","","0",43,"36-45"
7521,1952,Graduation,Together,,0,0,"12-05-2013",57,0,901,31,345,75,31,191,1,0,0,0,0,1,0,4,4,11,1," $83,844.00 ","","","1",74,"56+"
7527,1968,Master,Divorced,,1,0,"11-21-2012",97,0,6,6,29,12,15,8,3,0,0,0,0,0,0,2,1,3,8," $23,748.00 ","","","0",58,"56+"
7530,1950,PhD,Widow,,1,1,"07-05-2014",48,0,67,4,32,17,2,16,3,0,0,0,0,0,0,2,1,4,4," $56,551.00 ","","","0",76,"56+"
7532,1980,Graduation,Married,,0,1,"08-30-2012",26,0,99,2,11,4,0,16,3,0,0,0,0,0,0,3,0,4,8," $43,586.00 ","","","0",46,"46-55"
7533,1964,Graduation,Married,,1,1,"09-24-2013",15,0,144,1,32,2,1,7,4,0,0,0,0,0,0,4,1,4,7," $49,096.00 ","","","0",62,"56+"
7540,1952,Graduation,Married,,0,1,"05-25-2014",52,0,143,15,60,24,23,5,2,0,0,0,0,0,0,2,1,8,2," $50,300.00 ","","","0",74,"56+"
7573,1978,PhD,Single,,1,0,"10-05-2013",12,0,39,1,9,2,1,34,1,0,0,1,0,0,1,2,1,2,7," $31,626.00 ","","","2",48,"46-55"
7574,1979,PhD,Together,,1,0,"10-05-2014",80,0,11,0,13,2,4,11,1,0,0,0,0,0,0,2,0,3,4," $27,922.00 ","","","0",47,"46-55"
7592,1946,PhD,Married,,0,0,"04-18-2013",86,0,102,9,63,2,9,24,1,0,0,0,0,0,0,4,1,4,6," $51,012.00 ","","","0",80,"56+"
7600,1992,Basic,Single,,1,0,"10-28-2013",13,0,1,3,3,8,1,13,2,0,0,0,0,0,0,1,0,3,7," $15,253.00 ","","","0",34,"26-35"
7610,1983,Graduation,Together,,1,0,"04-18-2013",32,0,275,0,86,10,23,66,5,0,0,0,0,0,0,6,3,5,8," $37,292.00 ","","","0",43,"36-45"
7613,1974,"2n Cycle",Together,,1,0,"05-24-2014",97,0,166,5,107,11,8,29,2,0,0,0,0,0,0,5,1,6,6," $49,669.00 ","","","0",52,"46-55"
7617,1974,Graduation,Single,,1,1,"08-15-2013",83,0,67,5,61,3,8,19,5,0,0,0,0,0,0,2,1,5,5," $42,373.00 ","","","0",52,"46-55"
7620,1990,Basic,Single,,1,0,"05-08-2013",71,0,5,11,16,21,8,45,2,0,0,0,0,0,0,2,2,2,8," $16,185.00 ","","","0",36,"36-45"
7627,1975,Master,Married,,0,0,"12-12-2012",25,0,817,183,797,106,163,20,0,1,0,0,0,1,1,5,11,5,2," $92,163.00 ","","","3",51,"46-55"
7628,1973,"2n Cycle",Married,,1,0,"03-18-2014",10,0,30,5,24,6,3,8,2,0,0,0,0,0,0,2,0,4,5," $43,050.00 ","","","0",53,"46-55"
7629,1977,Graduation,Married,,1,1,"08-05-2014",46,0,5,3,9,6,2,6,2,0,0,0,0,0,0,2,0,3,7," $22,108.00 ","","","0",49,"46-55"
7631,1978,Master,Together,,1,0,"06-10-2013",34,0,562,58,168,43,16,142,1,0,0,0,0,0,0,5,7,10,3," $61,346.00 ","","","0",48,"46-55"
7646,1989,Graduation,Single,,1,0,"02-18-2014",70,0,218,63,282,137,35,70,4,0,0,0,0,0,0,5,3,12,4," $64,449.00 ","","","0",37,"36-45"
7660,1973,PhD,Single,,1,1,"05-19-2014",37,0,15,0,8,4,2,20,2,0,0,1,0,0,1,1,1,2,5," $35,860.00 ","","","2",53,"46-55"
7679,1985,PhD,Single,,0,0,"05-19-2014",48,0,6,3,12,6,1,0,1,0,0,0,0,0,0,1,1,3,3," $30,298.00 ","","","0",41,"36-45"
7683,1968,Master,Married,,0,1,"02-25-2014",80,0,554,35,113,0,7,78,3,0,0,0,0,0,0,5,3,12,3," $70,777.00 ","","","0",58,"56+"
7685,1978,Graduation,Married,,1,0,"09-09-2013",4,0,30,8,12,8,8,12,1,0,0,0,0,0,0,2,0,4,5," $33,039.00 ","","","0",48,"46-55"
7698,1976,PhD,Married,,0,1,"11-05-2014",81,0,152,3,22,2,5,7,1,0,0,0,0,0,0,4,1,4,5," $51,650.00 ","","","0",50,"46-55"
7699,1969,Graduation,Widow,,1,1,"02-10-2013",30,0,154,0,50,6,11,37,5,0,0,1,0,0,0,3,4,3,6," $40,590.00 ","","","1",57,"56+"
7706,1975,"2n Cycle",Together,,0,1,"07-11-2012",88,0,350,104,189,197,151,57,6,0,0,1,0,0,0,11,8,5,8," $46,772.00 ","","","1",51,"46-55"
7712,1946,PhD,Single,,0,0,"04-28-2014",68,0,182,17,259,77,70,29,1,0,0,0,0,0,0,6,2,10,4," $62,159.00 ","","","0",80,"56+"
7718,1947,Master,Together,,0,0,"04-20-2014",36,0,244,51,270,101,0,45,1,0,0,0,0,0,0,1,3,5,1," $66,000.00 ","","","0",79,"56+"
7723,1979,Graduation,Together,,0,0,"02-05-2014",56,0,709,93,374,104,80,80,1,0,0,0,0,0,0,8,6,6,3," $75,507.00 ","","","0",47,"46-55"
7725,1965,"2n Cycle",Married,,0,0,"08-03-2014",33,0,173,26,255,35,71,81,1,0,0,0,0,0,0,4,4,7,1," $76,800.00 ","","","0",61,"56+"
7732,1978,Graduation,Married,,1,0,"02-01-2014",81,0,293,0,124,179,97,52,1,0,0,0,0,0,0,7,2,10,5," $64,813.00 ","","","0",48,"46-55"
7736,1986,Graduation,Married,,1,0,"10-22-2012",36,0,11,7,12,2,2,27,2,0,0,1,0,0,1,2,1,2,5," $22,518.00 ","","","2",40,"36-45"
7755,1954,PhD,Married,,0,1,"12-11-2013",91,0,350,3,39,0,0,19,2,0,0,0,0,0,0,9,1,4,8," $57,744.00 ","","","0",72,"56+"
7761,1978,"2n Cycle",Together,,1,0,"01-08-2013",71,0,13,11,24,13,8,40,2,0,0,0,0,0,0,3,0,4,6," $38,702.00 ","","","0",48,"46-55"
7786,1986,PhD,Single,,1,0,"02-13-2013",22,0,68,7,59,10,5,11,4,0,0,0,0,0,0,3,1,4,8," $29,999.00 ","","","0",40,"36-45"
7787,1960,Graduation,Together,,0,1,"08-31-2012",83,0,526,28,135,10,21,99,3,0,0,0,0,0,0,5,3,12,5," $62,807.00 ","","","0",66,"56+"
7788,1983,PhD,Married,,1,0,"04-06-2014",53,0,6,0,3,0,0,1,1,0,0,0,0,0,0,0,0,3,3," $23,536.00 ","","","0",43,"36-45"
7789,1965,PhD,Married,,0,0,"11-22-2013",96,0,684,100,801,21,66,0,1,0,0,0,0,1,0,6,9,10,2," $84,618.00 ","","","1",61,"56+"
7791,1967,Master,Married,,1,1,"09-15-2013",89,0,12,1,6,0,1,5,2,0,0,0,0,0,0,1,0,3,7," $37,054.00 ","","","0",59,"56+"
7793,1976,Graduation,Together,,0,1,"08-31-2013",12,0,641,7,84,0,30,38,3,0,0,0,1,0,0,10,4,7,6," $62,061.00 ","","","1",50,"46-55"
7798,1972,"2n Cycle",Together,,0,1,"12-14-2012",28,0,233,20,57,8,20,91,4,0,0,0,0,0,0,7,1,5,7," $46,344.00 ","","","0",54,"46-55"
7801,1959,Graduation,Together,,0,1,"12-09-2013",87,0,197,107,227,7,59,131,3,0,0,0,0,0,0,5,2,11,4," $54,753.00 ","","","0",67,"56+"
7807,1974,Graduation,Married,,0,1,"12-09-2012",26,0,98,0,106,49,10,106,5,0,0,0,0,0,0,5,1,5,6," $44,989.00 ","","","0",52,"46-55"
7822,1976,Graduation,Together,,0,1,"04-06-2013",56,0,198,18,252,32,108,54,2,0,0,0,0,0,0,4,6,8,3," $54,058.00 ","","","0",50,"46-55"
7828,1981,Master,Together,,0,0,"04-30-2014",29,0,68,129,396,188,22,15,1,0,0,0,0,0,0,3,3,5,1," $77,882.00 ","","","0",45,"36-45"
7829,1900,"2n Cycle",Divorced,,1,0,"09-26-2013",99,1,15,6,8,7,4,25,1,0,0,0,0,0,0,2,1,2,5," $36,640.00 ","","","0",126,"56+"
7832,1959,Master,Married,,0,1,"08-28-2013",30,0,940,44,396,0,88,58,1,1,0,1,0,1,1,8,7,7,4," $77,520.00 ","","","4",67,"56+"
7842,1968,Graduation,Single,,1,1,"03-31-2013",54,0,18,7,34,10,2,3,3,0,0,0,0,0,0,3,0,3,8," $36,065.00 ","","","0",58,"56+"
7848,1974,Graduation,Single,,0,1,"06-13-2013",17,0,224,2,25,7,0,110,2,0,0,0,0,0,0,5,3,3,6," $49,166.00 ","","","0",52,"46-55"
7849,1970,PhD,Married,,0,0,"09-09-2013",12,0,209,19,456,160,142,66,1,0,0,0,0,0,0,2,9,13,1," $80,336.00 ","","","0",56,"56+"
7851,1949,Graduation,Widow,,0,0,"09-22-2013",60,0,161,0,253,199,191,122,1,0,0,0,0,0,0,3,7,11,1," $70,165.00 ","","","0",77,"56+"
7861,1952,Master,Married,,0,1,"05-02-2014",23,0,820,57,242,45,0,11,2,0,0,0,0,0,0,8,3,6,4," $77,027.00 ","","","0",74,"56+"
7872,1975,PhD,Married,,0,0,"12-09-2012",7,0,179,21,273,0,21,63,1,1,0,1,0,1,1,6,10,6,5," $86,836.00 ","","","4",51,"46-55"
7873,1973,PhD,Together,,1,1,"06-07-2013",30,0,141,11,114,15,14,5,4,0,0,0,0,0,0,4,1,7,5," $63,516.00 ","","","0",53,"46-55"
7875,1949,Graduation,Married,,0,0,"04-29-2014",46,0,967,0,617,43,50,0,1,1,0,0,1,1,1,4,8,13,2," $72,025.00 ","","","4",77,"56+"
7881,1946,Master,Married,,0,0,"09-28-2013",21,0,620,26,195,34,17,141,1,0,0,0,0,0,0,6,4,13,2," $66,835.00 ","","","0",80,"56+"
7892,1969,Graduation,Single,,0,0,"02-01-2013",89,0,6,4,25,15,12,13,2,0,0,0,0,0,0,2,1,3,7," $18,589.00 ","","","0",57,"56+"
7899,1952,PhD,Married,,0,1,"10-29-2012",70,0,1245,33,332,21,33,16,2,0,0,0,0,0,0,4,7,4,7," $77,610.00 ","","","0",74,"56+"
7901,1971,Master,Married,,0,1,"06-11-2013",39,0,9,1,5,2,1,4,1,0,0,0,0,0,0,0,0,3,4," $34,109.00 ","","","0",55,"46-55"
7912,1978,Graduation,Married,,1,0,"04-22-2013",69,0,8,15,27,0,20,33,2,0,0,1,0,0,0,3,1,2,8," $38,136.00 ","","","1",48,"46-55"
7919,1976,PhD,Together,,0,0,"08-13-2012",2,0,1285,105,653,28,21,0,1,0,0,0,0,0,1,10,4,8,8," $72,335.00 ","","","1",50,"46-55"
7922,1951,PhD,Single,,0,1,"12-08-2012",29,0,819,0,72,12,0,63,2,0,0,0,1,0,0,11,2,10,7," $64,950.00 ","","","1",75,"56+"
7930,1969,Master,Single,,0,0,"08-19-2013",74,0,101,13,76,20,18,40,2,0,0,0,0,0,0,3,1,6,6," $26,877.00 ","","","0",57,"56+"
7937,1982,Graduation,Married,,0,0,"04-18-2014",86,0,10,7,25,6,3,7,1,0,0,0,0,0,0,3,0,3,7," $24,711.00 ","","","0",44,"36-45"
7938,1958,PhD,Together,,0,1,"03-10-2013",92,0,350,8,66,17,4,4,2,0,0,0,0,0,0,3,2,10,3," $51,518.00 ","","","0",68,"56+"
7943,1975,PhD,Married,,1,0,"04-25-2014",40,0,18,0,6,3,3,5,1,0,0,0,0,0,0,1,1,3,2," $36,663.00 ","","","0",51,"46-55"
7947,1969,Graduation,Married,,1,1,"03-25-2014",99,0,24,0,8,0,1,4,1,0,0,0,0,0,0,1,0,3,5," $42,231.00 ","","","0",57,"56+"
7959,1961,Graduation,Married,,0,0,"05-29-2014",19,0,658,80,483,123,13,13,1,0,0,0,0,0,0,3,2,5,1," $79,410.00 ","","","0",65,"56+"
7960,1962,"2n Cycle",Together,,0,0,"08-15-2013",89,0,734,22,350,151,25,100,1,0,0,0,0,1,0,3,9,13,1," $82,122.00 ","","","1",64,"56+"
7962,1987,PhD,Single,,0,0,"09-10-2013",1,0,1285,21,449,106,20,20,1,1,0,0,0,1,1,4,3,4,1," $95,169.00 ","","","3",39,"36-45"
7966,1959,Graduation,Single,,1,1,"08-01-2013",48,1,505,137,401,104,22,22,3,0,0,0,0,0,0,11,5,11,5," $80,982.00 ","","","0",67,"56+"
7972,1955,Graduation,Single,,0,0,"09-17-2013",79,0,400,32,519,71,75,54,1,0,0,0,0,0,0,3,4,9,1," $72,906.00 ","","","0",71,"56+"
7987,1969,Graduation,Married,,0,1,"07-03-2014",96,0,346,17,48,23,13,13,4,0,0,0,1,0,0,8,1,6,6," $65,747.00 ","","","1",57,"56+"
7990,1947,Graduation,Married,,0,0,"02-08-2012",2,0,9,1,2,3,2,0,1,0,0,0,0,0,0,0,0,3,6," $27,469.00 ","","","0",79,"56+"
7998,1958,Graduation,Together,,1,1,"11-12-2012",77,0,53,8,17,13,0,21,3,0,0,0,0,0,0,2,2,2,7," $28,087.00 ","","","0",68,"56+"
7999,1955,PhD,Together,,0,0,"04-23-2013",17,0,1239,17,413,23,34,17,1,0,0,0,1,1,1,5,6,5,2," $75,261.00 ","","","3",71,"56+"
8008,1983,Graduation,Together,,1,0,"09-12-2013",54,0,46,0,30,12,1,30,1,0,0,0,0,0,0,2,0,4,6," $36,075.00 ","","","0",43,"36-45"
8015,1962,PhD,Divorced,,0,0,"03-05-2013",88,0,714,76,395,116,0,12,1,0,0,0,0,0,1,4,6,9,1," $85,696.00 ","","","1",64,"56+"
8017,1981,"2n Cycle",Married,,1,1,"06-19-2014",83,0,22,0,19,6,5,3,2,0,0,0,0,0,0,2,0,3,6," $51,111.00 ","","","0",45,"36-45"
8026,1952,Graduation,Married,,0,1,"09-30-2013",10,0,120,58,73,65,89,58,5,0,0,0,0,0,0,5,4,5,5," $62,998.00 ","","","0",74,"56+"
8029,1988,Master,Single,,0,0,"04-29-2014",27,0,1184,32,352,21,16,16,1,1,0,0,1,1,1,3,4,7,1," $90,247.00 ","","","4",38,"36-45"
8036,1971,"2n Cycle",Together,,1,1,"04-18-2014",10,0,31,1,13,7,2,9,4,0,0,0,0,0,0,2,1,4,4," $26,850.00 ","","","0",55,"46-55"
8041,1971,PhD,Widow,,0,1,"08-09-2012",35,0,595,71,153,120,112,41,6,0,0,0,0,0,0,3,2,10,9," $47,111.00 ","","","0",55,"46-55"
8070,1973,PhD,Married,,0,1,"01-03-2014",98,0,199,12,31,3,12,7,1,0,0,0,0,0,0,3,3,5,3," $54,222.00 ","","","0",53,"46-55"
8079,1982,Graduation,Married,,1,0,"02-26-2014",86,0,3,1,8,23,2,18,3,0,0,0,0,0,0,2,1,3,3," $22,448.00 ","","","0",44,"36-45"
8080,1986,Graduation,Single,,0,0,"08-17-2012",50,0,5,1,6,3,4,3,1,0,0,0,0,0,0,0,0,3,4," $26,816.00 ","","","0",40,"36-45"
8082,1971,Graduation,Married,,1,0,"05-21-2013",75,0,1,3,6,3,6,15,1,0,0,0,0,0,1,1,1,2,7," $25,721.00 ","","","1",55,"46-55"
8086,1959,Graduation,Married,,1,1,"11-12-2013",34,0,48,0,2,0,0,5,2,0,0,0,0,0,0,2,0,3,7," $42,243.00 ","","","0",67,"56+"
8091,1956,Graduation,Married,,0,1,"02-09-2012",50,0,423,184,368,13,97,21,1,0,0,0,0,0,0,6,4,6,5," $63,943.00 ","","","0",70,"56+"
8093,1969,Master,Married,,0,0,"06-28-2014",72,0,572,8,232,23,62,17,1,1,0,0,0,0,0,4,3,6,1," $79,734.00 ","","","1",57,"56+"
8104,1951,PhD,Married,,0,0,"09-08-2013",32,0,241,0,12,0,0,25,1,0,0,0,0,0,0,5,1,5,7," $53,312.00 ","","","0",75,"56+"
8132,1975,PhD,Married,,1,1,"05-04-2013",88,0,565,6,65,0,6,19,5,0,0,0,1,0,0,9,2,8,7," $60,631.00 ","","","1",51,"46-55"
8135,1986,Master,Married,,1,0,"10-28-2013",41,0,7,4,23,7,0,11,1,0,0,0,0,0,0,1,0,3,7," $27,161.00 ","","","0",40,"36-45"
8140,1973,Graduation,Together,,1,0,"03-10-2013",51,0,10,14,29,4,2,36,3,0,0,0,0,0,0,2,1,4,4," $22,682.00 ","","","0",53,"46-55"
8143,1985,PhD,Single,,0,0,"07-30-2013",49,0,202,2,46,3,2,10,2,1,0,0,1,0,1,4,2,5,7," $37,929.00 ","","","3",41,"36-45"
8146,1976,Master,Together,,1,1,"11-05-2014",84,0,30,0,8,2,0,14,1,0,0,0,0,0,0,1,1,2,6," $46,106.00 ","","","0",50,"46-55"
8147,1960,Graduation,Married,,1,1,"06-07-2013",40,0,28,0,11,0,0,9,3,0,0,0,0,0,0,2,0,3,8," $31,454.00 ","","","0",66,"56+"
8148,1956,Master,Together,,1,1,"08-01-2013",88,0,285,28,242,55,114,135,13,0,0,0,0,0,0,6,2,12,5," $50,898.00 ","","","0",70,"56+"
8151,1990,Basic,Married,,0,0,"12-29-2012",6,0,16,36,21,20,62,108,1,0,0,0,0,0,0,4,1,3,8," $24,279.00 ","","","0",36,"36-45"
8159,1968,Graduation,Married,,1,1,"01-04-2014",10,0,117,0,22,13,0,30,3,0,0,0,0,0,0,4,1,3,7," $51,287.00 ","","","0",58,"56+"
8162,1956,Master,Together,,0,0,"01-01-2013",88,0,4,1,11,6,2,2,1,0,0,0,0,0,0,1,0,3,6," $14,661.00 ","","","0",70,"56+"
8164,1978,PhD,Married,,0,0,"11-25-2013",13,0,1023,93,651,49,55,37,1,0,0,0,0,0,0,5,6,7,2," $82,170.00 ","","","0",48,"46-55"
8175,1992,Graduation,Married,,0,0,"06-21-2013",71,0,34,4,66,3,10,20,1,0,0,0,0,0,0,2,1,4,7," $34,935.00 ","","","0",34,"26-35"
8180,1952,Master,Divorced,,1,1,"11-15-2013",53,0,233,2,53,3,5,14,3,0,0,0,0,0,0,6,1,5,6," $59,354.00 ","","","0",74,"56+"
8181,1978,"2n Cycle",Single,,1,0,"09-13-2013",42,0,51,12,49,17,24,24,3,0,0,0,0,0,0,4,1,3,8," $38,593.00 ","","","0",48,"46-55"
8182,1984,Graduation,Married,,1,0,"05-01-2014",91,0,53,3,49,7,4,5,4,0,0,0,0,0,0,3,0,4,8," $23,228.00 ","","","0",42,"36-45"
8204,1971,"2n Cycle",Married,,0,0,"12-16-2012",93,0,482,35,553,72,160,17,1,0,0,0,0,0,0,4,4,9,2," $78,041.00 ","","","0",55,"46-55"
8207,1957,"2n Cycle",Married,,0,1,"03-18-2014",18,0,28,0,9,3,0,0,1,0,0,0,0,0,0,1,0,3,4," $53,233.00 ","","","0",69,"56+"
8210,1975,Master,Married,,0,1,"08-15-2013",64,0,318,3,17,4,7,56,5,0,0,0,0,0,0,4,1,8,4," $54,730.00 ","","","0",51,"46-55"
8212,1971,Master,Married,,0,1,"03-28-2013",89,0,85,15,27,13,13,21,2,0,0,0,0,0,0,3,1,4,7," $39,791.00 ","","","0",55,"46-55"
8213,1980,"2n Cycle",Together,,1,0,"09-11-2012",71,0,6,4,9,6,36,35,4,0,0,0,0,0,1,2,2,3,7," $14,515.00 ","","","1",46,"46-55"
8216,1972,Master,Married,,1,1,"11-10-2013",7,0,158,0,76,13,7,71,6,0,0,0,0,0,0,4,4,3,5," $53,761.00 ","","","0",54,"46-55"
8230,1980,Graduation,Married,,1,0,"01-23-2014",28,0,22,2,31,7,4,5,1,0,0,0,0,0,0,2,0,3,7," $33,228.00 ","","","0",46,"46-55"
8233,1950,Master,Widow,,0,1,"01-26-2014",9,0,508,5,21,7,5,10,4,0,0,0,1,0,0,7,3,7,5," $64,866.00 ","","","1",76,"56+"
8234,1973,Basic,Together,,1,0,"08-15-2013",13,0,1,6,7,0,1,3,1,0,0,1,0,0,1,1,0,2,8," $27,190.00 ","","","2",53,"46-55"
8235,1956,Master,Together,,0,1,"01-24-2014",8,0,428,30,214,80,30,61,2,0,0,0,0,0,0,6,5,10,3," $69,245.00 ","","","0",70,"56+"
8254,1974,PhD,Married,,1,0,"04-13-2013",48,0,14,0,2,0,0,7,1,0,0,0,0,0,0,1,0,2,8," $34,596.00 ","","","0",52,"46-55"
8268,1961,PhD,Married,,0,1,"11-07-2013",23,0,352,0,27,10,0,15,3,0,0,0,0,0,0,6,1,7,6,"","","","0",65,"56+"
8275,1965,PhD,Divorced,,1,1,"09-02-2014",6,0,16,0,3,0,0,1,1,0,0,0,0,0,0,1,0,2,7," $47,025.00 ","","","0",61,"56+"
8278,1990,PhD,Married,,0,0,"08-26-2012",3,0,863,83,547,86,99,33,1,0,0,0,0,0,0,8,2,5,5," $74,214.00 ","","","0",36,"36-45"
8286,1965,PhD,Together,,0,1,"08-20-2013",55,0,98,1,17,0,1,5,1,0,0,0,1,0,0,3,0,4,7," $51,717.00 ","","","1",61,"56+"
8299,1989,PhD,Single,,0,0,"11-09-2013",46,0,40,2,15,8,0,6,1,0,0,0,0,0,0,1,1,3,4," $33,996.00 ","","","0",37,"36-45"
8310,1964,Graduation,Together,,0,1,"08-29-2012",96,0,897,126,196,91,112,37,3,0,0,0,0,0,0,10,4,7,6," $68,142.00 ","","","0",62,"56+"
8312,1961,Basic,Married,,0,0,"06-15-2014",80,0,1,9,7,2,14,10,1,0,0,0,0,0,0,2,0,3,6," $28,249.00 ","","","0",65,"56+"
8314,1982,Graduation,Married,,0,0,"05-04-2013",30,0,557,129,761,29,185,111,1,0,0,0,0,1,0,5,6,7,2," $79,908.00 ","","","1",44,"36-45"
8315,1995,Graduation,Single,,0,0,"03-26-2014",65,0,4,2,11,2,0,4,1,0,0,0,0,0,0,1,0,2,6," $34,824.00 ","","","0",31,"26-35"
8318,1979,Graduation,Together,,0,0,"03-01-2014",7,0,594,134,786,33,134,57,0,0,0,0,0,1,0,5,6,8,1," $90,300.00 ","","","1",47,"46-55"
8334,1971,Master,Single,,1,1,"04-10-2013",34,0,79,1,31,4,4,12,3,0,0,0,0,0,0,2,1,4,6," $33,316.00 ","","","0",55,"46-55"
8341,1969,PhD,Married,,1,0,"04-30-2014",22,0,15,0,6,0,1,12,2,0,0,1,0,0,1,1,1,2,7," $30,396.00 ","","","2",57,"56+"
8346,1974,Graduation,Single,,1,0,"08-19-2012",26,0,138,15,35,25,11,72,2,0,0,1,0,0,1,6,2,2,9," $32,233.00 ","","","2",52,"46-55"
8360,1971,"2n Cycle",Married,,1,1,"07-11-2013",76,0,111,16,37,7,9,18,3,0,0,0,0,0,0,3,1,5,3," $54,690.00 ","","","0",55,"46-55"
8362,1982,PhD,Married,,0,0,"07-08-2013",9,0,1478,19,403,0,19,0,1,0,0,0,1,1,1,7,6,6,3," $84,169.00 ","","","3",44,"36-45"
8369,1987,Graduation,Together,,1,0,"08-11-2012",21,0,1,2,7,4,3,11,1,0,0,0,0,0,0,0,1,2,8," $18,227.00 ","","","0",39,"36-45"
8370,1976,"2n Cycle",Together,,0,1,"02-08-2012",50,0,378,97,259,197,194,34,2,0,0,0,0,0,0,7,3,6,4," $75,484.00 ","","","0",50,"46-55"
8372,1974,Graduation,Married,,1,0,"01-07-2013",81,0,3,3,7,6,2,9,1,0,0,0,0,0,0,1,0,2,7," $34,421.00 ","","","0",52,"46-55"
8373,1979,Basic,Together,,1,0,"10-12-2013",94,0,1,3,6,10,0,9,1,0,0,0,0,0,0,1,0,3,5," $24,594.00 ","","","0",47,"46-55"
8375,1968,PhD,Married,,0,1,"03-03-2014",63,0,447,0,28,0,0,43,3,0,0,0,0,0,0,8,2,6,7," $55,954.00 ","","","0",58,"56+"
8387,1957,Graduation,Married,,0,1,"05-01-2013",68,0,134,8,76,6,0,11,1,0,0,0,0,0,0,4,1,5,6," $43,140.00 ","","","0",69,"56+"
8395,1961,Graduation,Single,,0,0,"08-20-2012",48,0,980,37,265,35,163,31,1,0,0,0,0,0,1,3,6,12,6," $82,014.00 ","","","1",65,"56+"
8397,1951,Graduation,Married,,1,1,"10-01-2014",82,0,18,0,5,0,0,11,2,0,0,1,0,0,0,1,1,2,7," $44,689.00 ","","","1",75,"56+"
8402,1953,Master,Married,,0,1,"12-17-2013",40,0,329,35,222,130,35,43,2,0,0,0,0,0,0,7,5,8,4," $67,087.00 ","","","0",73,"56+"
8405,1979,Graduation,Divorced,,1,1,"09-30-2013",83,0,135,25,51,23,25,46,2,0,0,0,0,0,0,4,2,5,3," $68,274.00 ","","","0",47,"46-55"
8414,1962,PhD,Single,,0,1,"08-17-2013",76,0,56,0,12,0,0,18,2,0,0,0,0,0,0,2,0,4,7," $33,419.00 ","","","0",64,"56+"
8416,1981,Graduation,Married,,1,0,"11-29-2013",19,0,6,6,15,10,5,2,2,0,0,0,0,0,0,2,0,3,6," $29,009.00 ","","","0",45,"36-45"
8418,1958,"2n Cycle",Single,,1,1,"03-30-2014",60,0,7,10,17,8,6,13,2,0,0,0,0,0,0,2,0,3,7," $38,741.00 ","","","0",68,"56+"
8420,1970,"2n Cycle",Married,,0,0,"03-08-2013",27,0,7,4,13,15,8,17,2,0,0,0,0,0,0,2,0,4,5," $15,315.00 ","","","0",56,"56+"
8427,1956,Master,Single,,0,0,"11-23-2012",78,0,556,14,717,210,0,43,1,0,0,0,0,0,0,7,5,10,4," $64,857.00 ","","","0",70,"56+"
8430,1957,Graduation,Together,,0,1,"12-24-2012",4,0,9,0,6,3,1,3,1,0,0,0,0,0,0,0,0,3,5," $21,994.00 ","","","0",69,"56+"
8432,1956,Graduation,Together,,1,1,"09-14-2012",0,0,454,0,171,8,19,32,12,0,0,0,0,0,0,9,2,8,8," $54,450.00 ","","","0",70,"56+"
8439,1964,Graduation,Together,,0,2,"06-06-2014",97,0,734,26,70,11,44,17,2,1,0,0,0,0,0,6,3,4,4," $63,404.00 ","","","1",62,"56+"
8442,1985,Master,Married,,2,0,"04-09-2013",63,0,9,0,7,3,4,7,2,0,0,0,0,0,0,1,0,3,7," $19,510.00 ","","","0",41,"36-45"
8443,1972,Graduation,Single,,1,0,"10-02-2014",16,0,6,10,12,3,15,40,3,0,0,1,0,0,1,3,1,2,8," $24,762.00 ","","","2",54,"46-55"
8461,1962,Graduation,Divorced,,2,1,"10-03-2014",3,0,14,0,1,0,0,1,1,0,0,0,0,0,0,1,0,2,7," $46,102.00 ","","","0",64,"56+"
8462,1978,Basic,Together,,1,0,"09-09-2012",52,0,1,4,10,29,0,36,1,0,0,1,0,0,0,1,1,2,6," $24,882.00 ","","","1",48,"46-55"
8475,1973,PhD,Married,,0,1,"01-03-2014",98,0,20,2,1582,1,2,1,15,0,0,0,0,0,0,0,22,0,0," $157,243.00 ","","","0",53,"46-55"
8477,1956,Graduation,Divorced,,2,1,"11-03-2013",61,0,5,1,13,3,5,1,1,0,0,0,0,0,0,1,0,3,7," $26,150.00 ","","","0",70,"56+"
8486,1971,Master,Together,,1,0,"01-10-2012",27,0,284,0,52,8,3,20,4,0,0,0,0,0,0,9,0,4,10," $30,538.00 ","","","0",55,"46-55"
8492,1978,Graduation,Together,,0,0,"09-11-2013",25,0,795,0,545,95,58,0,1,1,0,0,0,0,0,8,4,10,6," $75,437.00 ","","","1",48,"46-55"
8504,1973,Graduation,Married,,0,0,"12-05-2014",70,0,350,60,568,110,133,145,1,0,0,0,0,1,0,5,6,7,2," $79,593.00 ","","","1",53,"46-55"
8514,1976,Graduation,Together,,1,0,"01-17-2014",59,0,8,0,7,3,1,1,1,0,0,0,0,0,0,1,0,3,6," $29,478.00 ","","","0",50,"46-55"
8523,1968,Graduation,Married,,1,0,"12-14-2013",39,0,24,1,16,12,2,5,3,0,0,0,0,0,0,4,0,3,8," $19,329.00 ","","","0",58,"56+"
8524,1974,PhD,Divorced,,1,0,"09-18-2012",15,0,40,3,30,10,7,11,3,0,0,0,0,0,1,3,0,3,9," $25,509.00 ","","","1",52,"46-55"
8527,1965,Master,Together,,1,1,"07-12-2013",37,0,239,7,119,4,15,11,5,0,0,0,0,0,0,6,2,6,7," $65,735.00 ","","","0",61,"56+"
8534,1952,Graduation,Married,,0,2,"07-16-2013",51,0,615,28,259,12,48,30,4,0,0,0,1,0,0,6,5,13,4," $67,433.00 ","","","1",74,"56+"
8537,1949,Graduation,Widow,,0,0,"02-27-2013",60,0,526,80,553,123,94,53,1,1,0,0,0,0,1,3,10,7,2," $72,643.00 ","","","2",77,"56+"
8541,1990,"2n Cycle",Married,,1,0,"08-03-2014",98,0,8,4,10,6,7,6,2,0,0,0,0,0,0,2,0,4,5," $24,683.00 ","","","0",36,"36-45"
8545,1954,Graduation,Divorced,,0,0,"03-21-2014",6,0,1296,17,311,45,69,51,1,1,1,0,1,1,1,2,4,10,1," $85,683.00 ","","","5",72,"56+"
8553,1965,Graduation,Married,,1,1,"06-23-2013",65,0,30,0,9,0,0,3,2,0,0,0,0,0,0,1,0,3,6," $44,300.00 ","","","0",61,"56+"
8557,1982,Graduation,Single,,1,0,"06-17-2013",57,0,11,3,22,2,2,6,2,0,0,0,0,0,0,2,0,3,6,"","","","0",44,"36-45"
8560,1992,Graduation,Single,,0,0,"10-09-2012",94,0,351,16,156,7,5,145,1,0,0,0,0,0,0,6,4,7,6," $48,789.00 ","","","0",34,"26-35"
8562,1969,Graduation,Together,,0,0,"05-28-2013",72,0,127,4,73,15,6,11,1,0,0,0,0,0,0,2,1,7,2," $54,165.00 ","","","0",57,"56+"
8566,1961,PhD,Together,,1,1,"06-15-2014",10,0,5,0,3,0,0,1,1,0,0,0,0,0,0,1,0,2,7," $32,583.00 ","","","0",65,"56+"
8581,1971,Master,Married,,1,1,"05-03-2013",4,0,604,0,100,19,0,28,9,0,0,0,0,0,0,10,2,8,8," $49,505.00 ","","","0",55,"46-55"
8584,1952,PhD,Together,,0,0,"08-06-2013",54,0,376,53,462,168,53,53,1,0,0,0,0,0,0,2,7,7,0," $85,431.00 ","","","0",74,"56+"
8588,1961,Graduation,Married,,1,1,"08-25-2012",92,0,201,2,43,3,5,35,4,0,0,0,0,0,0,5,1,5,6," $60,544.00 ","","","0",65,"56+"
8594,1958,PhD,Widow,,0,1,"01-28-2014",25,0,112,0,6,2,1,14,2,0,0,0,0,0,0,3,1,3,6," $50,520.00 ","","","0",68,"56+"
8595,1973,Graduation,Widow,,0,1,"11-02-2014",99,0,55,0,6,2,0,4,2,0,0,0,0,0,0,1,1,3,5," $42,429.00 ","","","0",53,"46-55"
8601,1980,Graduation,Married,,0,1,"04-29-2013",3,0,421,76,536,82,178,102,2,0,0,0,0,0,0,8,6,5,4," $80,011.00 ","","","0",46,"46-55"
8602,1964,Graduation,Divorced,,0,1,"12-06-2013",97,0,412,172,153,150,105,57,2,0,0,0,0,0,0,7,6,11,4," $69,932.00 ","","","0",62,"56+"
8605,1964,PhD,Together,,1,1,"03-23-2014",36,0,48,0,14,0,0,6,2,0,0,0,0,0,0,2,0,3,6," $46,910.00 ","","","0",62,"56+"
8614,1957,Graduation,Widow,,0,1,"12-05-2014",29,0,245,19,125,37,67,14,1,0,0,0,0,0,0,4,2,10,2," $65,486.00 ","","","0",69,"56+"
8619,1957,Graduation,Together,,0,1,"12-24-2012",4,0,9,0,6,3,1,3,1,0,0,0,0,0,0,0,0,3,5," $21,994.00 ","","","0",69,"56+"
8624,1958,Graduation,Married,,0,0,"06-02-2013",61,0,183,33,493,59,103,57,1,0,0,0,0,0,0,4,3,10,2," $81,320.00 ","","","0",68,"56+"
8625,1976,Graduation,Married,,1,0,"12-11-2013",70,0,15,1,23,0,5,1,3,0,0,0,0,0,0,3,0,3,8," $17,649.00 ","","","0",50,"46-55"
8629,1956,Graduation,Widow,,1,1,"03-26-2013",71,0,19,1,10,2,1,8,1,0,0,0,0,0,0,1,0,3,5," $46,984.00 ","","","0",70,"56+"
8643,1971,Graduation,Together,,0,0,"05-26-2013",21,0,252,98,827,219,70,196,1,0,0,0,0,0,0,4,5,12,3," $69,930.00 ","","","0",55,"46-55"
8650,1978,Graduation,Widow,,1,1,"03-18-2013",31,0,5,6,10,6,5,10,1,0,0,0,0,0,0,1,0,3,4," $54,162.00 ","","","0",48,"46-55"
8652,1946,Graduation,Together,,0,0,"08-31-2012",20,0,84,5,38,150,12,28,2,0,0,0,0,0,0,4,1,6,7," $37,760.00 ","","","0",80,"56+"
8659,1952,PhD,Together,,0,1,"01-21-2014",50,0,750,71,174,13,10,20,2,0,0,0,0,0,0,6,8,11,2," $69,805.00 ","","","0",74,"56+"
8663,1974,Graduation,Divorced,,1,1,"05-22-2014",85,0,11,0,3,0,0,1,1,0,0,0,0,0,0,1,0,2,6," $39,996.00 ","","","0",52,"46-55"
8685,1977,Graduation,Married,,1,0,"08-17-2012",56,0,244,15,108,4,15,50,6,0,0,0,0,0,1,7,1,6,8," $42,014.00 ","","","1",49,"46-55"
8686,1979,Basic,Together,,1,0,"08-01-2013",65,0,5,23,15,0,18,14,2,0,0,0,0,0,0,2,0,3,8," $23,724.00 ","","","0",47,"46-55"
8687,1978,Graduation,Together,,0,1,"06-05-2013",54,0,121,62,90,68,20,125,3,0,0,0,0,0,0,2,3,8,3," $53,172.00 ","","","0",48,"46-55"
8690,1962,Graduation,Married,,0,0,"04-19-2013",73,0,399,28,756,36,40,126,1,0,0,0,0,0,0,5,7,10,2," $86,111.00 ","","","0",64,"56+"
8692,1952,Graduation,Together,,1,1,"12-09-2012",50,0,90,17,97,15,6,15,6,0,0,0,0,0,0,4,1,5,8," $43,462.00 ","","","0",74,"56+"
8700,1986,Basic,Single,,0,0,"12-22-2012",86,0,7,7,14,7,16,15,3,0,0,0,0,0,0,2,1,3,7," $14,906.00 ","","","0",40,"36-45"
8702,1976,"2n Cycle",Together,,1,1,"08-20-2013",10,0,9,1,7,0,3,2,2,0,0,0,0,0,0,1,0,3,7," $26,907.00 ","","","0",50,"46-55"
8707,1956,Graduation,Married,,0,0,"08-22-2012",12,0,565,42,548,64,83,99,1,0,0,0,0,0,1,5,6,4,3," $79,456.00 ","","","1",70,"56+"
8717,1975,PhD,Married,,0,1,"12-09-2012",56,0,1149,71,449,69,71,26,1,0,0,0,0,0,0,11,8,8,5," $80,427.00 ","","","0",51,"46-55"
8720,1978,"2n Cycle",Together,,0,0,"12-08-2012",53,0,32,2,1607,12,4,22,0,0,0,0,1,0,0,0,0,1,0,"","","","1",48,"46-55"
8722,1957,"2n Cycle",Married,,0,0,"06-11-2012",38,0,556,54,845,202,133,63,1,1,0,1,0,0,1,7,7,10,3," $82,347.00 ","","","3",69,"56+"
8724,1982,Graduation,Single,,1,0,"06-17-2013",57,0,11,3,22,2,2,6,2,0,0,0,0,0,0,2,0,3,6," $28,567.00 ","","","0",44,"36-45"
8726,1964,"2n Cycle",Divorced,,1,1,"04-29-2014",57,0,77,8,44,10,10,25,5,0,0,0,0,0,0,3,1,4,6," $41,713.00 ","","","0",62,"56+"
8727,1978,Graduation,Divorced,,0,1,"10-14-2013",63,0,587,43,337,42,87,54,3,0,0,0,0,0,0,11,6,9,6," $63,693.00 ","","","0",48,"46-55"
8732,1969,Master,Widow,,0,1,"11-17-2012",81,0,1298,0,70,37,14,42,4,0,0,0,1,1,1,7,4,10,4," $67,369.00 ","","","3",57,"56+"
8737,1978,Graduation,Divorced,,0,1,"05-04-2014",22,0,29,1,9,2,0,2,1,0,0,0,0,0,0,2,0,3,3," $55,563.00 ","","","0",48,"46-55"
8746,1989,Graduation,Married,,1,0,"05-04-2014",28,0,800,0,297,0,34,57,2,1,0,0,1,0,0,2,5,10,6," $75,433.00 ","","","2",37,"36-45"
8749,1984,Graduation,Together,,1,0,"01-02-2014",68,0,20,2,9,4,6,20,1,0,0,0,0,0,0,1,1,2,4," $37,235.00 ","","","0",42,"36-45"
8754,1974,PhD,Together,,0,1,"05-16-2013",25,0,14,0,3,0,0,3,1,0,0,0,0,0,0,1,0,2,7," $45,068.00 ","","","0",52,"46-55"
8755,1946,Master,Married,,0,0,"02-20-2013",4,0,482,34,471,119,68,22,1,0,0,0,0,0,0,3,5,9,7," $68,657.00 ","","","0",80,"56+"
8773,1971,Master,Together,,0,1,"06-25-2013",22,0,280,0,18,0,0,24,3,0,0,0,1,0,0,5,1,6,7," $57,420.00 ","","","1",55,"46-55"
8775,1969,Graduation,Together,,1,0,"12-27-2013",74,0,39,0,56,20,8,14,3,0,0,0,0,0,0,3,1,3,7," $38,361.00 ","","","0",57,"56+"
8779,1985,"2n Cycle",Married,,1,0,"06-16-2013",13,0,56,4,76,17,1,18,4,0,0,1,0,0,1,4,1,3,9," $36,145.00 ","","","2",41,"36-45"
8780,1950,PhD,Together,,0,1,"06-13-2013",71,0,378,14,68,19,14,14,2,0,0,0,0,0,0,3,5,8,3," $59,292.00 ","","","0",76,"56+"
8783,1950,Graduation,Married,,0,1,"08-09-2012",40,0,296,13,104,11,13,17,3,0,0,0,0,0,0,4,2,9,3," $57,045.00 ","","","0",76,"56+"
8786,1956,Master,Married,,0,1,"05-26-2013",52,0,301,7,74,10,0,58,4,0,0,0,0,0,0,6,1,7,6," $62,058.00 ","","","0",70,"56+"
8789,1989,"2n Cycle",Married,,1,0,"11-01-2014",77,0,35,40,111,36,40,12,3,0,0,0,0,0,0,3,1,7,4," $59,060.00 ","","","0",37,"36-45"
8799,1984,PhD,Married,,1,0,"09-23-2013",6,0,70,6,69,2,3,3,3,0,0,0,0,0,0,3,1,4,7," $38,175.00 ","","","0",42,"36-45"
8800,1943,PhD,Divorced,,0,0,"01-02-2013",53,0,437,8,206,160,49,42,2,0,0,1,0,0,1,7,10,5,6," $48,948.00 ","","","2",83,"56+"
8805,1960,Graduation,Single,,0,1,"02-12-2012",1,0,283,10,38,0,13,27,4,0,0,0,0,0,0,7,2,4,8," $48,904.00 ","","","0",66,"56+"
8812,1979,"2n Cycle",Divorced,,1,0,"10-03-2013",45,0,12,3,8,8,0,17,2,0,0,0,0,0,0,2,0,3,7," $13,533.00 ","","","0",47,"46-55"
8825,1962,Graduation,Together,,1,1,"01-04-2013",46,0,230,14,156,82,24,58,8,0,0,0,0,0,0,9,2,5,8," $51,195.00 ","","","0",64,"56+"
8832,1976,Master,Together,,1,0,"12-09-2012",24,0,37,5,56,12,8,5,2,0,0,0,0,0,0,3,0,4,7," $37,509.00 ","","","0",50,"46-55"
8842,1971,Graduation,Widow,,1,1,"12-25-2012",33,0,15,0,12,7,3,7,3,0,0,0,0,0,0,2,0,3,7," $30,372.00 ","","","0",55,"46-55"
8852,1976,Graduation,Married,,0,1,"08-31-2012",80,0,387,126,342,0,45,180,5,0,0,0,0,0,0,8,4,11,6," $61,064.00 ","","","0",50,"46-55"
8858,1972,PhD,Married,,0,1,"07-03-2013",69,0,516,0,21,0,0,5,4,0,0,0,1,0,0,8,2,7,8," $44,325.00 ","","","1",54,"46-55"
8867,1988,PhD,Married,,0,0,"08-31-2012",90,0,864,134,768,150,38,172,1,0,0,0,0,0,0,4,10,5,3," $67,546.00 ","","","0",38,"36-45"
8870,1984,Graduation,Together,,1,0,"11-13-2012",68,0,75,12,141,43,39,187,6,0,0,0,0,0,1,6,1,5,8," $35,196.00 ","","","1",42,"36-45"
8876,1963,PhD,Together,,1,1,"08-08-2012",49,0,132,0,16,0,0,4,5,0,0,0,0,0,0,3,1,4,9," $33,629.00 ","","","0",63,"56+"
8890,1971,PhD,Divorced,,1,1,"05-30-2014",1,0,155,7,80,13,7,10,3,0,0,0,0,0,0,5,1,5,6," $65,808.00 ","","","0",55,"46-55"
8895,1985,Graduation,Single,,0,0,"05-10-2012",68,0,347,44,534,17,0,26,1,0,0,0,0,0,0,3,5,12,2," $70,596.00 ","","","0",41,"36-45"
8897,1965,Graduation,Single,,1,1,"04-24-2013",9,0,392,5,91,28,26,112,8,0,0,0,0,0,1,7,3,7,8," $42,720.00 ","","","1",61,"56+"
8908,1959,Graduation,Married,,0,0,"08-05-2014",35,0,217,76,690,50,26,38,1,0,0,0,0,0,1,3,11,5,1," $87,195.00 ","","","1",67,"56+"
8910,1955,Graduation,Together,,1,1,"10-29-2012",7,0,194,2,56,0,0,0,5,0,0,0,0,0,1,4,1,6,8," $42,586.00 ","","","1",71,"56+"
8911,1967,PhD,Married,,0,1,"08-04-2013",11,0,201,53,172,116,77,83,3,0,0,0,0,0,0,5,4,9,4," $56,320.00 ","","","0",59,"56+"
8916,1975,Graduation,Divorced,,2,0,"07-23-2013",78,0,9,1,5,0,0,1,1,0,0,0,0,0,0,0,0,3,5," $36,627.00 ","","","0",51,"46-55"
8920,1967,Master,Single,,1,0,"12-01-2013",4,0,448,40,469,80,0,91,3,0,0,0,0,0,0,11,2,12,7," $59,235.00 ","","","0",59,"56+"
8923,1973,Graduation,Single,,0,0,"04-18-2013",12,0,514,22,732,42,198,79,1,0,0,0,0,0,1,6,7,7,3," $83,917.00 ","","","1",53,"46-55"
8925,1965,Master,Married,,0,1,"03-07-2013",38,0,512,53,98,81,179,89,3,0,0,0,0,0,0,8,5,10,5," $70,053.00 ","","","0",61,"56+"
8931,1986,Graduation,Together,,1,0,"05-18-2014",82,0,812,99,431,237,149,33,1,1,0,0,0,0,0,11,4,10,5," $83,033.00 ","","","1",40,"36-45"
8932,1969,Master,Together,,0,1,"10-29-2012",57,0,960,28,183,220,70,70,4,0,0,0,0,0,0,9,6,6,6," $65,176.00 ","","","0",57,"56+"
8933,1983,"2n Cycle",Married,,1,0,"12-05-2014",16,0,26,3,23,4,7,3,2,0,0,0,0,0,0,2,0,4,6," $32,146.00 ","","","0",43,"36-45"
8939,1959,Graduation,Divorced,,0,1,"12-16-2012",49,0,382,138,65,60,26,59,6,0,0,0,0,0,0,5,2,12,5," $61,250.00 ","","","0",67,"56+"
8945,1970,Graduation,Divorced,,0,1,"08-16-2013",46,0,171,0,11,0,1,20,2,0,0,0,0,0,0,4,1,4,6," $54,137.00 ","","","0",56,"56+"
8952,1953,Master,Married,,0,1,"05-11-2012",96,0,397,46,288,20,38,70,2,0,0,0,0,0,0,6,5,10,3," $65,569.00 ","","","0",73,"56+"
8953,1965,Master,Single,,2,1,"06-05-2013",94,0,27,0,5,0,0,3,2,0,0,0,0,0,0,1,0,3,8," $35,791.00 ","","","0",61,"56+"
8955,1957,PhD,Together,,0,2,"02-16-2014",54,0,35,0,4,0,0,10,1,0,0,1,0,0,0,1,1,2,5," $40,451.00 ","","","1",69,"56+"
8957,1952,"2n Cycle",Single,,1,1,"10-06-2013",51,0,480,86,249,75,86,144,8,0,0,0,0,0,0,6,3,5,6," $64,831.00 ","","","0",74,"56+"
8962,1975,Master,Married,,1,1,"04-17-2014",18,0,26,0,8,0,0,3,2,0,0,0,0,0,0,2,0,3,5," $44,319.00 ","","","0",51,"46-55"
8969,1977,Graduation,Married,,0,1,"01-16-2013",59,0,548,31,422,0,112,28,4,0,0,0,0,0,0,5,5,11,3," $71,855.00 ","","","0",49,"46-55"
8970,1972,PhD,Married,,0,1,"10-23-2012",93,0,371,22,39,6,0,92,4,0,0,0,0,0,0,6,2,7,5," $62,010.00 ","","","0",54,"46-55"
8975,1968,Graduation,Married,,1,1,"01-26-2014",47,0,14,3,21,2,1,28,4,0,0,1,0,0,0,3,1,2,8," $19,514.00 ","","","1",58,"56+"
8977,1985,Basic,Single,,0,0,"12-01-2013",51,0,1,3,4,2,3,11,1,0,0,0,0,0,0,0,0,3,4," $16,581.00 ","","","0",41,"36-45"
8985,1964,"2n Cycle",Together,,0,1,"04-11-2012",54,0,806,80,161,120,11,33,5,0,0,0,0,0,0,10,7,10,6," $68,316.00 ","","","0",62,"56+"
8996,1957,PhD,Married,,2,1,"11-19-2012",4,0,230,42,192,49,37,53,12,0,0,0,0,0,0,7,2,8,9,"","","","0",69,"56+"
9010,1972,Master,Married,,0,0,"10-02-2013",80,0,968,147,842,137,42,210,1,1,0,1,0,1,1,5,7,10,2," $83,151.00 ","","","4",54,"46-55"
9014,1975,Graduation,Married,,1,1,"06-26-2014",65,0,39,1,16,2,0,3,4,0,0,0,0,0,0,3,0,3,8," $37,085.00 ","","","0",51,"46-55"
9029,1972,PhD,Married,,0,0,"01-26-2013",73,0,707,44,603,95,58,29,1,0,0,0,0,0,0,2,8,12,1," $70,116.00 ","","","0",54,"46-55"
9058,1955,Graduation,Widow,,0,0,"09-23-2012",65,0,1060,21,530,32,0,224,1,1,0,1,0,1,1,5,11,5,3," $79,800.00 ","","","4",71,"56+"
9064,1982,Graduation,Married,,0,0,"09-11-2012",10,0,823,25,459,124,29,95,1,0,0,0,0,1,1,6,6,7,4," $69,109.00 ","","","2",44,"36-45"
9076,1980,PhD,Married,,1,0,"05-01-2013",44,0,155,1,25,0,1,3,4,0,0,0,0,0,0,4,1,4,8," $30,732.00 ","","","0",46,"46-55"
9080,1972,PhD,Single,,1,1,"06-22-2013",2,0,38,4,22,3,3,3,3,0,0,0,0,0,0,3,0,3,8," $38,578.00 ","","","0",54,"46-55"
9081,1988,Graduation,Single,,1,0,"05-18-2014",58,0,4,1,6,4,1,9,1,0,0,0,0,0,0,1,1,2,5," $20,518.00 ","","","0",38,"36-45"
9094,1955,"2n Cycle",Married,,0,1,"03-08-2012",39,0,313,15,47,20,0,192,2,0,0,0,0,0,1,7,4,3,6," $62,972.00 ","","","1",71,"56+"
9097,1956,Graduation,Divorced,,0,1,"03-11-2013",34,0,244,8,32,7,2,50,4,0,0,0,0,0,0,3,1,8,4," $46,086.00 ","","","0",70,"56+"
9119,1950,Graduation,Together,,0,1,"05-12-2013",27,0,208,17,76,36,17,38,2,0,0,0,0,0,0,3,3,7,2," $60,905.00 ","","","0",76,"56+"
9120,1962,Graduation,Single,,0,1,"05-12-2012",80,0,747,10,161,65,40,42,4,0,0,0,0,0,0,4,2,9,8," $66,565.00 ","","","0",64,"56+"
9121,1972,Graduation,Married,,1,0,"05-20-2013",40,0,1218,16,272,104,0,80,2,1,0,0,1,1,1,5,3,6,6," $80,134.00 ","","","4",54,"46-55"
9135,1950,Graduation,Together,,1,1,"06-08-2012",92,0,13,2,21,4,0,24,2,0,0,0,0,0,0,1,1,2,8," $27,203.00 ","","","0",76,"56+"
9140,1960,"2n Cycle",Together,,1,1,"12-25-2013",89,0,51,4,24,4,7,1,2,0,0,0,0,0,0,2,0,4,6," $50,523.00 ","","","0",66,"56+"
9145,1972,Graduation,Single,,0,1,"06-04-2013",43,0,604,26,470,123,161,94,2,0,0,0,0,0,0,5,9,6,2," $72,504.00 ","","","0",54,"46-55"
9150,1963,PhD,Single,,1,1,"12-04-2014",21,0,52,0,9,0,0,1,2,0,0,0,0,0,0,1,0,4,4," $48,918.00 ","","","0",63,"56+"
9153,1964,PhD,Married,,0,1,"07-29-2013",81,0,418,61,428,80,51,10,3,0,0,0,0,0,0,7,8,10,5," $59,304.00 ","","","0",62,"56+"
9166,1968,Graduation,Married,,0,1,"09-08-2013",57,0,387,84,141,73,35,162,3,0,0,0,0,0,0,4,4,12,2," $63,967.00 ","","","0",58,"56+"
9167,1956,Graduation,Married,,0,1,"03-26-2013",72,0,465,71,250,93,35,62,3,0,0,0,0,0,0,9,2,12,6," $67,131.00 ","","","0",70,"56+"
9185,1966,PhD,Single,,0,0,"10-28-2013",38,0,452,20,514,13,30,0,3,0,0,0,0,0,1,4,6,5,3," $69,759.00 ","","","1",60,"56+"
9197,1953,Graduation,Married,,0,1,"02-24-2014",92,0,32,0,5,2,0,8,2,0,0,0,0,0,0,2,0,3,5," $39,722.00 ","","","0",73,"56+"
9204,1970,Graduation,Widow,,0,1,"12-09-2012",33,0,371,159,194,58,106,141,4,0,0,0,0,0,0,4,3,6,3," $66,731.00 ","","","0",56,"56+"
9206,1968,Graduation,Together,,0,1,"07-01-2014",36,0,491,48,231,112,105,134,2,0,0,0,0,1,0,5,7,12,1," $77,382.00 ","","","1",58,"56+"
9209,1971,Master,Together,,0,0,"10-14-2012",85,0,829,138,430,60,92,15,1,0,0,0,0,0,0,4,6,13,2," $80,573.00 ","","","0",55,"46-55"
9212,1962,Master,Married,,0,1,"02-14-2013",17,0,1205,0,235,19,14,205,6,0,0,0,0,0,0,6,3,13,7," $72,828.00 ","","","0",64,"56+"
9213,1970,Graduation,Widow,,1,0,"10-31-2012",13,0,4,1,5,2,0,3,1,0,0,0,0,0,0,1,0,2,8," $31,880.00 ","","","0",56,"56+"
9214,1991,Graduation,Married,,0,0,"08-16-2013",48,0,179,2,64,38,17,58,1,0,0,0,0,0,0,5,1,6,5," $42,691.00 ","","","0",35,"26-35"
9215,1980,PhD,Married,,1,0,"12-12-2012",19,0,378,0,101,0,0,72,5,0,0,0,0,0,0,6,4,6,7," $43,974.00 ","","","0",46,"46-55"
9216,1971,Graduation,Married,,1,1,"01-23-2014",34,0,23,2,11,3,1,4,2,0,0,0,0,0,0,2,0,3,6," $35,788.00 ","","","0",55,"46-55"
9220,1971,Graduation,Single,,0,0,"01-17-2013",58,0,576,172,961,125,115,19,1,0,0,0,0,0,1,8,6,5,3," $91,700.00 ","","","1",55,"46-55"
9224,1972,PhD,Single,,0,1,"12-12-2012",81,0,825,8,53,11,0,242,2,0,0,0,0,0,0,8,10,5,6," $55,260.00 ","","","0",54,"46-55"
9235,1957,Graduation,Single,,1,1,"05-27-2014",45,0,7,0,8,2,0,1,1,0,0,0,0,0,0,1,0,2,7,"","","","0",69,"56+"
9239,1961,Master,Married,,0,2,"07-26-2013",94,0,92,4,18,3,3,6,1,0,0,0,0,0,0,2,1,4,3," $61,923.00 ","","","0",65,"56+"
9240,1971,PhD,Single,,0,1,"07-02-2014",73,0,458,0,24,6,4,34,2,0,0,0,0,0,0,6,2,8,6," $60,504.00 ","","","0",55,"46-55"
9242,1990,Graduation,Single,,0,0,"08-17-2013",19,0,836,185,575,24,25,77,1,0,0,1,0,0,1,6,3,9,4," $64,509.00 ","","","2",36,"36-45"
9246,1985,Master,Together,,1,0,"10-14-2012",73,0,171,3,129,26,24,62,4,0,0,0,0,0,0,6,1,6,7," $40,101.00 ","","","0",41,"36-45"
9256,1971,Graduation,Single,,0,1,"04-01-2013",5,0,493,26,206,116,80,80,4,0,0,0,0,0,0,8,3,12,6," $58,350.00 ","","","0",55,"46-55"
9260,1945,PhD,Married,,0,0,"05-11-2012",20,0,1349,16,249,43,16,33,2,0,0,0,0,0,0,10,6,9,6," $70,356.00 ","","","0",81,"56+"
9262,1984,"2n Cycle",Together,,0,0,"04-07-2013",11,0,20,6,5,0,9,12,1,0,0,1,0,0,0,1,0,3,7," $32,414.00 ","","","1",42,"36-45"
9264,1986,Graduation,Married,,0,0,"04-27-2014",1,0,423,42,706,73,197,197,1,0,0,0,0,0,0,4,8,9,2," $79,529.00 ","","","0",40,"36-45"
9265,1953,Graduation,Married,,0,1,"09-01-2013",74,0,925,64,179,133,12,77,2,0,0,0,0,0,0,9,4,6,5," $75,027.00 ","","","0",73,"56+"
9274,1961,Master,Married,,0,0,"03-28-2013",44,0,525,147,112,219,147,63,1,1,0,0,0,0,0,6,7,9,2," $80,950.00 ","","","1",65,"56+"
9283,1978,Graduation,Single,,1,2,"12-09-2013",49,0,8,1,7,2,0,0,1,0,0,0,0,0,0,0,0,3,4," $60,199.00 ","","","0",48,"46-55"
9284,1958,Graduation,Together,,0,1,"08-06-2013",21,0,620,16,165,0,24,82,5,0,0,0,0,0,0,5,5,12,5," $53,977.00 ","","","0",68,"56+"
9286,1960,Master,Together,,0,0,"10-10-2012",93,0,407,28,100,120,74,18,1,0,0,0,0,0,0,5,9,4,3," $83,151.00 ","","","0",66,"56+"
9289,1979,Graduation,Married,,1,0,"10-04-2014",16,0,29,1,17,0,3,13,1,0,0,0,0,0,1,2,1,2,8," $36,781.00 ","","","1",47,"46-55"
9291,1959,Master,Married,,0,1,"03-23-2014",25,0,8,2,4,0,0,1,1,0,0,0,0,0,0,0,0,3,5," $34,242.00 ","","","0",67,"56+"
9292,1952,Graduation,Married,,0,0,"10-26-2012",74,0,324,132,693,27,118,88,1,0,0,0,0,0,0,4,11,7,2," $81,795.00 ","","","0",74,"56+"
9298,1947,PhD,Together,,0,0,"04-28-2014",89,0,1252,0,465,46,35,0,1,0,0,0,1,1,0,4,5,8,1," $81,574.00 ","","","2",79,"56+"
9303,1976,Graduation,Married,,0,1,"07-30-2013",12,0,12,4,7,1,3,5,0,0,0,0,0,0,0,1,0,0,13," $5,305.00 ","","","0",50,"46-55"
9305,1976,"2n Cycle",Single,,0,0,"12-05-2013",65,0,311,26,640,180,37,121,1,0,0,0,0,0,0,4,9,13,2," $79,689.00 ","","","0",50,"46-55"
9308,1954,Graduation,Married,,0,0,"11-05-2013",51,0,398,61,265,138,61,53,1,0,0,0,0,0,0,3,4,6,1," $62,820.00 ","","","0",72,"56+"
9316,1952,Basic,Together,,0,0,"02-11-2013",29,0,2,0,7,3,7,10,1,0,0,0,0,0,0,1,0,3,6," $13,084.00 ","","","0",74,"56+"
9323,1949,Master,Together,,0,1,"07-09-2012",5,0,520,8,223,32,49,42,4,0,0,1,0,0,1,10,5,7,8," $49,912.00 ","","","2",77,"56+"
9336,1969,PhD,Widow,,0,1,"03-22-2014",38,0,512,0,83,0,0,41,3,0,0,0,0,0,0,6,2,10,4," $62,187.00 ","","","0",57,"56+"
9347,1956,Master,Together,,0,1,"06-21-2013",49,0,31,0,7,2,0,6,1,0,0,0,0,0,0,1,0,3,5," $50,943.00 ","","","0",70,"56+"
9349,1985,Graduation,Married,,0,0,"12-19-2013",84,0,693,21,118,110,147,42,1,1,0,0,0,1,0,6,5,11,2," $92,533.00 ","","","2",41,"36-45"
9353,1959,Graduation,Single,,0,1,"06-01-2014",61,0,515,47,267,62,66,38,2,0,0,0,1,0,0,5,5,4,3," $62,450.00 ","","","1",67,"56+"
9360,1982,Graduation,Married,,0,0,"08-08-2012",41,0,86,2,73,69,38,48,1,0,0,0,0,0,0,4,2,5,8," $37,040.00 ","","","0",44,"36-45"
9362,1965,Graduation,Single,,0,1,"05-03-2014",14,0,492,5,32,13,5,21,1,0,0,0,1,0,0,9,1,7,6," $69,263.00 ","","","1",61,"56+"
9365,1976,PhD,Single,,0,1,"12-22-2012",57,0,1048,0,217,0,0,12,5,0,0,0,0,0,0,11,3,5,6," $60,000.00 ","","","0",50,"46-55"
9369,1979,"2n Cycle",Single,,0,1,"03-19-2014",19,0,688,14,309,201,24,38,1,1,0,1,0,0,1,11,10,10,5," $88,194.00 ","","","3",47,"46-55"
9370,1945,PhD,Married,,0,0,"05-17-2013",68,0,562,81,276,80,40,81,1,0,0,0,0,0,0,6,3,6,4," $65,846.00 ","","","0",81,"56+"
9381,1978,Graduation,Married,,1,1,"12-06-2013",57,0,328,9,124,12,24,109,7,0,0,0,0,0,0,4,2,10,3," $66,373.00 ","","","0",48,"46-55"
9384,1978,Graduation,Married,,1,1,"12-06-2013",57,0,328,9,124,12,24,109,7,0,0,0,0,0,0,4,2,10,3," $66,373.00 ","","","0",48,"46-55"
9386,1962,Graduation,Together,,0,1,"05-29-2014",88,0,274,0,21,4,6,15,1,0,0,0,1,0,0,5,1,6,6," $50,127.00 ","","","1",64,"56+"
9392,1971,Graduation,Single,,1,0,"08-05-2014",17,0,4,1,11,0,0,1,1,0,0,0,0,0,0,1,0,2,7," $26,954.00 ","","","0",55,"46-55"
9396,1978,PhD,Married,,1,0,"11-23-2012",31,0,9,0,6,4,1,5,1,0,0,0,0,0,0,1,0,2,9," $37,717.00 ","","","0",48,"46-55"
9400,1958,"2n Cycle",Single,,0,0,"06-21-2014",73,0,630,26,611,44,18,54,1,0,0,0,0,0,0,6,6,6,2," $85,485.00 ","","","0",68,"56+"
9405,1954,PhD,Married,,1,1,"10-15-2012",40,0,84,3,61,2,1,21,3,0,0,0,0,0,1,3,1,4,7," $52,869.00 ","","","1",72,"56+"
9422,1989,Graduation,Married,,1,0,"05-31-2013",26,0,36,2,42,20,21,10,2,0,0,0,0,0,0,2,1,4,3," $38,360.00 ","","","0",37,"36-45"
9423,1979,Master,Married,,1,0,"02-23-2014",49,0,13,3,17,7,3,3,2,0,0,0,0,0,0,2,0,4,5," $32,765.00 ","","","0",47,"46-55"
9426,1964,Master,Single,,0,1,"12-01-2013",77,0,691,0,69,10,0,130,4,0,0,0,0,0,0,2,6,3,8," $58,308.00 ","","","0",62,"56+"
9432,1977,Graduation,Together,,1,0,"02-06-2013",23,0,9,14,18,8,1,12,4,0,0,0,0,0,0,3,1,3,6," $666,666.00 ","","","0",49,"46-55"
9449,1958,PhD,Single,,0,1,"04-10-2013",32,0,415,5,124,15,35,11,1,0,0,0,0,0,0,5,2,11,3," $79,761.00 ","","","0",68,"56+"
9451,1965,Graduation,Married,,0,1,"11-25-2012",92,0,811,76,428,99,137,107,3,0,0,0,0,0,0,10,4,9,7," $73,538.00 ","","","0",61,"56+"
9460,1963,Graduation,Married,,0,0,"04-18-2013",74,0,30,3,47,19,21,42,1,0,0,0,0,0,0,3,2,2,8," $22,419.00 ","","","0",63,"56+"
9463,1959,Graduation,Together,,0,1,"11-13-2012",16,0,931,56,253,91,98,14,4,0,0,0,0,0,0,9,5,7,5," $71,706.00 ","","","0",67,"56+"
9467,1984,Graduation,Single,,1,0,"11-05-2014",51,0,3,2,10,3,0,2,1,0,0,0,0,0,0,1,0,3,6," $34,738.00 ","","","0",42,"36-45"
9477,1954,PhD,Married,,0,1,"11-01-2014",0,0,384,0,102,21,32,5,3,0,0,0,0,0,0,6,2,9,4," $65,324.00 ","","","0",72,"56+"
9478,1985,Graduation,Single,,1,0,"08-14-2012",30,0,91,64,128,65,3,50,2,0,0,0,0,0,0,4,3,6,3," $66,503.00 ","","","0",41,"36-45"
9481,1976,Graduation,Married,,1,0,"01-28-2014",80,0,9,9,11,13,10,16,4,0,0,0,0,0,0,3,1,3,8," $17,148.00 ","","","0",50,"46-55"
9483,1959,Graduation,Together,,0,1,"08-19-2013",24,1,290,59,177,77,5,29,7,0,0,0,0,0,0,4,6,8,3," $57,957.00 ","","","0",67,"56+"
9485,1986,PhD,Married,,0,0,"10-03-2014",23,0,102,9,49,24,3,12,1,0,0,0,0,0,0,2,1,6,4," $45,921.00 ","","","0",40,"36-45"
9491,1984,Graduation,Together,,1,0,"12-27-2013",68,0,14,1,21,2,3,25,3,0,0,0,0,0,0,3,1,3,7," $23,976.00 ","","","0",42,"36-45"
9493,1980,PhD,Single,,0,0,"05-05-2013",15,0,840,53,804,23,71,17,1,1,0,0,0,1,1,5,4,8,3," $76,412.00 ","","","3",46,"46-55"
9495,1982,Graduation,Together,,0,0,"08-05-2013",29,0,358,108,413,141,97,32,1,0,0,0,0,0,0,2,8,6,1," $71,853.00 ","","","0",44,"36-45"
9499,1954,Graduation,Married,,1,2,"07-05-2013",97,0,1279,15,287,20,0,15,3,0,0,0,1,1,0,3,4,7,5," $93,404.00 ","","","2",72,"56+"
9500,1959,Graduation,Married,,0,1,"01-25-2013",66,1,221,104,169,102,78,84,3,0,0,0,0,0,0,9,2,8,7," $58,113.00 ","","","0",67,"56+"
9503,1980,Graduation,Single,,0,0,"08-29-2012",65,0,39,33,130,41,26,44,2,0,0,0,0,0,0,5,1,5,8," $28,071.00 ","","","0",46,"46-55"
9504,1949,Master,Married,,0,0,"06-11-2013",4,0,179,28,520,111,123,47,1,0,0,0,0,0,1,3,8,13,1," $81,698.00 ","","","1",77,"56+"
9507,1975,Graduation,Married,,0,1,"07-04-2013",18,0,261,23,73,4,23,50,2,0,0,0,0,0,0,6,3,5,7," $40,794.00 ","","","0",51,"46-55"
9516,1971,"2n Cycle",Divorced,,0,0,"08-18-2012",90,0,620,54,239,99,98,119,2,0,1,0,1,0,1,9,7,10,7," $49,118.00 ","","","3",55,"46-55"
9523,1982,Graduation,Together,,1,0,"08-17-2013",95,0,5,0,8,2,0,0,1,0,0,0,0,0,0,0,0,3,4," $40,479.00 ","","","0",44,"36-45"
9529,1990,Graduation,Married,,0,0,"11-28-2013",8,0,559,153,503,218,13,181,1,1,0,0,0,0,1,3,9,9,2," $73,687.00 ","","","2",36,"36-45"
9530,1988,Graduation,Married,,1,0,"01-11-2012",16,0,5,3,4,4,1,0,1,0,0,0,0,0,0,1,0,2,8," $24,645.00 ","","","0",38,"36-45"
9543,1985,Graduation,Married,,1,0,"11-14-2013",74,0,3,6,5,0,2,6,1,0,0,0,0,0,0,0,0,3,7," $19,986.00 ","","","0",41,"36-45"
9553,1987,Graduation,Married,,0,0,"09-01-2013",94,0,0,2,3,4,1,5,1,0,0,0,0,0,0,0,0,3,6," $7,500.00 ","","","0",39,"36-45"
9559,1961,PhD,Married,,0,1,"01-24-2014",79,0,944,0,60,0,0,30,2,0,0,1,0,0,0,7,5,13,5," $57,072.00 ","","","1",65,"56+"
9560,1965,Graduation,Together,,0,0,"03-03-2013",18,0,856,61,570,40,25,122,1,0,0,0,0,1,1,7,6,8,3," $83,003.00 ","","","2",61,"56+"
9576,1982,PhD,Together,,1,0,"11-02-2013",60,0,86,4,56,2,4,7,3,0,0,0,0,0,0,4,0,4,9," $32,313.00 ","","","0",44,"36-45"
9579,1959,PhD,Married,,2,1,"07-07-2013",61,0,53,1,34,2,0,16,3,0,0,0,0,0,0,2,2,2,8," $33,762.00 ","","","0",67,"56+"
9589,1948,PhD,Widow,,0,0,"05-04-2014",54,0,332,194,377,149,125,57,0,0,0,0,0,0,0,4,6,7,1," $82,032.00 ","","","0",78,"56+"
9592,1983,Graduation,Together,,1,0,"06-30-2013",51,0,11,2,9,3,0,8,2,0,0,0,0,0,0,2,0,3,8," $22,010.00 ","","","0",43,"36-45"
9595,1961,Graduation,Together,,0,0,"11-01-2013",1,0,539,169,816,20,0,30,1,0,0,0,0,0,1,4,5,4,3," $64,260.00 ","","","1",65,"56+"
9596,1980,PhD,Single,,0,0,"12-23-2013",19,0,365,32,117,34,110,6,1,0,0,0,0,0,0,3,3,13,2," $65,295.00 ","","","0",46,"46-55"
9597,1969,Graduation,Married,,0,0,"10-02-2014",10,0,236,106,189,23,41,130,1,0,0,0,0,0,0,7,2,9,4," $73,448.00 ","","","0",57,"56+"
9606,1965,PhD,Married,,0,0,"08-27-2013",64,0,882,29,514,38,29,44,1,1,0,0,0,1,1,4,2,6,3," $69,969.00 ","","","3",61,"56+"
9612,1987,"2n Cycle",Single,,0,0,"07-02-2014",3,0,1,8,6,4,8,16,1,0,0,0,0,0,0,1,0,3,7," $23,830.00 ","","","0",39,"36-45"
9617,1951,Graduation,Single,,0,0,"04-16-2014",37,0,0,4,5,6,0,4,1,0,0,0,0,0,0,1,0,3,3," $15,033.00 ","","","0",75,"56+"
9624,1958,PhD,Together,,0,0,"06-13-2014",46,0,603,45,207,36,18,54,1,0,0,0,0,0,0,3,4,6,1," $65,488.00 ","","","0",68,"56+"
9635,1983,Master,Married,,0,0,"04-20-2014",13,0,66,2,40,4,3,14,1,0,0,0,0,0,0,3,1,3,6," $35,876.00 ","","","0",43,"36-45"
9645,1968,Graduation,Married,,0,0,"10-14-2012",98,0,920,138,168,36,46,30,1,0,0,0,0,0,0,9,4,10,6," $64,590.00 ","","","0",58,"56+"
9648,1967,Graduation,Single,,1,1,"03-11-2012",20,0,153,4,56,0,9,31,4,0,0,0,0,0,0,5,1,4,8," $46,904.00 ","","","0",59,"56+"
9653,1975,Graduation,Married,,0,1,"10-16-2012",16,0,27,1,14,4,1,21,2,0,0,0,0,0,0,2,0,3,8," $35,797.00 ","","","0",51,"46-55"
9665,1957,PhD,Divorced,,0,1,"04-27-2013",48,0,267,3,30,4,0,57,4,0,0,0,0,0,0,5,2,5,6," $54,237.00 ","","","0",69,"56+"
9668,1971,Graduation,Married,,1,0,"12-01-2013",14,0,4,16,20,0,17,20,3,0,0,0,0,0,0,2,0,4,8," $18,793.00 ","","","0",55,"46-55"
9671,1968,Graduation,Married,,1,1,"01-26-2014",47,0,14,3,21,2,1,28,4,0,0,1,0,0,1,3,1,2,8," $19,514.00 ","","","2",58,"56+"
9672,1970,"2n Cycle",Married,,1,1,"12-21-2013",82,0,8,3,9,19,4,22,3,0,0,0,0,0,0,1,1,3,6," $23,162.00 ","","","0",56,"56+"
9687,1975,Graduation,Single,,0,0,"05-31-2014",1,0,184,174,256,50,30,32,1,0,0,0,0,0,0,5,4,6,2," $73,170.00 ","","","0",51,"46-55"
9697,1951,Graduation,Married,,0,2,"06-03-2014",86,0,335,42,127,28,5,5,3,0,0,0,0,0,0,7,2,8,6," $53,790.00 ","","","0",75,"56+"
9699,1966,Graduation,Divorced,,0,1,"12-21-2013",12,0,357,35,271,28,28,14,3,0,0,0,0,0,0,6,2,12,5," $67,272.00 ","","","0",60,"56+"
9701,1988,Graduation,Together,,1,0,"03-19-2013",13,0,32,34,41,73,16,116,3,0,0,0,0,0,0,4,2,3,7," $41,883.00 ","","","0",38,"36-45"
9703,1970,PhD,Married,,1,1,"10-15-2012",70,0,77,2,35,0,1,69,4,0,0,1,0,0,1,3,2,2,7," $38,097.00 ","","","2",56,"56+"
9706,1974,PhD,Single,,1,0,"06-24-2013",98,0,62,1,20,4,0,7,2,0,0,0,0,0,0,2,1,3,8," $31,560.00 ","","","0",52,"46-55"
9707,1969,PhD,Married,,0,1,"11-23-2012",65,0,1103,0,45,0,0,34,3,0,1,0,1,0,0,4,2,11,8," $55,212.00 ","","","2",57,"56+"
9710,1969,PhD,Divorced,,0,1,"01-20-2013",80,0,708,7,62,0,0,15,2,0,0,0,0,0,0,11,3,7,8," $58,086.00 ","","","0",57,"56+"
9723,1960,Graduation,Married,,0,1,"10-01-2013",8,0,530,142,217,62,9,56,4,0,0,0,1,0,0,7,4,13,5," $67,716.00 ","","","1",66,"56+"
9725,1966,PhD,Together,,1,1,"05-06-2014",16,0,8,0,3,0,0,1,1,0,0,1,0,0,0,1,0,2,8," $28,764.00 ","","","1",60,"56+"
9727,1957,Graduation,Married,,0,0,"02-28-2014",13,0,4,24,11,16,1,25,1,0,0,0,0,0,0,2,0,4,6," $23,539.00 ","","","0",69,"56+"
9729,1955,Graduation,Widow,,1,1,"02-06-2013",48,0,189,10,253,56,43,64,6,0,0,0,0,0,0,8,2,7,7," $58,275.00 ","","","0",71,"56+"
9733,1978,Basic,Together,,1,0,"09-09-2012",52,0,1,4,10,29,0,36,1,0,0,1,0,0,0,1,1,2,6," $24,882.00 ","","","1",48,"46-55"
9736,1980,Graduation,Married,,1,1,"12-24-2012",51,0,53,5,19,2,13,4,3,0,0,0,0,0,0,3,0,3,8," $41,850.00 ","","","0",46,"46-55"
9738,1986,Master,Together,,1,0,"01-13-2013",43,0,65,4,16,0,4,11,1,0,0,0,0,0,0,3,0,3,8," $42,386.00 ","","","0",40,"36-45"
9739,1963,Graduation,Single,,0,1,"01-19-2013",55,0,62,0,22,3,1,26,2,0,0,0,0,0,0,2,2,2,7," $34,377.00 ","","","0",63,"56+"
9743,1955,Graduation,Married,,0,1,"11-01-2013",85,0,1449,89,161,69,35,107,2,0,0,0,0,1,0,11,8,8,6," $76,998.00 ","","","1",71,"56+"
9750,1961,PhD,Divorced,,0,1,"07-02-2013",41,0,731,60,353,78,12,73,5,0,0,0,0,0,0,10,3,5,7," $64,325.00 ","","","0",65,"56+"
9757,1972,Graduation,Together,,0,0,"04-10-2013",98,0,997,15,414,99,30,76,1,0,1,0,1,1,0,5,6,12,2," $84,906.00 ","","","3",54,"46-55"
9760,1963,PhD,Widow,,0,1,"01-25-2013",24,0,953,0,71,0,0,174,6,0,0,0,0,0,1,10,5,10,8," $52,278.00 ","","","1",63,"56+"
9771,1988,"2n Cycle",Single,,1,0,"05-10-2012",97,0,104,20,101,24,15,5,6,0,0,0,0,0,0,5,1,5,9," $23,331.00 ","","","0",38,"36-45"
9780,1971,Master,Together,,0,1,"06-25-2013",12,0,465,25,132,136,0,37,2,0,0,0,0,0,0,8,3,13,4," $71,499.00 ","","","0",55,"46-55"
9790,1957,Graduation,Single,,0,0,"11-23-2013",12,0,912,72,170,47,36,97,1,0,0,0,0,1,1,11,3,4,4," $78,499.00 ","","","2",69,"56+"
9797,1956,Graduation,Married,,0,1,"04-13-2014",38,0,228,19,130,4,11,51,2,0,0,0,0,0,0,3,3,8,2," $58,116.00 ","","","0",70,"56+"
9799,1968,PhD,Divorced,,1,1,"08-05-2013",57,0,866,21,151,28,21,86,3,0,0,0,0,0,0,2,2,12,5," $83,664.00 ","","","0",58,"56+"
9805,1953,Master,Together,,0,1,"06-20-2013",65,0,320,48,133,39,72,48,4,0,0,0,0,0,0,6,2,10,4," $56,129.00 ","","","0",73,"56+"
9817,1970,Master,Single,,0,0,"08-21-2012",71,0,853,10,143,13,10,20,2,0,0,0,0,0,0,9,4,12,8," $44,802.00 ","","","0",56,"56+"
9826,1972,PhD,Single,,0,0,"12-09-2012",96,0,899,102,838,133,102,40,1,0,0,0,0,0,1,5,6,10,2," $86,857.00 ","","","1",54,"46-55"
9829,1978,Graduation,Together,,1,0,"12-02-2014",42,0,22,4,17,12,10,13,3,0,0,0,0,0,0,2,0,4,6," $28,587.00 ","","","0",48,"46-55"
9847,1955,"2n Cycle",Married,,0,1,"03-08-2012",39,0,313,15,47,20,0,192,2,0,0,0,0,0,0,7,4,3,6," $62,972.00 ","","","0",71,"56+"
9850,1972,"2n Cycle",Married,,1,0,"11-29-2012",32,0,3,6,7,0,0,3,1,0,0,0,0,0,0,0,0,3,7," $24,884.00 ","","","0",54,"46-55"
9855,1952,PhD,Single,,0,1,"08-25-2013",25,0,899,0,101,0,0,20,1,1,0,0,0,0,0,6,6,13,4," $62,000.00 ","","","1",74,"56+"
9860,1959,Graduation,Together,,0,1,"03-15-2013",11,0,159,0,22,2,1,31,3,0,0,0,0,0,0,4,1,4,7," $44,911.00 ","","","0",67,"56+"
9862,1969,Graduation,Together,,1,0,"11-14-2013",37,0,1,6,7,11,5,3,2,0,0,0,0,0,0,2,0,3,6," $21,918.00 ","","","0",57,"56+"
9888,1969,Graduation,Together,,0,0,"06-25-2014",3,0,458,81,356,106,50,40,1,0,0,0,0,0,0,4,4,7,2," $68,695.00 ","","","0",57,"56+"
9904,1956,Graduation,Married,,0,1,"03-29-2013",50,0,336,123,274,46,123,141,5,0,0,0,0,0,0,6,5,12,3," $71,391.00 ","","","0",70,"56+"
9905,1952,Graduation,Together,,1,1,"07-13-2013",69,0,135,1,41,10,1,67,5,0,0,1,0,0,0,3,3,3,6," $34,074.00 ","","","1",74,"56+"
9907,1969,Master,Together,,0,1,"04-12-2013",80,0,742,28,152,25,9,57,2,0,0,0,0,0,0,6,8,10,4," $66,476.00 ","","","0",57,"56+"
9909,1996,"2n Cycle",Married,,0,0,"09-11-2012",24,0,3,18,14,15,22,50,3,0,0,0,0,0,1,3,1,3,9," $7,500.00 ","","","1",30,"26-35"
9916,1954,Graduation,Married,,1,1,"03-11-2012",92,1,34,1,14,0,0,5,3,0,0,0,0,0,0,2,0,3,8," $38,998.00 ","","","0",72,"56+"
9923,1972,Master,Single,,1,1,"09-18-2013",6,0,68,0,16,0,0,8,3,0,0,0,0,0,0,2,0,4,7," $46,423.00 ","","","0",54,"46-55"
9925,1981,PhD,Together,,1,0,"05-25-2013",97,0,127,1,56,0,1,31,3,0,0,1,0,0,0,4,2,3,7," $39,665.00 ","","","1",45,"36-45"
9930,1944,PhD,Single,,0,0,"05-11-2013",8,0,606,148,228,15,148,22,1,0,0,0,0,0,0,6,8,13,2," $82,716.00 ","","","0",82,"56+"
9931,1963,PhD,Married,,1,1,"06-23-2014",29,0,5,0,1,1,1,1,15,0,0,0,0,0,0,0,0,0,19," $4,023.00 ","","","0",63,"56+"
9937,1979,Graduation,Single,,0,0,"02-01-2014",75,0,187,81,149,25,43,91,1,0,0,0,0,0,0,2,2,12,1," $70,337.00 ","","","0",47,"46-55"
9938,1954,Graduation,Married,,0,0,"09-19-2013",82,0,519,17,813,27,173,51,1,0,0,0,0,1,0,4,6,6,2," $80,067.00 ","","","1",72,"56+"
9940,1958,Graduation,Together,,0,1,"12-23-2012",97,0,382,114,276,75,124,38,2,0,0,0,0,0,0,6,4,4,3," $64,961.00 ","","","0",68,"56+"
9949,1976,Graduation,Married,,0,2,"10-18-2012",36,0,598,16,141,32,41,49,3,0,0,0,0,0,0,3,3,6,8," $59,809.00 ","","","0",50,"46-55"
9952,1947,Master,Together,,0,0,"11-12-2013",53,0,368,32,639,13,43,10,1,0,0,0,0,0,0,4,7,5,1," $78,093.00 ","","","0",79,"56+"
9955,1954,Graduation,Together,,0,1,"12-02-2013",20,0,69,8,26,12,7,12,2,0,0,0,0,0,0,3,0,4,7," $39,898.00 ","","","0",72,"56+"
9958,1972,Graduation,Married,,0,1,"03-29-2014",54,0,642,14,49,0,7,57,1,0,0,0,0,0,0,9,2,9,5," $65,685.00 ","","","0",54,"46-55"
9960,1991,Basic,Single,,1,0,"04-30-2014",52,0,0,0,1,8,3,2,1,0,0,0,0,0,0,1,0,2,7," $26,868.00 ","","","0",35,"26-35"
9964,1979,Graduation,Single,,0,1,"07-08-2013",56,0,162,50,100,55,30,27,1,0,0,0,0,0,0,4,2,8,4," $61,825.00 ","","","0",47,"46-55"
9967,1974,Graduation,Divorced,,1,1,"05-30-2013",30,0,160,15,196,15,11,50,8,0,0,0,0,0,0,6,1,7,8," $53,034.00 ","","","0",52,"46-55"
9970,1977,Graduation,Together,,0,1,"10-17-2013",3,0,42,11,57,10,28,14,1,0,0,0,0,0,0,1,1,6,2," $55,375.00 ","","","0",49,"46-55"
9971,1964,PhD,Married,,0,1,"11-04-2014",22,0,397,19,69,12,0,9,1,0,0,0,0,0,0,4,4,8,2," $65,526.00 ","","","0",62,"56+"
9972,1955,PhD,Together,,1,1,"04-13-2014",25,0,38,0,2,0,0,6,1,0,1,1,0,0,0,1,0,3,7," $46,015.00 ","","","2",71,"56+"
9973,1963,Graduation,Married,,0,2,"10-17-2012",28,0,370,9,92,6,9,4,3,0,0,0,0,0,0,7,1,8,7," $50,437.00 ","","","0",63,"56+"
9974,1974,Graduation,Married,,1,0,"12-07-2013",75,0,15,6,20,4,5,20,1,0,0,0,0,0,0,3,1,2,7," $30,631.00 ","","","0",52,"46-55"
9977,1973,Graduation,Divorced,,0,1,"09-17-2013",99,0,321,11,309,33,26,34,3,0,0,0,0,0,0,9,3,5,4," $78,901.00 ","","","0",53,"46-55"
9984,1981,"2n Cycle",Married,,1,1,"03-27-2013",25,0,349,16,144,28,5,182,5,1,0,1,0,0,1,8,5,4,8," $56,337.00 ","","","3",45,"36-45"
9986,1982,Graduation,Together,,1,0,"02-22-2014",8,0,16,0,23,3,2,10,3,0,0,0,0,0,1,4,1,2,7," $19,444.00 ","","","1",44,"36-45"
9988,1976,Master,Single,,0,1,"03-03-2013",84,0,553,25,142,65,67,8,3,0,0,0,0,0,0,6,3,13,4," $70,379.00 ","","","0",50,"46-55"
9999,1965,Graduation,Together,,0,0,"09-27-2012",2,0,610,105,125,137,42,21,1,0,0,0,0,0,0,9,4,9,5," $75,276.00 ","","","0",61,"56+"
10001,1985,"2n Cycle",Together,,1,0,"01-08-2012",98,0,5,17,17,13,14,34,4,0,0,0,0,0,0,2,1,3,9," $7,500.00 ","","","0",41,"36-45"
10010,1953,PhD,Divorced,,1,1,"06-09-2012",43,0,100,2,16,2,1,31,4,0,0,0,0,0,1,3,2,2,9," $36,957.00 ","","","1",73,"56+"
10022,1973,PhD,Single,,1,1,"09-02-2014",78,0,12,0,4,0,0,0,1,0,0,0,0,0,0,1,0,2,5," $54,466.00 ","","","0",53,"46-55"
10031,1976,PhD,Married,,1,1,"10-02-2013",50,0,20,2,23,3,1,4,5,0,0,0,0,0,0,3,0,4,8," $16,927.00 ","","","0",50,"46-55"
10032,1976,Graduation,Divorced,,1,0,"01-18-2014",86,0,3,5,14,2,12,17,4,0,0,0,0,0,0,3,1,3,6," $12,571.00 ","","","0",50,"46-55"
10033,1973,"2n Cycle",Divorced,,1,0,"02-13-2014",54,0,2,3,10,11,2,10,1,0,0,0,0,0,0,1,0,3,6," $31,163.00 ","","","0",53,"46-55"
10037,1993,Graduation,Single,,0,0,"04-05-2014",66,0,375,152,335,93,91,81,1,0,0,0,0,0,0,5,4,6,2," $74,293.00 ","","","0",33,"26-35"
10057,1951,Graduation,Single,,0,0,"07-19-2013",70,0,503,27,419,90,139,153,1,0,0,0,0,0,1,5,7,9,7," $72,282.00 ","","","1",75,"56+"
10061,1950,Graduation,Married,,0,1,"05-01-2013",29,0,724,17,143,0,8,196,2,0,0,0,0,0,0,9,2,12,7," $59,462.00 ","","","0",76,"56+"
10065,1970,"2n Cycle",Married,,0,0,"03-08-2013",27,0,7,4,13,15,8,17,2,0,0,0,0,0,0,2,0,4,5," $15,315.00 ","","","0",56,"56+"
10067,1976,"2n Cycle",Together,,1,1,"10-08-2013",79,0,4,0,4,0,0,5,1,0,0,0,0,0,0,1,0,2,7," $25,176.00 ","","","0",50,"46-55"
10069,1988,Basic,Together,,1,0,"08-31-2012",43,0,2,7,5,2,15,27,1,0,0,1,0,0,0,2,0,2,9," $13,724.00 ","","","1",38,"36-45"
10084,1972,Graduation,Married,,2,0,"05-18-2014",9,0,3,2,8,20,0,17,2,0,0,0,0,0,0,2,1,2,7," $24,434.00 ","","","0",54,"46-55"
10089,1974,Graduation,Divorced,,0,0,"05-04-2013",5,0,168,148,444,32,172,148,1,1,1,0,1,1,1,6,9,13,2," $102,692.00 ","","","5",52,"46-55"
10091,1956,Graduation,Single,,0,1,"05-20-2013",78,0,520,20,367,39,81,40,2,0,0,0,0,0,0,6,3,6,5," $60,230.00 ","","","0",70,"56+"
10092,1954,Graduation,Divorced,,0,1,"02-18-2013",46,0,1073,0,250,153,14,14,4,0,0,0,0,0,0,7,10,5,5," $70,044.00 ","","","0",72,"56+"
10095,1975,PhD,Divorced,,0,0,"01-05-2013",9,0,1001,12,240,16,12,12,1,0,0,0,0,0,0,5,4,10,2," $74,165.00 ","","","0",51,"46-55"
10099,1984,Graduation,Married,,1,0,"05-10-2013",21,0,238,115,215,169,69,76,3,0,0,0,0,0,0,5,3,13,4," $55,434.00 ","","","0",42,"36-45"
10102,1966,Graduation,Widow,,0,0,"12-05-2014",19,0,395,183,565,166,141,28,1,0,0,0,0,0,0,5,11,5,3," $79,946.00 ","","","0",60,"56+"
10104,1974,Graduation,Together,,2,1,"03-11-2013",65,0,4,0,2,0,0,2,1,0,0,0,0,0,0,1,0,2,7," $33,590.00 ","","","0",52,"46-55"
10120,1955,Graduation,Together,,0,1,"10-24-2013",84,0,116,6,82,6,6,41,2,0,0,0,0,0,0,3,1,6,5," $38,946.00 ","","","0",71,"56+"
10127,1965,Graduation,Married,,0,1,"06-04-2014",21,0,301,11,61,4,7,11,1,0,0,0,0,0,0,8,2,4,7," $58,692.00 ","","","0",61,"56+"
10128,1958,Graduation,Together,,0,1,"08-06-2013",21,0,620,16,165,0,24,82,5,0,0,0,0,0,0,5,5,12,5," $53,977.00 ","","","0",68,"56+"
10129,1966,Graduation,Together,,0,0,"12-03-2014",35,0,482,147,509,104,107,107,1,0,0,0,0,1,0,3,5,12,1," $82,427.00 ","","","1",60,"56+"
10133,1970,Graduation,Single,,0,0,"12-02-2014",16,0,1302,68,731,89,114,45,0,1,0,0,1,1,1,6,7,12,2," $93,790.00 ","","","4",56,"56+"
10140,1983,PhD,Together,,0,0,"09-28-2013",27,0,1308,0,396,23,0,0,1,0,1,0,1,0,0,5,7,4,3," $70,123.00 ","","","2",43,"36-45"
10141,1960,Master,Divorced,,0,0,"10-05-2013",1,0,7,1,6,0,3,3,1,0,0,0,0,0,0,0,0,3,4," $39,228.00 ","","","0",66,"56+"
10142,1976,PhD,Divorced,,0,1,"07-03-2013",99,0,372,18,126,47,48,78,2,0,0,0,0,0,0,5,2,11,4," $66,476.00 ","","","0",50,"46-55"
10144,1976,Graduation,Together,,0,1,"10-25-2012",84,0,297,7,79,0,11,182,2,0,0,0,0,0,0,8,2,4,8," $51,369.00 ","","","0",50,"46-55"
10146,1972,PhD,Together,,1,0,"02-03-2014",17,0,25,1,13,0,0,3,1,0,0,0,0,0,0,1,0,3,7," $38,887.00 ","","","0",54,"46-55"
10150,1961,Graduation,Single,,0,0,"11-21-2013",10,0,464,28,873,29,18,37,0,1,0,0,0,0,1,7,4,7,2," $86,429.00 ","","","2",65,"56+"
10151,1960,Graduation,Divorced,,0,2,"12-09-2012",38,0,317,46,247,151,46,139,1,0,0,0,0,0,0,4,5,12,3," $62,204.00 ","","","0",66,"56+"
10156,1975,Graduation,Single,,0,1,"03-06-2013",56,0,215,63,507,231,31,190,1,0,0,0,0,0,0,8,4,7,3," $84,196.00 ","","","0",51,"46-55"
10157,1965,Graduation,Single,,0,1,"01-25-2014",78,0,89,15,89,34,42,5,1,0,0,0,0,0,0,4,1,6,4," $59,686.00 ","","","0",61,"56+"
10159,1970,Graduation,Divorced,,0,1,"03-31-2013",77,0,440,81,368,0,122,174,6,0,0,0,0,0,0,11,5,9,6," $58,710.00 ","","","0",56,"56+"
10160,1956,Master,Together,,0,1,"06-21-2013",49,0,31,0,7,2,0,6,1,0,0,0,0,0,0,1,0,3,5," $50,943.00 ","","","0",70,"56+"
10163,1984,PhD,Single,,0,0,"10-09-2013",28,0,712,50,420,65,38,38,1,0,0,0,0,0,1,8,4,7,4," $82,733.00 ","","","1",42,"36-45"
10164,1958,Graduation,Single,,0,1,"03-04-2014",75,0,1017,33,417,108,100,16,1,0,0,0,1,1,0,5,5,5,5," $94,472.00 ","","","2",68,"56+"
10172,1988,Graduation,Single,,0,0,"10-08-2012",95,0,456,19,832,75,118,38,1,0,0,0,0,0,0,4,5,11,3," $68,655.00 ","","","0",38,"36-45"
10175,1958,PhD,Divorced,,0,1,"01-08-2013",0,0,18,0,2,0,0,2,1,0,0,0,0,0,0,1,0,3,4," $32,173.00 ","","","0",68,"56+"
10176,1968,Graduation,Single,,0,1,"08-24-2012",44,0,159,0,120,0,0,137,7,0,1,0,1,0,1,4,4,8,8," $57,107.00 ","","","3",58,"56+"
10177,1954,Graduation,Divorced,,0,1,"02-14-2013",4,0,531,69,300,150,138,150,3,0,0,0,0,0,0,5,4,8,2," $72,071.00 ","","","0",72,"56+"
10196,1978,Graduation,Married,,2,0,"12-03-2014",26,0,212,123,177,15,64,23,2,0,0,0,0,0,0,8,2,8,4," $71,427.00 ","","","0",48,"46-55"
10203,1990,Graduation,Single,,1,0,"06-30-2013",77,0,11,7,9,3,1,11,1,0,0,0,0,0,0,1,0,3,7," $26,095.00 ","","","0",36,"36-45"
10207,1978,Graduation,Together,,1,0,"06-19-2013",40,0,5,1,8,0,0,1,1,0,0,0,0,0,0,1,0,2,8," $22,775.00 ","","","0",48,"46-55"
10212,1986,Master,Together,,1,0,"01-13-2013",43,0,65,4,16,0,4,11,1,0,0,0,0,0,0,3,0,3,8," $42,386.00 ","","","0",40,"36-45"
10219,1972,Graduation,Together,,1,0,"06-18-2013",40,0,6,2,15,6,6,3,1,0,0,0,0,0,0,1,0,3,8," $31,590.00 ","","","0",54,"46-55"
10232,1963,PhD,Divorced,,0,1,"05-11-2013",9,0,174,18,81,28,6,24,3,0,0,0,0,0,0,3,2,7,3," $48,799.00 ","","","0",63,"56+"
10236,1975,Master,Single,,1,0,"09-16-2013",59,0,16,3,25,6,1,13,2,0,0,0,0,0,0,2,0,3,8," $31,160.00 ","","","0",51,"46-55"
10240,1949,Graduation,Together,,0,0,"02-19-2013",10,0,997,26,269,34,13,42,1,0,0,0,1,1,1,10,4,6,4," $69,372.00 ","","","3",77,"56+"
10241,1975,"2n Cycle",Divorced,,0,0,"12-15-2013",16,0,0,0,0,6,2,6,1,0,0,0,0,0,0,1,0,2,6," $11,448.00 ","","","0",51,"46-55"
10242,1966,PhD,Together,,1,1,"09-16-2013",39,0,56,0,11,0,0,8,2,0,0,0,0,0,0,2,0,4,5," $47,472.00 ","","","0",60,"56+"
10245,1986,"2n Cycle",Single,,0,0,"10-31-2012",71,0,160,80,369,67,39,41,1,0,0,0,0,0,0,3,3,8,1," $80,910.00 ","","","0",40,"36-45"
10250,1947,Basic,Together,,0,0,"11-20-2012",49,0,1,5,3,7,4,8,1,0,0,0,0,0,0,1,0,2,7," $28,389.00 ","","","0",79,"56+"
10258,1965,Master,Single,,2,1,"06-05-2013",94,0,27,0,5,0,0,3,2,0,0,0,0,0,0,1,0,3,8," $35,791.00 ","","","0",61,"56+"
10260,1965,Master,Together,,0,1,"08-26-2013",74,0,202,5,74,11,5,14,3,0,0,0,0,0,0,6,1,5,7," $45,143.00 ","","","0",61,"56+"
10262,1980,Graduation,Married,,2,0,"10-05-2013",96,0,8,2,15,0,10,18,4,0,0,0,0,0,0,3,1,3,5," $15,072.00 ","","","0",46,"46-55"
10264,1979,Graduation,Divorced,,1,0,"10-10-2012",60,0,1,2,8,4,3,13,2,0,0,1,0,0,1,1,1,2,7," $15,287.00 ","","","2",47,"46-55"
10270,1981,"2n Cycle",Married,,1,0,"03-10-2013",8,0,11,5,22,12,5,11,2,0,0,0,0,0,0,3,0,3,7," $35,523.00 ","","","0",45,"36-45"
10277,1961,Graduation,Single,,0,1,"02-21-2013",27,0,36,0,2,0,0,4,1,0,0,0,0,0,0,1,0,3,7," $30,081.00 ","","","0",65,"56+"
10281,1970,Graduation,Divorced,,1,0,"07-02-2014",11,0,180,60,241,13,54,54,2,0,0,0,0,0,1,5,5,7,4," $64,713.00 ","","","1",56,"56+"
10286,1962,Graduation,Married,,0,0,"03-02-2014",2,0,318,8,407,150,35,8,1,0,0,0,0,0,0,2,8,13,0," $83,715.00 ","","","0",64,"56+"
10299,1969,PhD,Single,,0,0,"09-11-2012",73,0,389,91,248,64,49,41,3,0,0,0,0,0,1,6,3,13,5," $48,240.00 ","","","1",57,"56+"
10304,1959,Graduation,Married,,0,0,"12-28-2012",77,0,6,1,7,23,4,19,1,0,0,0,0,0,0,1,1,2,8," $18,690.00 ","","","0",67,"56+"
10307,1956,Graduation,Married,,0,2,"08-31-2013",91,0,369,9,87,12,14,34,3,0,0,0,0,0,0,6,2,8,5," $50,387.00 ","","","0",70,"56+"
10311,1969,Graduation,Married,,0,1,"05-10-2013",0,0,16,4,12,2,4,321,0,0,0,0,0,0,0,25,0,0,1," $4,428.00 ","","","0",57,"56+"
10313,1975,Graduation,Married,,1,1,"10-28-2012",69,0,159,4,45,6,2,38,6,0,0,0,0,0,0,5,1,4,8," $48,178.00 ","","","0",51,"46-55"
10314,1948,PhD,Married,,0,0,"12-16-2012",79,0,847,66,119,86,89,111,1,1,0,0,1,0,1,9,10,5,4," $83,837.00 ","","","3",78,"56+"
10319,1971,Graduation,Married,,0,1,"02-26-2013",56,0,1090,12,96,16,12,60,4,0,0,0,1,0,0,3,4,11,8," $66,303.00 ","","","1",55,"46-55"
10323,1952,Graduation,Married,,0,1,"10-25-2013",88,0,205,7,41,3,2,46,2,0,0,0,0,0,0,4,2,5,5," $49,413.00 ","","","0",74,"56+"
10339,1954,Master,Together,,0,1,"06-23-2013",83,0,161,0,22,0,0,24,2,0,0,0,0,0,0,4,1,4,6,"","","","0",72,"56+"
10340,1984,Graduation,Together,,1,0,"11-13-2012",68,0,75,12,141,43,39,187,6,0,0,0,0,0,0,6,1,5,8," $35,196.00 ","","","0",42,"36-45"
10341,1948,Graduation,Together,,0,0,"02-23-2014",45,0,68,28,39,16,30,41,1,0,0,0,0,0,0,2,2,5,2," $51,315.00 ","","","0",78,"56+"
10343,1991,"2n Cycle",Single,,0,0,"09-29-2012",27,0,605,91,399,0,45,205,2,0,0,0,0,0,0,3,6,8,3," $61,618.00 ","","","0",35,"26-35"
10350,1950,PhD,Married,,2,1,"09-05-2013",37,0,33,0,5,0,0,0,1,0,0,0,0,0,0,1,0,3,4," $54,432.00 ","","","0",76,"56+"
10352,1963,Graduation,Widow,,1,1,"07-09-2012",2,0,50,4,28,6,3,26,3,0,0,0,0,0,1,3,1,2,9," $34,213.00 ","","","1",63,"56+"
10356,1957,PhD,Divorced,,1,1,"09-22-2012",5,0,29,0,2,0,0,1,1,0,0,0,0,0,0,1,0,3,7," $41,437.00 ","","","0",69,"56+"
10364,1959,Graduation,Divorced,,0,0,"07-13-2013",72,0,0,0,1,2,12,5,1,0,0,0,0,0,0,1,0,2,8," $23,295.00 ","","","0",67,"56+"
10377,1958,Master,Together,,0,1,"06-06-2013",37,0,170,6,97,24,12,88,3,0,0,0,0,0,0,6,1,5,6," $46,692.00 ","","","0",68,"56+"
10379,1962,Master,Single,,0,2,"08-11-2013",87,0,327,9,122,19,14,83,5,0,0,0,0,0,0,5,2,9,6," $59,247.00 ","","","0",64,"56+"
10380,1972,Master,Married,,1,0,"09-20-2013",50,0,40,1,40,4,3,18,1,0,0,0,0,0,0,3,0,3,8," $37,787.00 ","","","0",54,"46-55"
10381,1979,Graduation,Single,,0,1,"05-07-2013",43,0,14,0,3,0,0,4,1,0,0,0,0,0,0,1,0,2,6," $47,691.00 ","","","0",47,"46-55"
10383,1966,Graduation,Divorced,,0,0,"02-04-2013",30,0,295,35,482,121,120,40,1,0,0,0,0,0,1,5,5,10,3," $70,287.00 ","","","1",60,"56+"
10390,1959,"2n Cycle",Married,,0,1,"10-02-2013",27,0,6,7,4,3,4,6,1,0,0,0,0,0,0,1,0,3,6," $26,887.00 ","","","0",67,"56+"
10394,1984,Graduation,Married,,0,0,"12-23-2013",91,0,675,144,133,94,192,241,1,1,0,1,0,1,0,4,8,5,1," $90,000.00 ","","","3",42,"36-45"
10395,1986,Basic,Single,,1,0,"08-22-2012",25,0,1,45,3,4,6,42,3,0,0,0,0,0,0,3,1,3,8," $8,940.00 ","","","0",40,"36-45"
10398,1981,"2n Cycle",Single,,1,0,"08-27-2012",82,0,1,6,2,8,2,12,1,0,0,0,0,0,0,1,0,2,7," $24,336.00 ","","","0",45,"36-45"
10401,1976,"2n Cycle",Together,,0,0,"04-09-2013",12,1,1,0,5,0,3,9,1,0,0,0,0,0,0,0,0,3,3," $26,326.00 ","","","0",50,"46-55"
10402,1967,Graduation,Married,,1,1,"02-14-2013",94,0,25,1,9,2,1,1,2,0,0,0,0,0,0,1,0,3,8," $35,441.00 ","","","0",59,"56+"
10403,1978,Graduation,Together,,1,0,"06-18-2014",43,0,2,13,6,7,5,11,3,0,0,0,0,0,0,3,0,3,7," $16,531.00 ","","","0",48,"46-55"
10413,1984,Graduation,Married,,0,0,"04-25-2014",67,0,274,83,216,151,141,224,1,0,0,0,0,0,0,4,6,12,1," $72,570.00 ","","","0",42,"36-45"
10420,1955,Master,Divorced,,0,1,"05-05-2014",56,0,95,14,64,2,9,38,1,0,0,0,0,0,0,4,2,3,7," $46,390.00 ","","","0",71,"56+"
10424,1968,Graduation,Single,,0,0,"09-12-2013",60,0,265,138,553,224,23,92,1,0,0,0,0,0,0,4,4,9,1," $75,922.00 ","","","0",58,"56+"
10430,1973,Graduation,Divorced,,1,1,"09-10-2013",22,0,1126,28,211,37,28,42,3,1,0,0,1,1,0,4,3,4,5," $89,694.00 ","","","3",53,"46-55"
10432,1974,Graduation,Divorced,,1,0,"01-30-2014",26,0,2,0,9,3,6,2,1,0,0,0,0,0,0,1,0,3,8," $19,346.00 ","","","0",52,"46-55"
10446,1957,PhD,Married,,0,0,"07-11-2012",58,0,184,23,446,30,23,23,1,1,0,0,1,1,1,5,4,7,2," $82,017.00 ","","","4",69,"56+"
10448,1956,Graduation,Single,,0,1,"10-22-2012",55,0,172,41,86,45,6,27,5,0,0,1,0,0,0,5,3,5,7," $46,998.00 ","","","1",70,"56+"
10451,1965,Graduation,Together,,1,1,"12-03-2013",6,0,9,1,3,0,4,8,1,0,0,0,0,0,0,0,0,3,6," $29,672.00 ","","","0",61,"56+"
10466,1965,Graduation,Married,,1,1,"08-22-2013",86,0,24,2,20,2,2,10,2,0,0,0,0,0,0,1,0,4,4," $44,393.00 ","","","0",61,"56+"
10469,1981,Graduation,Together,,0,0,"05-02-2014",42,0,519,71,860,93,27,53,1,0,0,0,0,0,0,6,2,9,2," $88,325.00 ","","","0",45,"36-45"
10470,1979,Master,Married,,1,0,"03-15-2013",0,0,40,2,23,0,4,23,2,0,0,0,0,0,0,2,1,3,4," $40,662.00 ","","","0",47,"46-55"
10473,1956,PhD,Widow,,0,1,"10-09-2012",38,0,158,19,288,25,0,38,1,0,0,0,1,1,1,6,4,9,7," $78,028.00 ","","","3",70,"56+"
10475,1970,Master,Together,,0,1,"01-04-2013",39,0,187,5,65,26,20,14,2,0,0,0,0,0,0,4,2,6,5,"","","","0",56,"56+"
10476,1958,Graduation,Married,,0,1,"05-13-2014",0,0,134,11,59,15,2,30,1,0,0,0,0,0,0,3,2,5,2," $67,267.00 ","","","0",68,"56+"
10477,1973,PhD,Together,,1,0,"06-08-2013",16,0,71,0,18,0,0,13,1,0,0,0,0,0,0,3,1,2,7," $39,435.00 ","","","0",53,"46-55"
10478,1950,PhD,Married,,1,1,"09-27-2012",53,0,483,0,108,0,6,36,5,0,0,0,0,0,1,11,1,6,9," $55,517.00 ","","","1",76,"56+"
10479,1975,PhD,Married,,0,0,"07-12-2012",64,0,749,40,294,121,160,147,1,0,0,0,0,0,0,3,2,5,1," $76,618.00 ","","","0",51,"46-55"
10486,1948,Graduation,Married,,0,0,"05-29-2013",54,0,476,75,162,29,151,97,1,0,0,0,0,0,0,4,4,8,2," $77,142.00 ","","","0",78,"56+"
10489,1973,Graduation,Married,,0,0,"08-19-2013",35,0,693,21,925,31,24,84,1,1,0,0,0,1,1,6,7,9,2," $92,955.00 ","","","3",53,"46-55"
10490,1969,PhD,Married,,1,1,"10-12-2012",11,0,100,64,79,65,0,109,2,0,0,0,0,0,0,6,2,4,7," $51,039.00 ","","","0",57,"56+"
10492,1959,Graduation,Together,,2,1,"06-24-2014",96,0,2,0,5,2,0,1,1,0,0,0,0,0,0,0,0,3,2," $38,285.00 ","","","0",67,"56+"
10500,1984,Graduation,Married,,1,0,"05-04-2014",96,0,19,1,20,16,14,28,2,0,0,0,0,0,0,3,0,4,5," $31,761.00 ","","","0",42,"36-45"
10505,1960,Master,Together,,0,0,"12-26-2013",86,0,741,19,154,50,9,28,1,0,0,0,0,0,0,3,4,7,2," $73,113.00 ","","","0",66,"56+"
10507,1977,"2n Cycle",Divorced,,0,1,"07-25-2013",14,0,691,7,69,0,7,23,4,0,0,0,1,0,0,2,2,7,8," $59,601.00 ","","","1",49,"46-55"
10509,1955,Master,Single,,1,1,"02-06-2014",46,0,51,0,16,0,0,4,2,0,0,0,0,0,0,3,0,3,8," $36,927.00 ","","","0",71,"56+"
10513,1992,Graduation,Together,,0,0,"01-20-2013",68,0,438,169,565,91,169,70,1,1,0,0,0,0,0,2,3,6,7," $63,207.00 ","","","1",34,"26-35"
10521,1977,Graduation,Married,,1,1,"11-09-2013",0,0,63,6,57,13,13,22,4,0,0,0,0,0,1,2,1,5,4," $54,809.00 ","","","1",49,"46-55"
10524,1963,Master,Divorced,,0,1,"06-20-2013",29,0,386,23,95,54,41,196,4,0,0,0,0,0,0,2,11,5,2," $49,476.00 ","","","0",63,"56+"
10525,1986,Graduation,Single,,1,0,"10-13-2012",40,0,10,0,8,0,0,9,1,0,0,1,0,0,1,1,0,2,9," $26,576.00 ","","","2",40,"36-45"
10530,1959,PhD,Widow,,0,0,"07-12-2013",0,0,431,82,441,80,20,102,1,0,0,0,0,0,1,3,6,6,1," $67,786.00 ","","","1",67,"56+"
10536,1971,PhD,Together,,1,0,"05-25-2014",78,0,26,0,15,2,1,2,2,0,0,0,0,0,0,3,0,3,8," $32,892.00 ","","","0",55,"46-55"
10542,1968,PhD,Married,,1,1,"05-08-2012",63,0,29,4,34,2,4,4,3,0,0,0,0,0,0,3,0,3,9," $36,778.00 ","","","0",58,"56+"
10548,1995,Graduation,Single,,0,0,"09-03-2014",30,0,283,17,372,138,106,44,1,0,0,0,0,0,0,3,8,12,1," $71,163.00 ","","","0",31,"26-35"
10552,1979,"2n Cycle",Married,,0,1,"05-20-2013",18,0,70,54,109,80,9,45,2,0,0,0,0,0,0,4,1,7,5," $54,210.00 ","","","0",47,"46-55"
10556,1959,Graduation,Married,,0,1,"05-24-2014",51,0,173,13,131,32,3,6,4,1,0,0,0,0,0,6,1,6,7," $54,984.00 ","","","1",67,"56+"
10560,1980,PhD,Single,,1,0,"06-16-2014",23,0,16,1,2,0,0,1,1,0,0,0,0,0,0,1,0,3,5," $36,802.00 ","","","0",46,"46-55"
10562,1946,Master,Married,,0,0,"09-28-2013",21,0,620,26,195,34,17,141,1,0,0,0,0,0,0,6,4,13,2," $66,835.00 ","","","0",80,"56+"
10573,1953,Graduation,Divorced,,0,0,"11-18-2013",27,0,125,16,98,134,21,27,1,0,0,1,0,0,0,6,7,4,3," $62,551.00 ","","","1",73,"56+"
10581,1977,Graduation,Married,,1,0,"10-31-2012",41,0,281,7,84,15,0,119,7,0,0,0,0,0,0,7,3,4,8," $41,124.00 ","","","0",49,"46-55"
10582,1979,Graduation,Married,,0,1,"03-07-2013",3,0,180,32,348,76,32,90,2,0,0,0,0,0,0,5,2,12,2," $72,063.00 ","","","0",47,"46-55"
10584,1976,Graduation,Married,,0,1,"02-12-2013",77,0,225,162,387,106,36,29,1,0,0,0,0,0,0,5,10,8,3," $65,665.00 ","","","0",50,"46-55"
10590,1956,PhD,Together,,0,0,"03-30-2013",91,0,794,73,573,0,29,14,1,0,0,0,0,0,0,4,8,10,2," $76,542.00 ","","","0",70,"56+"
10591,1969,Graduation,Widow,,0,1,"06-08-2012",37,0,63,10,83,7,19,19,2,0,0,0,0,0,0,4,1,4,7," $43,638.00 ","","","0",57,"56+"
10595,1990,Graduation,Married,,0,0,"08-07-2013",19,0,2,6,28,13,4,16,1,0,0,0,0,0,0,2,0,3,7," $30,093.00 ","","","0",36,"36-45"
10598,1967,Graduation,Together,,1,1,"04-15-2013",89,0,12,1,16,4,1,3,3,0,0,0,0,0,0,2,0,3,8," $27,943.00 ","","","0",59,"56+"
10602,1983,Graduation,Married,,1,0,"02-14-2013",30,0,29,12,59,19,1,36,2,0,0,0,0,0,0,3,0,4,8," $39,922.00 ","","","0",43,"36-45"
10609,1962,PhD,Married,,0,1,"12-10-2013",15,0,71,0,13,3,1,0,2,0,0,0,0,0,0,1,1,4,4," $42,769.00 ","","","0",64,"56+"
10613,1958,PhD,Together,,1,1,"02-26-2014",44,0,26,1,16,2,2,15,4,0,0,0,0,0,0,3,0,4,4," $37,334.00 ","","","0",68,"56+"
10617,1989,Master,Divorced,,0,0,"05-22-2014",34,0,8,4,10,2,2,4,2,0,0,0,0,0,0,3,0,3,5," $10,979.00 ","","","0",37,"36-45"
10619,1994,Graduation,Single,,0,0,"03-12-2012",29,0,770,29,890,250,27,24,1,0,0,0,0,1,1,7,3,7,3," $95,529.00 ","","","2",32,"26-35"
10623,1961,Master,Together,,0,1,"11-15-2013",2,0,28,0,4,0,0,0,1,0,0,0,0,0,0,1,0,3,5," $48,330.00 ","","","0",65,"56+"
10629,1973,"2n Cycle",Married,,1,0,"09-14-2012",25,0,25,3,43,17,4,17,3,0,0,0,0,0,0,3,0,3,8,"","","","0",53,"46-55"
10634,1951,Master,Married,,0,0,"04-19-2014",56,0,90,67,165,30,43,11,1,0,0,0,0,0,0,4,2,8,3," $59,412.00 ","","","0",75,"56+"
10637,1964,Graduation,Married,,1,2,"01-01-2013",77,1,24,0,27,8,30,10,2,0,0,0,0,0,0,3,0,3,7," $40,800.00 ","","","0",62,"56+"
10640,1974,Graduation,Together,,1,1,"05-09-2013",71,0,87,5,71,7,12,29,5,0,0,0,0,0,0,4,1,4,7," $44,392.00 ","","","0",52,"46-55"
10641,1978,Graduation,Single,,1,1,"12-27-2012",5,0,6,5,4,13,4,25,4,0,0,0,0,0,0,2,1,3,6," $7,500.00 ","","","0",48,"46-55"
10642,1989,Graduation,Single,,1,0,"12-30-2012",13,0,10,4,14,4,4,1,1,0,0,0,0,0,0,1,0,3,8," $30,279.00 ","","","0",37,"36-45"
10643,1987,PhD,Single,,0,0,"10-01-2013",23,0,124,83,267,85,59,35,2,0,0,0,0,0,1,5,2,11,5," $42,000.00 ","","","1",39,"36-45"
10648,1982,"2n Cycle",Together,,0,0,"09-25-2012",78,0,398,96,447,220,96,32,1,0,0,0,0,0,0,5,7,6,3," $66,664.00 ","","","0",44,"36-45"
10652,1957,Master,Together,,0,0,"10-01-2014",48,0,240,67,500,199,0,163,3,0,0,0,0,0,0,3,5,6,2," $65,487.00 ","","","0",69,"56+"
10659,1979,"2n Cycle",Together,,1,0,"07-05-2013",7,0,2,8,11,3,8,21,4,0,0,0,0,0,0,3,2,2,7," $7,500.00 ","","","0",47,"46-55"
10660,1957,Master,Married,,1,1,"12-01-2014",61,0,349,7,35,0,0,47,3,0,0,0,1,0,0,8,2,4,7," $66,726.00 ","","","1",69,"56+"
10664,1949,Master,Widow,,0,1,"07-09-2013",14,0,400,4,35,6,0,22,2,0,0,0,0,0,0,9,1,5,8," $51,529.00 ","","","0",77,"56+"
10669,1981,Graduation,Married,,0,1,"05-17-2013",8,0,277,21,64,62,21,25,2,0,0,0,0,0,0,3,2,10,3," $54,386.00 ","","","0",45,"36-45"
10673,1976,PhD,Married,,0,1,"11-17-2013",6,0,760,80,466,17,13,80,1,0,0,0,0,0,0,6,9,5,3," $68,397.00 ","","","0",50,"46-55"
10675,1956,PhD,Married,,0,1,"03-04-2013",82,0,909,11,218,0,0,23,2,0,0,0,0,0,1,9,3,5,5," $66,334.00 ","","","1",70,"56+"
10676,1982,Graduation,Married,,0,0,"02-11-2012",3,0,145,193,459,205,26,145,2,0,0,0,0,0,1,3,8,7,2," $63,211.00 ","","","1",44,"36-45"
10678,1959,Graduation,Together,,0,1,"11-28-2013",91,0,653,17,170,34,26,17,2,0,0,0,0,0,0,11,2,10,7," $71,232.00 ","","","0",67,"56+"
10680,1986,Graduation,Together,,1,0,"05-02-2014",71,0,45,0,16,2,1,6,1,0,0,0,0,0,0,3,0,3,7," $33,235.00 ","","","0",40,"36-45"
10681,1970,"2n Cycle",Married,,0,1,"01-15-2014",13,0,129,129,259,168,121,83,5,0,0,0,0,0,0,6,3,12,4," $62,466.00 ","","","0",56,"56+"
10686,1965,PhD,Together,,1,1,"12-26-2012",72,0,15,0,4,0,0,2,1,0,0,0,0,0,0,1,0,2,7," $34,230.00 ","","","0",61,"56+"
10691,1960,Master,Married,,1,1,"06-14-2013",55,0,11,0,10,0,2,20,1,0,0,0,0,0,0,1,1,2,6," $28,520.00 ","","","0",66,"56+"
10699,1985,Graduation,Married,,1,0,"06-16-2014",30,0,46,0,40,3,0,3,2,0,0,0,0,0,0,3,0,3,8," $44,322.00 ","","","0",41,"36-45"
10701,1973,Graduation,Married,,0,0,"11-09-2013",60,0,713,0,264,120,80,34,1,1,0,0,0,1,0,7,8,12,4," $65,308.00 ","","","2",53,"46-55"
10702,1984,Graduation,Single,,1,0,"03-11-2012",67,0,185,8,133,56,56,12,2,0,0,0,0,0,0,7,1,7,7," $52,413.00 ","","","0",42,"36-45"
10703,1975,Master,Single,,1,1,"08-18-2012",86,0,57,0,27,0,0,36,4,0,0,0,0,0,0,3,2,2,8," $46,098.00 ","","","0",51,"46-55"
10704,1969,Graduation,Single,,0,1,"08-21-2012",65,0,404,0,92,28,27,142,2,0,0,0,0,0,0,6,2,9,4," $54,803.00 ","","","0",57,"56+"
10708,1978,"2n Cycle",Single,,1,0,"12-28-2013",50,0,10,6,11,0,4,2,1,0,0,0,0,0,0,1,0,3,7," $36,975.00 ","","","0",48,"46-55"
10710,1979,Graduation,Married,,0,1,"08-29-2012",61,0,5,2,3,3,0,5,1,0,0,0,0,0,0,1,0,2,8," $7,500.00 ","","","0",47,"46-55"
10711,1945,Graduation,Married,,0,0,"02-10-2013",23,0,217,77,373,111,23,93,1,0,0,0,0,0,0,3,6,12,1," $69,755.00 ","","","0",81,"56+"
10722,1973,Graduation,Together,,0,1,"08-21-2013",63,0,293,8,124,11,4,106,2,0,0,1,0,0,0,6,6,3,6," $55,593.00 ","","","1",53,"46-55"
10727,1970,PhD,Married,,1,0,"11-19-2013",43,0,1181,107,199,39,30,30,2,0,0,0,0,0,0,7,3,13,8," $69,084.00 ","","","0",56,"56+"
10735,1971,Graduation,Single,,1,0,"07-31-2013",75,0,14,1,7,2,1,1,1,0,0,0,0,0,0,2,0,2,9," $22,804.00 ","","","0",55,"46-55"
10736,1971,Graduation,Single,,0,1,"12-09-2013",28,0,522,0,522,227,120,134,2,0,0,0,0,0,0,6,9,5,2," $72,258.00 ","","","0",55,"46-55"
10738,1951,Master,Single,,1,1,"08-29-2013",55,0,40,0,19,2,1,3,1,0,0,0,0,0,0,2,0,3,7," $49,389.00 ","","","0",75,"56+"
10741,1951,Master,Together,,0,1,"11-04-2013",70,0,172,12,112,8,0,15,4,0,0,0,0,0,0,6,1,5,7," $47,352.00 ","","","0",75,"56+"
10742,1983,PhD,Married,,0,0,"02-27-2013",72,0,532,21,127,26,20,20,0,0,0,0,0,1,0,4,2,5,1," $86,580.00 ","","","1",43,"36-45"
10749,1991,Graduation,Single,,0,0,"09-18-2012",62,0,73,18,66,7,12,2,15,0,0,0,0,0,0,0,1,0,19," $8,028.00 ","","","0",35,"26-35"
10755,1976,"2n Cycle",Married,,1,0,"02-09-2013",76,0,6,3,14,15,7,36,3,0,0,0,0,0,0,3,1,2,7," $23,718.00 ","","","0",50,"46-55"
10757,1967,PhD,Divorced,,1,0,"12-24-2013",36,0,4,2,5,2,0,0,1,0,0,0,0,0,0,1,0,2,6," $28,420.00 ","","","0",59,"56+"
10766,1964,PhD,Married,,0,1,"11-04-2014",22,0,397,19,69,12,0,9,1,0,0,0,0,0,0,4,4,8,2," $65,526.00 ","","","0",62,"56+"
10767,1989,PhD,Together,,0,0,"05-16-2014",40,0,760,40,480,0,40,26,1,1,0,0,0,1,0,3,5,12,1," $77,845.00 ","","","2",37,"36-45"
10770,1959,Graduation,Married,,0,0,"01-26-2014",73,0,247,161,295,210,85,47,2,0,0,0,0,0,0,4,7,13,2," $65,492.00 ","","","0",67,"56+"
10779,1983,Graduation,Single,,0,0,"04-13-2014",16,0,15,5,14,0,4,11,1,0,0,0,0,0,0,1,0,3,7," $22,148.00 ","","","0",43,"36-45"
10785,1969,Graduation,Married,,1,1,"06-19-2014",17,0,24,1,10,2,0,4,2,0,0,0,0,0,0,2,0,3,5," $44,078.00 ","","","0",57,"56+"
10789,1964,PhD,Married,,1,1,"02-23-2013",13,0,42,1,18,3,0,4,2,0,0,0,0,0,0,2,0,3,7," $45,759.00 ","","","0",62,"56+"
10790,1985,PhD,Married,,1,0,"02-19-2013",40,0,9,0,5,0,0,7,1,0,0,0,0,0,0,1,0,2,8," $18,169.00 ","","","0",41,"36-45"
10795,1973,PhD,Married,,1,0,"06-05-2014",14,0,19,3,19,3,1,3,2,0,0,0,0,0,0,2,0,3,7," $37,401.00 ","","","0",53,"46-55"
10796,1984,Master,Married,,1,0,"01-22-2014",16,0,47,1,6,0,0,12,1,0,0,0,0,0,0,1,1,3,6," $30,477.00 ","","","0",42,"36-45"
10812,1978,PhD,Married,,1,0,"01-03-2014",89,0,37,0,46,4,3,0,1,0,0,0,0,0,0,2,1,3,4," $46,377.00 ","","","0",48,"46-55"
10814,1947,Graduation,Together,,0,0,"01-16-2013",6,0,303,23,751,82,26,191,1,0,0,0,0,0,1,6,5,13,4," $70,321.00 ","","","1",79,"56+"
10821,1978,Graduation,Married,,1,1,"06-02-2013",45,0,182,4,33,0,2,42,6,0,0,0,0,0,0,4,1,5,7," $57,113.00 ","","","0",48,"46-55"
10826,1959,Graduation,Married,,0,0,"12-28-2012",77,0,6,1,7,23,4,19,1,0,0,0,0,0,0,1,1,2,8," $18,690.00 ","","","0",67,"56+"
10827,1967,PhD,Married,,1,1,"07-08-2012",49,0,88,3,21,4,1,29,4,0,0,0,0,0,0,3,0,4,9," $36,947.00 ","","","0",59,"56+"
10832,1958,Graduation,Together,,0,0,"07-18-2013",4,0,288,10,30,4,10,125,1,0,0,0,0,0,0,6,1,6,6," $46,610.00 ","","","0",68,"56+"
10833,1975,Graduation,Married,,0,1,"05-24-2014",55,0,790,19,133,12,0,19,3,0,0,0,1,0,0,8,3,13,6," $65,106.00 ","","","1",51,"46-55"
10837,1975,Graduation,Married,,1,0,"10-28-2012",47,0,2,1,18,20,11,16,1,0,0,0,0,0,1,2,0,3,6," $23,957.00 ","","","1",51,"46-55"
10839,1976,Graduation,Together,,1,1,"04-14-2014",42,0,6,5,5,8,0,5,2,0,0,0,0,0,0,1,0,3,4," $36,283.00 ","","","0",50,"46-55"
10841,1975,PhD,Together,,0,1,"12-25-2012",46,0,226,22,133,41,31,31,3,0,0,0,0,0,0,4,3,8,4," $56,559.00 ","","","0",51,"46-55"
10846,1978,Master,Married,,1,0,"05-29-2014",22,0,327,9,125,25,4,139,6,0,0,1,0,0,0,7,1,8,7," $43,783.00 ","","","1",48,"46-55"
10854,1970,PhD,Married,,1,1,"05-23-2014",90,0,29,0,14,0,0,2,2,0,0,0,0,0,0,2,0,3,7," $38,853.00 ","","","0",56,"56+"
10855,1968,Master,Single,,1,0,"01-22-2014",9,0,234,14,77,19,10,42,2,0,0,0,0,0,0,4,1,8,5," $50,014.00 ","","","0",58,"56+"
10856,1980,"2n Cycle",Single,,0,1,"02-07-2013",42,0,31,0,6,0,1,8,1,0,0,0,0,0,0,1,0,3,6," $45,889.00 ","","","0",46,"46-55"
10858,1975,Graduation,Together,,1,1,"09-09-2013",38,0,355,30,177,90,138,30,4,0,0,0,0,0,0,9,5,7,5," $76,532.00 ","","","0",51,"46-55"
10862,1960,Master,Married,,0,1,"08-17-2012",6,0,179,8,83,19,11,26,5,0,0,0,0,0,0,1,2,9,2," $30,522.00 ","","","0",66,"56+"
10868,1951,Graduation,Widow,,0,0,"06-02-2013",82,0,344,45,654,104,11,114,2,0,0,0,0,0,0,3,4,10,3," $70,792.00 ","","","0",75,"56+"
10870,1967,Graduation,Married,,0,1,"06-13-2013",46,0,709,43,182,42,118,247,2,0,0,0,0,0,0,9,3,4,5," $61,223.00 ","","","0",59,"56+"
10872,1969,PhD,Married,,0,1,"11-23-2012",65,0,1103,0,45,0,0,34,3,0,1,0,1,0,0,4,2,11,8," $55,212.00 ","","","2",57,"56+"
10882,1976,Graduation,Married,,0,1,"09-11-2012",50,0,407,53,221,58,150,26,4,0,0,0,0,0,0,4,3,6,4," $53,858.00 ","","","0",50,"46-55"
10888,1961,Graduation,Single,,0,0,"03-11-2013",46,0,273,11,178,62,83,29,2,0,0,0,0,0,0,8,4,6,6," $45,938.00 ","","","0",65,"56+"
10897,1974,Graduation,Married,,0,1,"12-08-2012",63,0,757,80,217,29,80,11,5,0,0,0,0,0,0,9,6,12,6," $67,445.00 ","","","0",52,"46-55"
10905,1955,Graduation,Together,,1,1,"10-29-2012",7,0,194,2,56,0,0,0,5,0,0,0,0,0,1,4,1,6,8," $42,586.00 ","","","1",71,"56+"
10906,1948,PhD,Together,,0,2,"08-10-2013",52,0,269,15,69,15,19,38,2,0,0,0,0,0,0,4,6,4,5," $46,681.00 ","","","0",78,"56+"
10909,1948,Graduation,Married,,0,0,"01-15-2014",9,0,992,24,694,51,19,119,0,0,0,1,0,1,0,5,10,5,1," $92,344.00 ","","","2",78,"56+"
10913,1984,Master,Single,,1,0,"05-12-2012",56,0,3,2,12,0,1,9,1,0,0,1,0,0,1,1,0,2,8," $31,385.00 ","","","2",42,"36-45"
10914,1970,Graduation,Single,,1,1,"12-10-2013",3,0,4,1,7,2,1,2,2,0,0,0,0,0,0,1,0,3,4," $24,163.00 ","","","0",56,"56+"
10925,1983,Graduation,Married,,0,0,"01-14-2014",93,0,255,31,446,40,56,175,1,0,0,0,0,0,0,3,10,11,1," $76,630.00 ","","","0",43,"36-45"
10928,1958,Graduation,Together,,0,1,"09-16-2013",28,0,315,4,62,41,31,146,2,0,0,0,0,0,0,7,1,7,5," $66,886.00 ","","","0",68,"56+"
10936,1965,Graduation,Married,,0,0,"02-13-2013",79,0,597,166,597,172,166,249,1,0,0,0,0,0,0,5,6,4,3," $72,190.00 ","","","0",61,"56+"
10949,1963,PhD,Divorced,,0,0,"12-16-2013",8,0,1092,37,592,145,37,55,1,1,0,0,0,0,1,5,5,8,3," $72,968.00 ","","","2",63,"56+"
10951,1968,Graduation,Married,,0,1,"01-25-2014",20,0,279,0,18,0,0,9,2,0,0,0,1,0,0,3,1,8,4," $45,688.00 ","","","1",58,"56+"
10955,1964,Graduation,Widow,,0,0,"07-01-2014",68,0,416,46,925,60,107,46,1,0,0,0,0,0,1,3,6,4,1," $85,620.00 ","","","1",62,"56+"
10965,1955,Graduation,Together,,0,0,"02-22-2013",72,0,983,20,389,240,50,40,1,1,0,0,0,0,0,3,5,13,6," $76,005.00 ","","","1",71,"56+"
10967,1963,Graduation,Divorced,,1,1,"06-02-2013",38,0,33,6,40,3,7,10,3,0,0,0,0,0,0,2,0,4,7," $33,378.00 ","","","0",63,"56+"
10968,1969,Graduation,Single,,0,1,"11-23-2012",0,0,266,21,300,65,8,44,4,0,0,0,0,0,0,8,8,6,6," $57,731.00 ","","","0",57,"56+"
10971,1977,Graduation,Single,,2,0,"03-09-2012",28,1,173,8,107,7,2,176,4,0,0,1,0,0,1,7,2,3,9," $37,774.00 ","","","2",49,"46-55"
10972,1949,Graduation,Widow,,0,0,"10-03-2014",52,0,625,35,169,58,17,35,1,0,0,0,1,1,0,4,3,6,1," $72,298.00 ","","","2",77,"56+"
10981,1988,Graduation,Married,,0,0,"02-02-2014",27,0,434,137,400,45,137,45,1,0,0,0,0,0,0,3,4,10,1," $84,219.00 ","","","0",38,"36-45"
10983,1952,Graduation,Together,,0,0,"01-29-2013",17,0,304,98,230,150,74,74,1,0,0,0,0,0,0,6,3,13,3," $75,278.00 ","","","0",74,"56+"
10991,1960,Master,Married,,0,0,"07-12-2012",18,0,454,194,106,31,22,43,1,0,0,0,0,0,0,5,4,4,2," $89,058.00 ","","","0",66,"56+"
10992,1967,Graduation,Together,,1,1,"08-29-2012",77,0,650,28,353,45,42,30,5,0,0,0,0,0,0,4,6,11,8," $75,702.00 ","","","0",59,"56+"
10995,1988,"2n Cycle",Married,,1,0,"12-11-2012",8,1,16,5,30,8,7,26,3,0,0,0,0,0,0,3,0,4,8," $15,716.00 ","","","0",38,"36-45"
11003,1980,"2n Cycle",Together,,1,0,"02-10-2013",10,0,2,5,7,0,18,18,2,0,0,0,0,0,0,2,0,3,7," $25,130.00 ","","","0",46,"46-55"
11004,1893,"2n Cycle",Single,,0,1,"05-17-2014",23,0,8,0,5,7,0,2,1,0,0,0,0,0,0,1,0,2,4," $60,182.00 ","","","0",133,"56+"
11007,1968,PhD,Married,,1,0,"09-05-2013",43,0,26,0,6,0,0,2,1,0,0,0,0,0,0,1,0,3,8," $29,187.00 ","","","0",58,"56+"
11010,1984,PhD,Single,,1,0,"08-30-2013",75,0,19,3,18,3,1,0,3,0,0,0,0,0,0,3,0,3,8," $16,269.00 ","","","0",42,"36-45"
11013,1987,Graduation,Together,,0,0,"03-31-2013",84,0,336,28,282,184,54,54,1,0,0,0,0,0,0,2,8,6,1," $67,605.00 ","","","0",39,"36-45"
11025,1961,Graduation,Married,,1,1,"03-02-2013",9,0,65,0,46,4,3,20,4,0,0,0,0,0,0,3,1,3,8," $36,443.00 ","","","0",65,"56+"
11030,1976,Master,Married,,1,0,"03-01-2014",90,0,9,0,3,0,0,4,1,0,0,1,0,0,0,1,0,2,6," $33,181.00 ","","","1",50,"46-55"
11031,1950,PhD,Married,,1,1,"05-21-2013",90,0,26,1,10,2,0,1,1,0,0,0,0,0,0,1,0,3,5," $48,699.00 ","","","0",76,"56+"
11039,1975,Graduation,Married,,0,1,"09-17-2013",51,0,82,33,54,71,30,41,2,0,0,0,0,0,0,5,2,4,5," $51,948.00 ","","","0",51,"46-55"
11051,1956,PhD,Together,,1,1,"10-05-2014",72,0,492,19,110,16,12,12,4,0,0,0,0,0,0,6,3,10,4," $77,376.00 ","","","0",70,"56+"
11056,1974,Graduation,Married,,0,0,"10-27-2012",18,0,546,91,410,119,0,22,1,0,0,0,0,0,0,3,4,10,1," $72,099.00 ","","","0",52,"46-55"
11071,1984,Graduation,Single,,0,0,"04-21-2013",37,0,450,133,951,173,0,216,1,0,0,0,0,0,1,3,6,6,1," $79,607.00 ","","","1",42,"36-45"
11074,1977,Graduation,Single,,0,0,"09-04-2014",94,0,494,92,391,194,11,241,1,0,0,0,0,0,0,3,4,10,0," $85,072.00 ","","","0",49,"46-55"
11075,1978,Graduation,Married,,1,1,"10-29-2013",37,0,183,2,64,7,2,12,4,0,0,0,0,0,0,3,3,5,4," $51,267.00 ","","","0",48,"46-55"
11084,1976,Master,Together,,0,1,"11-14-2013",4,0,738,0,232,13,20,50,2,0,0,0,0,0,1,3,5,7,7," $65,104.00 ","","","1",50,"46-55"
11086,1984,Basic,Single,,1,0,"01-18-2014",18,0,1,6,2,3,6,3,1,0,0,0,0,0,0,1,0,3,7," $25,707.00 ","","","0",42,"36-45"
11088,1971,PhD,Together,,0,1,"04-21-2013",83,0,1396,0,322,46,35,17,1,0,0,0,0,0,0,4,9,4,6," $78,642.00 ","","","0",55,"46-55"
11091,1953,Graduation,Together,,1,1,"05-16-2014",68,0,7,2,9,2,0,2,2,0,0,0,0,0,0,1,0,3,4," $34,587.00 ","","","0",73,"56+"
11092,1961,Graduation,Married,,1,1,"02-03-2014",78,0,12,1,21,2,2,3,2,0,0,0,0,0,0,2,0,3,7," $27,116.00 ","","","0",65,"56+"
11096,1952,"2n Cycle",Together,,0,1,"08-08-2013",50,0,99,4,32,37,54,6,2,0,0,0,0,0,0,2,1,7,2," $57,247.00 ","","","0",74,"56+"
11100,1972,Graduation,Divorced,,1,1,"11-04-2013",37,0,51,2,7,0,1,2,2,0,0,0,0,0,0,2,0,3,7," $51,813.00 ","","","0",54,"46-55"
11101,1991,Graduation,Together,,0,0,"04-15-2013",17,0,412,22,132,59,28,183,1,0,0,0,0,1,0,11,6,8,4," $89,891.00 ","","","1",35,"26-35"
11110,1973,Graduation,Single,,1,0,"04-13-2013",56,0,2,1,1,0,0,1,0,0,0,0,0,0,0,0,0,0,14," $3,502.00 ","","","0",53,"46-55"
11112,1966,Graduation,Together,,0,1,"03-12-2012",23,0,736,114,279,82,76,190,6,0,0,0,0,0,0,5,6,8,3," $70,713.00 ","","","0",60,"56+"
11114,1970,Graduation,Together,,1,0,"08-02-2013",94,0,25,4,9,6,8,32,3,0,0,0,0,0,0,2,1,3,7," $19,656.00 ","","","0",56,"56+"
11121,1981,Graduation,Married,,1,0,"10-11-2012",76,0,2,14,28,16,3,7,4,0,0,0,0,0,0,4,0,3,9," $19,419.00 ","","","0",45,"36-45"
11148,1975,Graduation,Together,,1,0,"05-19-2013",85,0,2,1,4,3,1,2,1,0,0,0,0,0,0,1,0,2,8," $22,280.00 ","","","0",51,"46-55"
11166,1961,Graduation,Married,,0,1,"02-02-2013",81,0,229,5,56,3,2,20,2,0,0,0,0,0,0,6,2,4,7," $49,678.00 ","","","0",65,"56+"
11171,1965,Master,Married,,2,1,"11-10-2013",60,0,292,3,77,10,3,26,7,0,0,0,0,0,0,6,3,5,7," $56,962.00 ","","","0",61,"56+"
11176,1970,PhD,Together,,0,1,"12-05-2014",12,0,376,9,83,19,4,4,2,0,0,0,0,0,0,5,4,7,3," $65,968.00 ","","","0",56,"56+"
11178,1972,Master,Single,,1,0,"03-23-2014",69,0,15,2,10,0,1,4,1,0,0,0,0,0,0,1,0,3,7," $42,394.00 ","","","0",54,"46-55"
11181,1949,PhD,Married,,0,0,"08-29-2013",85,0,2,1,2,1,1,1,0,0,0,0,0,0,0,0,0,0,0," $156,924.00 ","","","0",77,"56+"
11187,1978,Basic,Single,,1,0,"05-20-2013",23,0,2,8,10,12,14,23,3,0,0,0,0,0,0,2,1,3,5," $26,487.00 ","","","0",48,"46-55"
11188,1957,Graduation,Together,,1,1,"02-25-2014",84,0,15,10,19,8,17,20,3,0,0,0,0,0,0,2,1,3,5," $26,091.00 ","","","0",69,"56+"
11191,1986,Graduation,Divorced,,0,0,"07-12-2013",11,0,37,32,38,11,3,18,1,0,0,0,0,0,0,2,1,4,6," $41,411.00 ","","","0",40,"36-45"
